date,XIMP1001,XIMP1002,XIMP1003,XIMP1004,XIMP1005,XIMP1006,XIMP1007,XIMP1008,XIMP1009,XIMP1010,XIMP1000,FREV1101,FREV1102,FREV1201,FREV1202,FREV1301,FREV1302,FREV1401,FREV1402,FREV1501,FREV1502,FREV1601,FREV1602,FREV1701,FREV1702,FREV1801,FREV1001,FREV1002,FREV1003,FREV2001,FREV2002,FREV1901,FREV1902,FDEF0000,FREV1000,FEXP0000,FREV0000,FVAT0000,FARR0000,FBAN0000,FBIS0000,GCRE0000,GCRE0001,GCRE0002,MCUR0001,MCUR0002,MCUR0003,MRES0000,MLOA0000,RCON0000,RCON0001,RCON0002,EGEN0000,ESOLD001,ESOLD002,ESOLD003,ESOLD000,EOIL0001,EOIL0000,GCUR0000,RARR1001,RARR1002,RARR1003,RARR1004,RARR1005,RARR1006,RARR1007,RARR1008,RARR1009,RARR1010,RARR1011,RARR1012,RARR1013,RARR1014,RARR1015,RARR1016,RARR1017,RARR1018,RARR1019,RARR1020,RARR1021,RARR1022,RARR1023,RARR1024,RARR1025,RARR1026,RARR1027,RARR1028,RARR1029,RARR1030,RARR1031,RARR1032,RARR1033,RARR1034,RARR2001,RARR2002,RARR2003,RARR2004,RARR2005,RARR2006,RARR2007,RARR2008,RARR2009,RARR2010,RARR2011,RARR2012,RARR2013,RARR2014,RARR2015,RARR2016,RARR2017,RARR2018,RARR2019,RARR2020,RARR2021,RARR2022,RARR2023,RARR2024,RARR2025,RARR2026,RARR2027,RARR2028,RARR2029,RARR2030,RARR2031,RARR2032,RARR2033,RARR2034,RARR3001,RARR3002,RARR3003,RARR3004,RARR3005,RARR3006,RARR3007,RARR3008,RARR3009,RARR3010,RARR3011,RARR3012,RARR3013,RARR3014,RARR3015,RARR3016,RARR3017,RARR3018,RARR3019,RARR3020,RARR3021,RARR3022,RARR3023,RARR3024,RARR3025,RARR3026,RARR3027,RARR3028,RARR3029,RARR3030,RARR3031,RARR3032,RARR3033,RARR3034,RARR0001,RARR0002,RARR0003,RARR0004,RARR0005,RARR0006,RARR0007,RARR0008,RARR0009,RARR0010,RARR0011,RARR0012,RARR0013,RARR0014,RARR0015,RARR0016,RARR0017,RARR0018,RARR0019,RARR0020,RARR0021,RARR0022,RARR0023,RARR0024,RARR0025,RARR0026,RARR0027,RARR0028,RARR0029,RARR0030,RARR0031,RARR0032,RARR0033,RARR0034,RARR0000,RARR1000,RARR2000,RARR3000,UBMB0000,MCPI0000,EBRE0000,XSP50000,XDJI0000,XNAS0000,RGDP0000,XEXP0010,XEXP0020,XEXP0030,XEXP0040,XEXP0000,XIMP0010,XIMP0020,XIMP0030,XIMP0040,XIMP0000,GPRI0000,GPRI0001,UGTR0001,UGTR0010,UGTR0011,UGTR0012,UGTR0101,UGTR0017,UGTR0018,UGTR0019,UGTR0020,UGTR0021,UGTR0022,UGTR0002,UGTR0023,UGTR0024,UGTR0025,UGTR0026,UGTR0027,UGTR0102,UGTR0030,UGTR0031,UGTR0032,UGTR0033,UGTR0003,UGTR0034,UGTR0103,UGTR0036,UGTR0038,UGTR0039,UGTR0041,UGTR0042,UGTR0044,UGTR0045,UGTR0046,UGTR0004,UGTR0047,UGTR0048,UGTR0051,UGTR0052,UGTR0053,UGTR0054,UGTR0055,UGTR0056,UGTR0057,UGTR0059,UGTR0005,UGTR0060,UGTR0061,UGTR0062,UGTR0063,UGTR0064,UGTR0065,UGTR0067,UGTR0068,UGTR0069,UGTR0070,UGTR0006,UGTR0071,UGTR0072,UGTR0073,UGTR0075,UGTR0077,UGTR0079,UGTR0082,UGTR0083,UGTR0084,UGTR0085,UGTR0007,UGTR0086,UGTR0087,UGTR0089,UGTR0090,UGTR0091,UGTR0093,UGTR0095,UGTR0097,UGTR0098,UGTR0099,UGTR0008,UGTR0100,UGTR0104,UGTR0009,UGTR0000,UGTR1000,UGTR1001,UNTL3103,UNTL3104,UNTL3105,UNTL3106,UNTL3107,UNTL3108,UNTL3109,UNTL3110,UNTL3303,UNTL3304,UNTL3305,UNTL3306,UNTL3307,UNTL3308,UNTL3309,UNTL3310,UNTL3100,UNTL3101,UNTL3300,UNTL3301,UNTL9103,UNTL9104,UNTL9105,UNTL9106,UNTL9107,UNTL9108,UNTL9109,UNTL9110,UNTL9303,UNTL9304,UNTL9305,UNTL9306,UNTL9307,UNTL9308,UNTL9309,UNTL9310,UNTL9100,UNTL9101,UNTL9300,UNTL9301
2015-01-01,,,,,,,,,,,,57852766.0,18953266.0,81427869.0,34471679.0,32879572.0,40698443.0,894272.0,13264624.0,288170.0,1493970.0,11784773.0,10484392.0,78909.0,12949480.0,960.0,48054895.0,8607717.0,-1752697.0,,33372974.0,9717028.0,6086.0,-26916512.0,141973850.0,180515428.0,153598916.0,10024200.0,,,,2077.0,6358.3,483.6,1980675.0,6158056.0,6380107.0,794455.0,12.05,,,,,,,,,,,,0.0,,0.0,3628.0,7.0,728.0,37.0,160.0,84.0,345.0,220.0,195.0,0.0,0.0,1130.0,,0.0,279.0,31.0,123.0,2334.0,0.0,58.0,,3838.0,12576.0,0.0,60.0,0.0,20.0,74.0,,74361.0,1415.0,0.0,,123.0,157.0,37.0,12.0,0.0,7.0,0.0,38.0,148.0,66.0,0.0,0.0,1482.0,,1727.0,225.0,0.0,0.0,19.0,0.0,3.0,,48.0,1166.0,52.0,617.0,0.0,37.0,0.0,,762.0,9.0,43839.0,,0.0,0.0,0.0,0.0,0.0,0.0,0.0,0.0,0.0,0.0,21902.0,21439.0,0.0,,4082.0,0.0,0.0,0.0,0.0,39681.0,0.0,,0.0,53687.0,0.0,0.0,50458.0,0.0,0.0,,226940.0,0.0,43839.0,,123.0,3785.0,44.0,740.0,37.0,167.0,84.0,383.0,368.0,261.0,21902.0,21439.0,2612.0,,5809.0,504.0,31.0,123.0,2353.0,39681.0,61.0,,3886.0,67429.0,52.0,677.0,50458.0,57.0,74.0,,302063.0,1424.0,570466.0,101703.0,462028.0,6735.0,9775.419815331696,96.31062465,47.7595,,,4673.7015,,,,186.81107470113002,32.857966,219.66904070113003,4.2194,21.1988,221.07074031856,170.516367,391.58710731856,5963060.0,147635856.0,44.0,0.0,0.0,0.0,0.0,39.0,0.0,14.0,52.0,55.0,55.0,78.0,84.0,44.0,26.0,13.0,47.0,0.0,32.0,32.0,0.0,18.0,64.0,29.0,0.0,0.0,57.0,34.0,0.0,24.0,31.0,45.0,12.0,34.0,0.0,11.0,68.0,28.0,65.0,29.0,30.0,21.0,29.0,0.0,88.0,10.0,23.0,20.0,8.0,25.0,8.0,48.0,68.0,79.0,14.0,32.0,0.0,26.0,26.0,34.0,19.0,20.0,63.0,27.0,0.0,0.0,60.0,70.0,54.0,47.0,32.0,0.0,29.0,20.0,36.0,23.0,0.0,0.0,57.0,13.0,37.0,53.0,30.173076923076923,29.426829268292682,93.14852565324655,220.92306547215625,91.7345965000121,159.95683524892732,652.0396795727258,1988.307589249406,18163.450107002398,2559.309363982837,96.97923886368322,1038.027840442113,1537.033399098568,2687.153199563186,9226.8775835467,10956.877113929191,338524.70466752007,43659.29741946104,5840.776684951841,141.44075571858556,100591.93919611425,1743.4957447187583,96.36704910434449,224.3506681802224,89.98203680086839,165.46338578652066,674.5693437304114,2019.1560136220016,17816.443286571943,2647.4141725843306,101.13234997479435,1121.954709557993,1527.5289520130186,2638.6135953965186,9255.949361324478,11427.284838922078,337465.96709161473,42882.663752794375,5789.3957041271715,144.040784967989,100257.96626116392,1744.1292128361047
2015-02-01,,,,,,,,,,,,53164807.0,9139762.0,95420972.0,27047330.0,10545564.0,35453210.0,917606.0,15437613.0,1901352.0,2501339.0,11223154.0,8898940.0,175697.0,2970840.0,960.0,72098980.0,5584575.0,2456302.0,,23321992.0,11382521.0,4904.0,20364629.0,140931550.0,136933542.0,157298171.0,26363541.0,,,,2019.0,6358.6,476.8,2034980.0,6193219.0,6444401.0,819885.0,12.07,,,,,,,,,,,,0.0,,0.0,4921.0,5.0,976.0,7.0,245.0,162.0,243.0,260.0,263.0,0.0,0.0,1354.0,,0.0,423.0,45.0,313.0,2863.0,0.0,76.0,,4621.0,13627.0,0.0,64.0,0.0,3.0,49.0,,84616.0,1564.0,0.0,,87.0,33.0,54.0,18.0,24.0,13.0,0.0,28.0,220.0,64.0,0.0,0.0,975.0,,1100.0,262.0,0.0,0.0,3.0,0.0,10.0,,51.0,5842.0,55.0,644.0,0.0,70.0,5.0,,438.0,4.0,32592.0,,0.0,0.0,0.0,0.0,0.0,0.0,0.0,0.0,0.0,0.0,13842.0,29497.0,0.0,,1893.0,0.0,0.0,0.0,0.0,28519.0,0.0,,0.0,49113.0,0.0,0.0,46608.0,0.0,0.0,,221428.0,0.0,32592.0,,87.0,4954.0,59.0,994.0,31.0,258.0,162.0,271.0,480.0,327.0,13842.0,29497.0,2329.0,,2993.0,685.0,45.0,313.0,2866.0,28519.0,86.0,,4672.0,68582.0,55.0,708.0,46608.0,73.0,54.0,,306482.0,1568.0,550192.0,116700.0,423492.0,10000.0,9677.24039414525,96.14078128,58.0955,,,4854.255789473685,,,,39.3785666791579,35.688068,75.0666346791579,4.9814,3.0658,94.62612015363158,155.304089,249.93020915363158,30910193.0,126387978.0,40.0,0.0,26.0,0.0,0.0,0.0,0.0,22.0,56.0,51.0,52.0,79.0,73.0,42.0,28.0,13.0,41.0,0.0,19.0,28.0,0.0,0.0,55.0,17.0,0.0,0.0,56.0,29.0,0.0,25.0,24.0,45.0,10.0,30.0,0.0,16.0,65.0,28.0,52.0,31.0,18.0,23.0,37.0,0.0,85.0,11.0,27.0,20.0,9.0,25.0,8.0,44.0,63.0,75.0,9.0,36.0,25.0,0.0,35.0,26.0,20.0,24.0,0.0,33.0,0.0,29.0,59.0,68.0,61.0,45.0,32.0,0.0,24.0,15.0,36.0,39.0,0.0,0.0,0.0,12.0,34.0,47.0,28.846153846153847,26.914634146341463,104.39457219701654,206.28293626069015,90.74969869942154,185.49764475822622,730.762005379116,1856.5464263462113,17968.44034248547,2967.9623161316194,100.0451912446356,1220.1175976105546,1542.7543000760877,2623.2012611223176,9248.339250213367,12120.794766695115,341177.09157866915,42256.15427500711,5880.9277725856045,146.7312129788386,101200.59496764618,1758.018140464731,95.65885051243315,222.1471453009063,91.28299952759842,169.85724397424917,669.611953587032,1999.3243077081563,18074.033906464487,2717.7159035879868,99.37157219701656,1154.4891416567584,1547.0198153624629,2650.0995916890797,9243.623916880033,11720.094727810969,341293.49869068805,42971.46166112534,5865.171517836916,144.73655982879677,101307.1697491261,1758.0428356520442
2015-03-01,,,,,,,,,,,,54206430.0,4991134.0,118710595.0,39036378.0,22376194.0,43204794.0,171323.0,8801790.0,135574.0,1507370.0,14138921.0,9637407.0,71215.0,3682310.0,1430.0,70287045.0,20598993.0,7489172.0,17644415.0,30779135.0,11039900.0,8245.0,21141715.0,167077846.0,169514976.0,190656691.0,38483256.0,,25297.0,,2017.7,6328.8,494.5,2054463.0,6180273.0,6451439.0,829106.0,11.7,308.0,105.0,109.0,405007.0,,,,397069.0,670.0,1008.0,-444.1,0.0,,0.0,8155.0,19.0,2048.0,44.0,393.0,185.0,427.0,400.0,393.0,0.0,0.0,1932.0,,0.0,513.0,111.0,509.0,4454.0,0.0,180.0,,5871.0,16660.0,0.0,71.0,0.0,9.0,82.0,,113547.0,1556.0,0.0,,123.0,23.0,137.0,38.0,87.0,6.0,0.0,23.0,340.0,74.0,0.0,0.0,2982.0,,2635.0,618.0,0.0,0.0,0.0,0.0,5.0,,193.0,10563.0,238.0,1263.0,0.0,85.0,0.0,,1420.0,29.0,37519.0,,0.0,0.0,0.0,0.0,0.0,0.0,0.0,0.0,0.0,0.0,27404.0,40419.0,0.0,,4191.0,0.0,0.0,0.0,0.0,32755.0,0.0,,0.0,68729.0,0.0,0.0,44741.0,0.0,0.0,,217345.0,0.0,37519.0,,123.0,8178.0,156.0,2086.0,131.0,399.0,185.0,450.0,740.0,467.0,27404.0,40419.0,4914.0,,6826.0,1131.0,111.0,509.0,4454.0,32755.0,185.0,,6064.0,95952.0,238.0,1334.0,44741.0,94.0,82.0,,332312.0,1585.0,651544.0,157559.0,473103.0,20882.0,9657.769107609987,96.20683148,55.88545454545454,,,4938.010454545454,2978.5,,,47.598435357199996,39.028,86.6264353572,5.8937,4.4874,161.8454009956,291.0134,452.85880099559995,43517909.0,147138782.0,36.0,0.0,14.0,0.0,0.0,42.0,0.0,0.0,63.0,51.0,50.0,72.0,61.0,42.0,26.0,13.0,41.0,0.0,19.0,29.0,0.0,0.0,49.0,40.0,0.0,0.0,57.0,27.0,0.0,27.0,23.0,34.0,12.0,27.0,0.0,17.0,62.0,30.0,59.0,43.0,22.0,23.0,33.0,0.0,80.0,11.0,24.0,18.0,8.0,26.0,7.0,47.0,68.0,80.0,21.0,33.0,30.0,46.0,51.0,33.0,18.0,23.0,0.0,34.0,0.0,24.0,73.0,70.0,70.0,47.0,44.0,0.0,40.0,14.0,40.0,31.0,0.0,0.0,28.0,12.0,34.0,43.0,30.923076923076923,28.926829268292682,94.28504838749275,262.45534838721994,89.54943171776907,185.7057506385313,659.9953387124492,2362.09813548498,17730.787480118277,2971.292010216501,94.72947695892132,879.1921548387644,1535.345065018521,2738.7662199260853,9211.129250213364,9432.377911149042,338665.3046814209,44295.14968056741,5931.043241133052,157.99889478275327,100400.99038083767,1710.698821015205,97.08715985702972,230.5488451017505,90.76508603966872,176.54067441773984,679.6101189992081,2074.9396059157543,17971.48703585441,2824.6507906838374,97.32731822876259,1037.042364436532,1544.0376831632302,2694.8473171483074,9229.314139102255,10789.711109295611,340481.42110642325,43592.447236122964,5887.671887863303,148.7354413540472,101023.22339773602,1740.3653318809315
2015-04-01,,,,,,,,,,,,53893923.0,5013705.0,141309751.0,37243319.0,17353709.0,39060980.0,229886.0,20803556.0,142064.0,1489387.0,11320153.0,10135428.0,20372.0,10344448.0,1260.0,102018379.0,25819047.0,12056237.0,,39291372.0,12560429.0,6915.0,22227723.0,185614322.0,188295923.0,210523646.0,69055430.0,,,,1976.7,6304.9,497.5,2112954.0,6250911.0,6475285.0,937835.0,12.17,,,,,,,,,,,,0.0,,0.0,7519.0,54.0,1638.0,64.0,292.0,202.0,333.0,448.0,458.0,0.0,0.0,1896.0,,0.0,608.0,60.0,323.0,3520.0,0.0,122.0,,4341.0,14698.0,0.0,41.0,0.0,9.0,59.0,,96964.0,1658.0,0.0,,125.0,154.0,193.0,26.0,144.0,6.0,0.0,11.0,375.0,68.0,0.0,0.0,3211.0,,1742.0,999.0,7.0,0.0,0.0,0.0,10.0,,180.0,8594.0,367.0,1724.0,0.0,102.0,0.0,,938.0,47.0,41912.0,,0.0,0.0,0.0,0.0,0.0,0.0,0.0,0.0,0.0,0.0,33275.0,28025.0,0.0,,2927.0,0.0,0.0,0.0,0.0,27758.0,0.0,,0.0,74393.0,0.0,0.0,23923.0,0.0,0.0,,172936.0,0.0,41912.0,,125.0,7673.0,247.0,1664.0,208.0,298.0,202.0,344.0,823.0,526.0,33275.0,28025.0,5107.0,,4669.0,1607.0,67.0,323.0,3520.0,27758.0,132.0,,4521.0,97685.0,367.0,1765.0,23923.0,111.0,59.0,,270838.0,1705.0,559479.0,135307.0,405149.0,19023.0,10436.615859508514,96.13134554,59.52428571428571,,,4985.951428571429,,,,65.11705590679546,80.179973,145.29702890679545,4.6841,1.4968,88.02060347943181,203.641182,291.6617854794318,39581432.0,170942214.0,34.0,0.0,17.0,0.0,0.0,23.0,32.0,14.0,54.0,58.0,50.0,66.0,67.0,44.0,31.0,9.0,47.0,0.0,26.0,36.0,0.0,10.0,43.0,31.0,0.0,0.0,59.0,25.0,0.0,25.0,32.0,44.0,0.0,26.0,0.0,28.0,59.0,32.0,67.0,44.0,26.0,26.0,36.0,0.0,69.0,9.0,29.0,24.0,9.0,35.0,7.0,52.0,83.0,98.0,21.0,33.0,40.0,36.0,59.0,26.0,19.0,21.0,0.0,29.0,0.0,28.0,55.0,70.0,73.0,47.0,45.0,0.0,47.0,18.0,40.0,37.0,0.0,0.0,0.0,11.0,41.0,37.0,32.07692307692308,30.109756097560975,96.25328755800845,267.3109039427755,95.72872621651909,196.1991372312829,673.7730129060593,2405.7981354849794,18954.287790870778,3139.1861957005262,96.33376267320703,1338.70098608128,1414.3213231264867,2588.8975542002863,9222.359250213367,13093.067230581633,317361.98869259836,42277.16315835467,6293.261283740586,163.8730137371465,95488.644582937,1754.3565412143723,98.6792233490932,246.09397013158144,92.05427262505204,189.03267399205228,690.7545634436525,2214.845731184233,18226.745979760304,3024.5227838728365,97.10420711765148,1145.7607092792173,1500.7494690127664,2655.038560360674,9227.752361324476,11578.220148179758,332986.77240459825,43018.82581575418,6039.217264565256,156.46503502444475,99202.89268246417,1743.7868079877026
2015-05-01,,,,,,,,,,,,59133255.0,4333449.0,99413825.0,37039309.0,23941898.0,32531566.0,473955.0,16967276.0,189495.0,996259.0,12223884.0,10391336.0,39960.0,6884047.0,1510.0,72987588.0,14814030.0,953164.0,41655.0,26384582.0,10388563.0,200.0,-28780037.0,136752795.0,179749209.0,150969172.0,38087046.0,,,,2009.4,6300.1,492.6,2127695.0,6265411.0,6485117.0,937863.0,12.29,,,,,,,,,,,,0.0,,0.0,8007.0,66.0,1896.0,69.0,282.0,165.0,325.0,380.0,498.0,0.0,0.0,1993.0,,0.0,602.0,124.0,290.0,3221.0,0.0,133.0,,4218.0,12472.0,0.0,61.0,0.0,9.0,72.0,,81224.0,1464.0,0.0,,143.0,264.0,410.0,49.0,416.0,0.0,0.0,16.0,333.0,84.0,0.0,0.0,5472.0,,2350.0,1093.0,5.0,0.0,17.0,0.0,10.0,,130.0,7308.0,591.0,2324.0,0.0,110.0,9.0,,913.0,27.0,21341.0,,0.0,0.0,0.0,0.0,0.0,0.0,0.0,0.0,0.0,0.0,13312.0,25553.0,0.0,,3858.0,0.0,0.0,0.0,0.0,0.0,0.0,,0.0,57674.0,0.0,0.0,29288.0,0.0,0.0,,178704.0,0.0,21341.0,,143.0,8271.0,476.0,1945.0,485.0,282.0,165.0,341.0,713.0,582.0,13312.0,25553.0,7465.0,,6208.0,1695.0,129.0,290.0,3238.0,0.0,143.0,,4348.0,77454.0,591.0,2385.0,29288.0,119.0,81.0,,260841.0,1491.0,469375.0,117571.0,329730.0,22074.0,10381.714964449406,96.15021702,64.075,,,5029.431500000001,,,,23.894816763989997,24.907353,48.802169763989994,2.638,3.0912,46.57886720751,193.250093,239.82896020751,-4838139.0,155807311.0,37.0,0.0,0.0,0.0,0.0,25.0,0.0,14.0,53.0,69.0,52.0,66.0,67.0,41.0,27.0,12.0,32.0,0.0,28.0,33.0,28.0,9.0,41.0,27.0,0.0,36.0,57.0,23.0,0.0,24.0,58.0,39.0,15.0,26.0,0.0,44.0,67.0,32.0,62.0,35.0,28.0,29.0,38.0,0.0,69.0,11.0,31.0,26.0,9.0,35.0,10.0,56.0,75.0,86.0,34.0,30.0,72.0,53.0,84.0,41.0,15.0,15.0,45.0,0.0,0.0,24.0,56.0,75.0,57.0,41.0,34.0,0.0,20.0,15.0,37.0,31.0,0.0,0.0,0.0,12.0,35.0,38.0,33.38461538461539,31.048780487804876,105.56281136753226,274.43441827965887,95.20457973828901,212.7658621640439,738.9396795727259,2469.90976451693,18850.50678818122,3404.2537946247026,93.76038172082609,971.2834881720977,1517.945449351098,2792.066313911302,9204.3455835467,10261.199911149042,337689.6096203714,45242.929216680895,6365.9025067238945,171.99191788738102,100599.521082937,1747.0564975823922,98.46228719958259,268.53705673049694,93.57864596507764,199.18527423843597,689.2360103970781,2416.8335105744727,18528.57190108537,3186.9643878149755,94.72076267320703,1070.9644009160174,1492.3298939177307,2711.515341845891,9211.068250213366,10968.372061144302,331826.2460416479,44017.43235186766,6205.401452467975,164.94081603339828,99005.77967621831,1740.3886382991595
2015-06-01,,,,,,,,,,,,49928281.0,14478015.0,108092248.0,48670477.0,13891624.0,52626839.0,113329.0,43617166.0,641930.0,21632475.0,22276457.0,14203413.0,213997.0,22020103.0,61118.0,92696613.0,25001578.0,-42102934.0,,15395635.0,84782105.0,4809.0,-125345498.0,175310431.0,302756677.0,177411179.0,36666751.0,,37152.0,,2007.6,6308.0,493.3,2109869.0,6244271.0,6470021.0,953146.0,12.6,366.0,85.0,141.0,482299.0,,,,473245.0,643.0,980.0,-299.3,0.0,,0.0,9211.0,58.0,2312.0,42.0,341.0,115.0,327.0,440.0,537.0,0.0,0.0,2055.0,,0.0,399.0,37.0,386.0,3613.0,0.0,67.0,,3913.0,15111.0,0.0,60.0,0.0,7.0,38.0,,91677.0,1392.0,0.0,,316.0,208.0,734.0,45.0,836.0,4.0,0.0,8.0,310.0,134.0,0.0,0.0,6590.0,,2744.0,1099.0,0.0,0.0,104.0,0.0,42.0,,59.0,10342.0,659.0,3841.0,0.0,56.0,0.0,,722.0,42.0,23190.0,,0.0,0.0,0.0,0.0,0.0,0.0,0.0,0.0,0.0,0.0,8770.0,28369.0,0.0,,4068.0,0.0,0.0,0.0,0.0,0.0,0.0,,0.0,61114.0,0.0,0.0,34322.0,0.0,0.0,,156725.0,0.0,23190.0,,316.0,9419.0,792.0,2357.0,878.0,345.0,115.0,335.0,750.0,671.0,8770.0,28369.0,8645.0,,6812.0,1498.0,37.0,386.0,3717.0,0.0,109.0,,3972.0,86567.0,659.0,3901.0,34322.0,63.0,38.0,,249124.0,1434.0,477591.0,132138.0,316558.0,28895.0,10915.720045089722,96.53708247,61.47772727272727,,,5073.041818181818,3060.3,,,48.32945908433182,66.022024,114.35148308433182,3.414,1.5576,66.77168827839546,155.522992,222.29468027839545,-111453874.0,288865053.0,38.0,0.0,12.0,0.0,0.0,21.0,0.0,26.0,51.0,64.0,51.0,68.0,61.0,43.0,27.0,14.0,37.0,0.0,28.0,44.0,0.0,13.0,45.0,35.0,0.0,0.0,58.0,29.0,0.0,29.0,18.0,46.0,15.0,28.0,0.0,44.0,74.0,32.0,66.0,40.0,34.0,38.0,33.0,0.0,73.0,14.0,27.0,25.0,9.0,19.0,10.0,61.0,75.0,88.0,43.0,32.0,64.0,34.0,98.0,40.0,15.0,15.0,63.0,29.0,0.0,33.0,58.0,76.0,56.0,44.0,28.0,0.0,32.0,12.0,50.0,36.0,0.0,0.0,0.0,13.0,34.0,40.0,35.28846153846154,31.804878048780488,107.59059654417916,278.90108494632557,93.79646328613754,191.93141918693385,753.1341758092542,2510.1097645169298,18571.69973065523,3070.9027069909416,94.21004838749273,1344.0209679809254,1538.3455834365784,2649.2724384408675,9207.493250213365,13235.92510002845,342963.5505898466,42768.27114445392,6226.461594493089,168.05489099089402,102043.81002113558,1797.7926534927624,103.47842229943045,273.86732090810517,95.08712115967501,201.64579909283114,724.3489560960131,2464.805888172946,18827.24998961565,3226.3327854852982,94.89206426050862,1227.0394497411824,1489.031401753257,2681.9745952397075,9212.267361324477,12246.410124104103,332471.1777018655,43513.12106205205,6310.684404842477,168.51966586501044,99360.74406233653,1768.866964748845
2015-07-01,,,,,,,,,,,,55048010.0,4171864.0,106942437.0,27775147.0,35146355.0,33259601.0,409419.0,18063010.0,569925.0,11404837.0,11709266.0,9049662.0,25070.0,12342971.0,1010.0,102880639.0,2074352.0,10759116.0,,4061798.0,13141072.0,18479.0,5491145.0,144783321.0,173210504.0,178701649.0,76678131.0,,,,2066.8,6298.7,496.2,2113952.0,6283500.0,6512344.0,966478.0,13.27,,,,,,,,,,,,0.0,,0.0,9363.0,73.0,2300.0,64.0,334.0,131.0,232.0,311.0,749.0,0.0,0.0,2281.0,,0.0,453.0,37.0,320.0,2602.0,0.0,54.0,,4278.0,16688.0,0.0,54.0,0.0,9.0,52.0,,105392.0,1413.0,0.0,,278.0,117.0,209.0,157.0,674.0,0.0,0.0,9.0,393.0,181.0,0.0,0.0,7596.0,,3970.0,1486.0,0.0,0.0,44.0,0.0,0.0,,47.0,11030.0,557.0,3505.0,0.0,49.0,1.0,,988.0,26.0,46753.0,,0.0,0.0,0.0,0.0,0.0,0.0,0.0,0.0,0.0,0.0,11561.0,24980.0,0.0,,4727.0,0.0,0.0,0.0,0.0,0.0,0.0,,0.0,63817.0,0.0,0.0,41117.0,0.0,0.0,,140753.0,0.0,46753.0,,278.0,9480.0,282.0,2457.0,738.0,334.0,131.0,241.0,704.0,930.0,11561.0,24980.0,9877.0,,8697.0,1939.0,37.0,320.0,2646.0,0.0,54.0,,4325.0,91535.0,557.0,3559.0,41117.0,58.0,53.0,,247133.0,1439.0,512215.0,147190.0,333708.0,31317.0,10522.080479085444,96.55595395,56.56130434782609,,,5082.8099999999995,,,,115.8524612080727,22.074762,137.9272232080727,3.9286,1.556,182.17497390949995,204.786023,386.96099690949995,40637500.0,138064149.0,38.0,0.0,0.0,0.0,0.0,31.0,0.0,35.0,56.0,61.0,56.0,74.0,76.0,41.0,24.0,11.0,48.0,0.0,17.0,51.0,0.0,13.0,47.0,37.0,0.0,0.0,62.0,21.0,0.0,34.0,15.0,42.0,24.0,28.0,0.0,39.0,66.0,42.0,78.0,36.0,33.0,23.0,38.0,0.0,74.0,14.0,33.0,39.0,9.0,30.0,9.0,62.0,81.0,85.0,40.0,31.0,70.0,40.0,100.0,59.0,12.0,18.0,53.0,47.0,0.0,36.0,57.0,85.0,56.0,50.0,38.0,0.0,30.0,19.0,38.0,37.0,0.0,0.0,0.0,15.0,26.0,41.0,37.34615384615385,33.30487804878049,100.70409600654035,276.77889725215925,87.58123308900166,197.46685527563196,704.9286720457825,2491.0100752694334,17341.084151622326,3159.4696844101113,94.21504838749274,849.5070066906162,1508.8545541707972,2564.1745740927518,9207.528250213365,9165.21157781571,333895.07369532157,41501.68334723407,5924.123145836914,165.6327704058333,98442.37421764618,1653.477996455135,104.95885051243314,277.77763966555403,92.11838079002716,200.78468798171997,734.711953587032,2499.9987569899863,18239.43939642538,3212.5550077075195,94.19903251447688,1037.568901334181,1523.3816729192163,2664.045581037196,9207.416139102255,10762.790597257783,338481.0477898087,43099.61945834519,6171.67627867748,168.9098897374336,100387.71849612848,1728.6093105389175
2015-08-01,,,,,,,,,,,,57048534.0,3676146.0,77154427.0,29517475.0,14561457.0,27581376.0,1235398.0,24970082.0,3151.0,1448992.0,10445237.0,10123856.0,20500.0,7371437.0,1060.0,73880077.0,2257303.0,6598079.0,,3274350.0,10097599.0,399303.0,-27383594.0,109647347.0,155950894.0,128567300.0,44261539.0,,,,2093.1,6314.8,496.4,2115195.0,6268328.0,6491535.0,932745.0,12.41,,,,,,,,,,,,0.0,,0.0,4315.0,39.0,1158.0,30.0,265.0,79.0,154.0,228.0,344.0,0.0,0.0,1567.0,,0.0,398.0,12.0,213.0,1842.0,0.0,39.0,,3369.0,14770.0,0.0,39.0,0.0,10.0,48.0,,85931.0,720.0,0.0,,53.0,63.0,127.0,13.0,117.0,4.0,0.0,10.0,56.0,71.0,0.0,0.0,4605.0,,3072.0,701.0,0.0,0.0,26.0,0.0,0.0,,20.0,8710.0,309.0,2015.0,0.0,15.0,14.0,,408.0,2.0,18750.0,,0.0,0.0,0.0,0.0,0.0,0.0,0.0,0.0,0.0,0.0,11845.0,24889.0,0.0,,4144.0,0.0,0.0,0.0,0.0,0.0,0.0,,0.0,55154.0,0.0,0.0,24891.0,0.0,0.0,,176988.0,0.0,18750.0,,53.0,4378.0,166.0,1171.0,147.0,269.0,79.0,164.0,284.0,415.0,11845.0,24889.0,6172.0,,7216.0,1099.0,12.0,213.0,1868.0,0.0,39.0,,3389.0,78634.0,309.0,2054.0,24891.0,25.0,62.0,,263327.0,722.0,452642.0,115570.0,316661.0,20411.0,10358.09718632698,96.67861861,46.515,,,4934.622857142857,,,,102.33446448974286,19.430216,121.76468048974286,4.4605,1.5578,168.01845741034285,203.500003,371.51846041034287,-12822137.0,141389437.0,33.0,0.0,0.0,0.0,0.0,29.0,28.0,28.0,51.0,58.0,53.0,62.0,69.0,44.0,25.0,14.0,44.0,0.0,26.0,46.0,0.0,15.0,44.0,52.0,0.0,34.0,67.0,29.0,0.0,29.0,13.0,47.0,19.0,25.0,0.0,30.0,72.0,36.0,70.0,35.0,24.0,30.0,43.0,5.0,65.0,12.0,26.0,28.0,9.0,30.0,9.0,55.0,85.0,96.0,43.0,34.0,61.0,38.0,90.0,53.0,16.0,16.0,49.0,46.0,79.0,26.0,56.0,82.0,64.0,39.0,32.0,0.0,35.0,12.0,43.0,43.0,0.0,0.0,21.0,17.0,33.0,38.0,37.0,34.26829268292683,97.40012035370299,272.38192037047645,85.24050915884649,199.76473309823572,681.800842475921,2451.437283334288,16877.62081345161,3196.2357295717716,91.40647695892133,1160.0619696535794,1545.6129049338017,2402.7514282594184,9187.868250213365,11960.206244482375,339938.5127258463,38918.91301390074,5801.7736672083975,163.69682074531542,100001.3750586107,1697.6894127169207,101.64747731734718,276.7687823378019,88.73710105902778,196.97239140915605,711.5323412214303,2490.919041040217,17569.9460096875,3151.5582625464967,93.45742933987371,1127.4336604540526,1535.795972341755,2533.260254648307,9202.224916880032,11539.914085219956,339736.023999038,41007.05423612297,5980.988913623911,166.03143803083321,100371.30430931524,1718.8989076232933
2015-09-01,,,,,,,,,,,,60778672.0,5082119.0,73141692.0,38672262.0,35198438.0,36521922.0,1331729.0,23958329.0,649726.0,64619.0,11064241.0,13022537.0,15762.0,6883136.0,960.0,69533955.0,860072.0,7224966.0,,3607737.0,11254254.0,10391.0,-57170675.0,116077462.0,191277426.0,134106751.0,44605498.0,,59949.0,,2172.6,6314.1,500.9,2087342.0,6238842.0,6453182.0,826759.0,11.98,318.0,128.0,157.0,551970.0,,,,541555.0,687.0,1521.0,-237.1,0.0,,0.0,1762.0,13.0,564.0,16.0,258.0,77.0,80.0,186.0,232.0,0.0,0.0,1024.0,,0.0,354.0,7.0,39.0,710.0,0.0,32.0,,2190.0,9271.0,0.0,4.0,0.0,8.0,21.0,,51109.0,5.0,0.0,,23.0,62.0,54.0,1.0,215.0,16.0,0.0,2.0,22.0,37.0,0.0,0.0,3314.0,,2108.0,802.0,0.0,0.0,8.0,0.0,0.0,,6.0,3839.0,7.0,1285.0,0.0,18.0,0.0,,640.0,3.0,11204.0,,0.0,0.0,0.0,0.0,0.0,0.0,0.0,0.0,0.0,0.0,7389.0,28011.0,0.0,,3137.0,0.0,0.0,0.0,0.0,0.0,0.0,,0.0,54047.0,0.0,0.0,24107.0,0.0,0.0,,161424.0,0.0,11204.0,,23.0,1824.0,67.0,565.0,231.0,274.0,77.0,82.0,208.0,269.0,7389.0,28011.0,4338.0,,5245.0,1156.0,7.0,39.0,718.0,0.0,32.0,,2196.0,67157.0,7.0,1289.0,24107.0,26.0,21.0,,213173.0,8.0,369743.0,67962.0,289319.0,12462.0,9017.342648744583,96.75410455,47.62318181818182,,,4748.004285714285,3033.5,,,113.01186394226191,39.336316,152.3481799422619,7.804,3.0676,157.67723839515716,193.685209,351.3624473951571,-21972237.0,156078988.0,25.0,0.0,0.0,0.0,0.0,33.0,17.0,19.0,61.0,49.0,54.0,54.0,61.0,41.0,27.0,17.0,48.0,0.0,32.0,34.0,0.0,13.0,40.0,47.0,0.0,0.0,66.0,44.0,0.0,31.0,13.0,37.0,22.0,21.0,0.0,32.0,67.0,37.0,78.0,37.0,30.0,38.0,41.0,0.0,56.0,9.0,29.0,27.0,9.0,33.0,9.0,62.0,83.0,100.0,43.0,26.0,78.0,27.0,95.0,44.0,13.0,15.0,0.0,37.0,0.0,18.0,60.0,83.0,49.0,36.0,15.0,0.0,26.0,17.0,38.0,30.0,0.0,0.0,0.0,13.0,23.0,32.0,33.17307692307692,30.5,104.3469531493975,285.64736397859383,84.12492342788887,216.6765645498332,730.4286720457825,2570.8262758073447,16656.734838721997,3466.825032797331,92.86376267320703,1463.0663194146136,1498.6974828310574,2498.0939064852164,9198.069250213366,14212.355230581632,332928.73192590324,40064.480536113486,5856.203704843114,172.69895127642835,99100.90923570293,1769.6621874051175,101.18689777305488,278.8335913979407,85.61555470209332,204.56972829311724,708.3082844113842,2509.502322581466,16951.879831014474,3273.115652689876,92.88381029225465,1184.9201109319488,1516.2923165228121,2499.31816066309,9198.2095835467,12025.632795404354,335399.4099851372,40369.002700009485,5860.701522674301,167.55144304155152,99248.06376602442,1716.802611258802
2015-10-01,,,,,,,,,,,,56390608.0,4518156.0,103450434.0,43534983.0,16355067.0,36075867.0,262284.0,28915928.0,2313876.0,11839789.0,10148195.0,11163825.0,34385.0,7700375.0,1392.0,89580088.0,6645283.0,-3956752.0,10029562.0,3840784.0,10225779.0,208866.0,-20660508.0,144306741.0,183245724.0,162585216.0,63953057.0,,,,2164.8,6316.9,493.9,2031650.0,6181995.0,6390172.0,782652.0,12.09,,,,,,,,,,,,0.0,,0.0,2444.0,8.0,487.0,22.0,213.0,117.0,133.0,159.0,198.0,0.0,0.0,879.0,,0.0,261.0,6.0,52.0,953.0,0.0,30.0,,2932.0,11631.0,0.0,0.0,0.0,11.0,50.0,,59608.0,55.0,0.0,,42.0,0.0,4.0,3.0,61.0,0.0,0.0,5.0,5.0,10.0,0.0,0.0,1377.0,,1790.0,549.0,0.0,0.0,5.0,0.0,0.0,,57.0,4354.0,25.0,720.0,0.0,60.0,0.0,,487.0,0.0,31188.0,,0.0,0.0,0.0,0.0,0.0,0.0,0.0,0.0,0.0,0.0,4598.0,17482.0,0.0,,2543.0,0.0,0.0,0.0,0.0,6689.0,0.0,,0.0,52343.0,0.0,0.0,19575.0,0.0,0.0,,146305.0,0.0,31188.0,,42.0,2444.0,12.0,490.0,83.0,213.0,117.0,138.0,164.0,208.0,4598.0,17482.0,2256.0,,4333.0,810.0,6.0,52.0,958.0,6689.0,30.0,,2989.0,68328.0,25.0,720.0,19575.0,71.0,50.0,,206400.0,55.0,370526.0,80249.0,280723.0,9554.0,9537.018297076223,96.00868088,48.43,,,4879.0368181818185,,,,70.27633443751905,38.815555,109.09188943751906,3.7822,3.0686,55.01516458030952,207.487593,262.50275758030955,-4305441.0,166890657.0,26.0,0.0,0.0,0.0,0.0,44.0,17.0,22.0,59.0,51.0,49.0,53.0,68.0,36.0,26.0,12.0,40.0,0.0,30.0,39.0,0.0,20.0,40.0,70.0,0.0,0.0,69.0,44.0,0.0,30.0,17.0,38.0,29.0,20.0,0.0,35.0,75.0,39.0,87.0,32.0,30.0,41.0,39.0,0.0,54.0,11.0,32.0,25.0,9.0,20.0,9.0,63.0,82.0,91.0,46.0,30.0,71.0,26.0,88.0,53.0,18.0,16.0,50.0,35.0,0.0,0.0,60.0,89.0,45.0,36.0,16.0,0.0,18.0,29.0,35.0,35.0,0.0,0.0,20.0,16.0,33.0,34.0,33.69230769230769,31.975609756097562,103.94852565324656,272.98565860223613,86.36017519284408,183.06436969098726,727.6396795727259,2456.870927420125,17099.31468818313,2929.029915055796,94.1586674351118,1317.881764695385,1565.497710926528,2749.091428259418,9207.1335835467,13095.650302808597,346060.1990564565,44460.35301390074,5803.213802557944,161.5896822848285,103205.83398917814,1824.2319749998405,101.88583463941727,277.7940737157492,85.38714618955095,198.9433199821969,713.2008424759208,2500.146663441743,16906.65494553109,3183.0931197151504,92.85284203828641,1314.3959869176074,1534.7478513912101,2560.917775324829,9197.992805768921,13064.278302808598,339433.51801848004,41386.25587871398,5825.773892790976,166.0025936317286,100770.51125144288,1766.6342849563002
2015-11-01,,,,,,,,,,,,57823366.0,4871907.0,71368178.0,26697909.0,13091435.0,31409353.0,1182455.0,32551095.0,1013541.0,1451611.0,11667148.0,11014769.0,59370.0,15148453.0,1130.0,67159727.0,5463423.0,16380997.0,,4208451.0,13575937.0,,-37516077.0,108831893.0,176379928.0,138863851.0,41938203.0,,,,2210.2,6311.4,492.1,2083669.0,6219279.0,6427369.0,806700.0,12.54,,,,,,,,,,,,0.0,,0.0,4293.0,7.0,655.0,27.0,340.0,88.0,135.0,212.0,279.0,0.0,0.0,1148.0,,0.0,391.0,30.0,103.0,2158.0,0.0,37.0,,4233.0,9842.0,0.0,31.0,0.0,29.0,98.0,,71495.0,18.0,0.0,,86.0,319.0,69.0,15.0,67.0,2.0,0.0,0.0,141.0,46.0,0.0,0.0,2235.0,,873.0,317.0,0.0,0.0,49.0,0.0,2.0,,50.0,4572.0,47.0,641.0,0.0,30.0,0.0,,927.0,2.0,31923.0,,0.0,0.0,0.0,0.0,0.0,0.0,0.0,0.0,0.0,0.0,18355.0,22899.0,0.0,,1983.0,0.0,0.0,0.0,0.0,31222.0,0.0,,0.0,61726.0,0.0,0.0,41703.0,0.0,0.0,,226248.0,0.0,31923.0,,86.0,4612.0,76.0,670.0,94.0,342.0,88.0,135.0,353.0,325.0,18355.0,22899.0,3383.0,,2856.0,708.0,30.0,103.0,2207.0,31222.0,39.0,,4283.0,76140.0,47.0,672.0,41703.0,59.0,98.0,,298670.0,20.0,542198.0,95649.0,436059.0,10490.0,10283.219862103462,95.96150217,44.26761904761905,,,5082.5075,,,,28.51763130189474,32.779879,61.29751030189474,43.3404,3.0388,126.64949959918421,214.46832,341.1178195991842,-24424642.0,163288493.0,26.0,0.0,0.0,0.0,0.0,39.0,17.0,20.0,63.0,55.0,49.0,51.0,53.0,34.0,28.0,17.0,50.0,0.0,15.0,80.0,0.0,12.0,39.0,54.0,0.0,0.0,87.0,56.0,0.0,28.0,25.0,33.0,24.0,20.0,0.0,36.0,63.0,39.0,85.0,41.0,24.0,37.0,31.0,0.0,55.0,12.0,28.0,30.0,10.0,29.0,7.0,55.0,74.0,88.0,38.0,28.0,68.0,26.0,56.0,33.0,15.0,19.0,0.0,42.0,0.0,24.0,52.0,81.0,47.0,39.0,24.0,0.0,18.0,24.0,37.0,40.0,0.0,0.0,0.0,16.0,29.0,32.0,33.19230769230769,30.573170731707318,92.92790553034988,289.49432359624865,90.2534228060674,199.6870200605628,650.4953387124492,2605.448912366238,17870.177715601345,3194.9923209690046,94.8974293398737,1297.5557276583481,1476.1703456066627,2719.5752402889843,9212.304916880032,12912.715969475265,328373.3807231231,43798.13794167378,6080.278571912259,168.09066799830717,98574.13488778804,1786.6562043832594,100.34112811099797,283.2893623059398,86.95199194006516,199.48431810046108,702.3878967769858,2549.6042607534578,17216.4944041329,3191.7490896073773,94.06620711765147,1359.4825358821597,1514.1419544984483,2665.6768027889843,9206.486361324476,13375.07921113956,336018.3966601633,42935.762941673784,5915.05891281768,167.516700114366,100383.93129357528,1795.4700107325712
2015-12-01,,,,,,,,,,,,56683910.0,26979214.0,85322371.0,31334868.0,27147922.0,30012839.0,93412.0,31740959.0,599407.0,2746651.0,11886686.0,14632527.0,32990.0,5033251.0,1280.0,80773054.0,1744344.0,5823436.0,,4549317.0,14389744.0,2390.0,-20403883.0,142407836.0,183306932.0,162903049.0,46166618.0,,63015.0,,2198.0,6299.7,468.4,2071240.0,6186014.0,6373799.0,811932.0,12.34,312.0,94.0,179.0,491409.0,,,,481094.0,453.0,1026.0,-434.1,0.0,,0.0,6399.0,6.0,1465.0,30.0,359.0,152.0,150.0,419.0,350.0,0.0,0.0,1584.0,,0.0,497.0,28.0,206.0,3601.0,0.0,111.0,,3972.0,11971.0,0.0,23.0,0.0,8.0,123.0,,91836.0,23.0,0.0,,229.0,234.0,133.0,26.0,83.0,0.0,0.0,13.0,249.0,91.0,0.0,0.0,1621.0,,2731.0,377.0,0.0,0.0,65.0,0.0,14.0,,66.0,6451.0,31.0,2053.0,0.0,96.0,0.0,,1318.0,0.0,41899.0,,0.0,0.0,0.0,0.0,0.0,0.0,0.0,0.0,0.0,0.0,34657.0,29829.0,0.0,,2003.0,0.0,0.0,0.0,0.0,24841.0,0.0,,0.0,46345.0,0.0,0.0,44518.0,0.0,0.0,,222836.0,0.0,41899.0,,229.0,6633.0,139.0,1491.0,113.0,359.0,152.0,163.0,668.0,441.0,34657.0,29829.0,3205.0,,4734.0,874.0,28.0,206.0,3666.0,24841.0,125.0,,4038.0,64767.0,31.0,2076.0,44518.0,104.0,123.0,,315990.0,23.0,586122.0,123313.0,446928.0,15881.0,9983.94382417202,95.59350821,38.00545454545455,,,5040.54,3001.6,,,7.807866495118181,21.67,29.47786649511818,6.1141,2.9962,58.19245955055,193.77195,251.96440955055,6744039.0,156159010.0,31.0,0.0,15.0,0.0,0.0,32.0,21.0,18.0,70.0,67.0,63.0,58.0,67.0,45.0,26.0,15.0,54.0,0.0,53.0,60.0,0.0,22.0,45.0,55.0,0.0,30.0,89.0,44.0,0.0,34.0,59.0,44.0,26.0,24.0,0.0,51.0,77.0,38.0,89.0,44.0,30.0,31.0,30.0,8.0,61.0,11.0,22.0,16.0,7.0,38.0,7.0,55.0,66.0,78.0,41.0,32.0,44.0,24.0,60.0,39.0,11.0,14.0,54.0,22.0,0.0,30.0,44.0,87.0,55.0,37.0,30.0,0.0,26.0,15.0,56.0,38.0,0.0,0.0,0.0,15.0,27.0,40.0,35.25,33.74390243902439,95.81043041515132,294.3363219235946,90.1931749647549,194.2741372312829,670.6730129060593,2649.0268973123516,17858.24864302147,3108.3861957005265,89.76042933987371,867.2920618280083,1535.6068949848511,2683.220021774201,9176.345916880031,9230.299041702228,338717.1470147542,43311.43247778726,6071.583687235103,168.65351613369592,100108.80611278092,1688.5381333795076,97.24323958053498,285.0204533652662,88.95748629852176,191.46904032268333,680.7026770637448,2565.1840802873953,17613.582287107307,3063.5046451629332,92.77409600654038,1169.5110302668716,1530.5199024574274,2706.717625940868,9197.4415835467,11791.973037068647,338596.38412959117,43687.39414445393,5980.743422405345,165.67255489175156,100818.29822366512,1766.1710836798843
2016-01-01,,,,,,,,,,,,57337197.0,12062903.0,93755727.0,48374493.0,52726183.0,34743302.0,24718.0,25556956.0,538675.0,727803.0,11300712.0,12187021.0,18780.0,13618426.0,2027.0,80783121.0,4635767.0,-4601210.0,,12972606.0,11357278.0,250.0,-78296539.0,140586650.0,226331996.0,148035457.0,62100305.0,1216.21,,1818.0,2231.4,6310.9,466.2,2113117.0,6228817.0,6420621.0,829832.0,11.66,,,,,,,,,,,,0.0,,0.0,4217.0,14.0,657.0,24.0,240.0,152.0,143.0,243.0,239.0,0.0,0.0,1256.0,,0.0,274.0,35.0,123.0,2392.0,0.0,51.0,,3782.0,10521.0,0.0,90.0,0.0,2.0,69.0,,71249.0,106.0,0.0,,122.0,205.0,41.0,139.0,51.0,0.0,2.0,16.0,144.0,102.0,0.0,0.0,1164.0,,602.0,217.0,0.0,4.0,26.0,0.0,0.0,,92.0,4746.0,47.0,775.0,0.0,82.0,0.0,,713.0,0.0,30840.0,,0.0,0.0,0.0,0.0,0.0,0.0,0.0,0.0,0.0,0.0,20358.0,26452.0,0.0,,327.0,0.0,0.0,0.0,0.0,30703.0,0.0,,0.0,55790.0,0.0,0.0,43485.0,0.0,0.0,,221219.0,0.0,30840.0,,122.0,4422.0,55.0,796.0,75.0,240.0,154.0,159.0,387.0,341.0,20358.0,26452.0,2420.0,,929.0,491.0,35.0,127.0,2418.0,30703.0,51.0,,3874.0,71057.0,47.0,865.0,43485.0,84.0,69.0,,293181.0,106.0,534343.0,95879.0,429174.0,9290.0,9907.306857705116,95.53689375,30.6995,1890.4233333333334,16032.422222222222,4610.7142105263165,,,,2.5269031963894735,21.266286,23.793189196389473,6.9286,1.4392,20.487992419147368,149.790014,170.27800641914737,-25570356.0,173605813.0,51.0,0.0,0.0,0.0,5.0,22.0,0.0,0.0,54.0,44.0,48.0,87.0,61.0,36.0,24.0,11.0,49.0,25.0,24.0,31.0,39.0,16.0,67.0,52.0,15.0,0.0,62.0,39.0,0.0,23.0,28.0,40.0,21.0,36.0,0.0,37.0,69.0,33.0,63.0,34.0,21.0,28.0,32.0,0.0,88.0,6.0,29.0,24.0,9.0,20.0,11.0,54.0,66.0,80.0,56.0,30.0,64.0,20.0,48.0,34.0,14.0,17.0,46.0,46.0,0.0,20.0,56.0,92.0,54.0,49.0,26.0,0.0,33.0,21.0,36.0,21.0,0.0,0.0,34.0,24.0,27.0,64.0,34.67307692307692,32.26829268292683,108.28981029225466,295.38824283155833,86.15766832036154,180.81538222460674,758.0286720457826,2658.4941854840245,17059.218327431583,2893.046115593708,86.09252457796896,1189.9595071087797,1551.576264760567,2711.621907426085,9150.670583546698,12324.262113929191,343113.7966508961,43860.84068056741,5842.196825138774,167.66277591719532,102112.39250723485,1787.7004043286015,98.17446144433133,291.58221628838385,88.783268008998,191.00039203640128,687.2212301103192,2624.2399465954545,17579.087065781605,3056.0062725824205,89.61888965733402,1109.0069197133118,1525.3676861084539,2674.9373029457956,9175.355139102256,11374.07341855329,337481.26726014435,43147.249632416104,5986.6386287674495,167.38508444452862,100294.486362554,1743.9262255101928
2016-02-01,,,,,,,,,,,,55449424.0,13746288.0,93527202.0,35941400.0,13188452.0,30670634.0,1605836.0,41945665.0,1803301.0,1950700.0,10950686.0,14836917.0,54753.0,8281764.0,13491.0,68059054.0,1992924.0,-7680090.0,,25468148.0,12391720.0,,-40990967.0,139549960.0,185831567.0,144840600.0,44060519.0,1167.83,,1804.0,2156.4,6295.0,465.3,2127278.0,6253690.0,6446242.0,948308.0,11.74,,,,,,,,,,,,0.0,,0.0,5742.0,14.0,913.0,43.0,445.0,125.0,124.0,345.0,263.0,0.0,0.0,1774.0,,0.0,334.0,56.0,313.0,3575.0,0.0,65.0,,4973.0,11198.0,0.0,23.0,0.0,3.0,182.0,,88286.0,1665.0,0.0,,127.0,118.0,72.0,225.0,33.0,1.0,2.0,60.0,296.0,64.0,0.0,0.0,1114.0,,0.0,187.0,0.0,0.0,29.0,0.0,6.0,,60.0,7164.0,62.0,692.0,0.0,69.0,72.0,,857.0,5.0,32157.0,,0.0,0.0,0.0,0.0,0.0,0.0,0.0,0.0,0.0,0.0,31314.0,36499.0,0.0,,0.0,0.0,0.0,0.0,0.0,25520.0,0.0,,0.0,59858.0,0.0,0.0,50656.0,0.0,0.0,,203437.0,0.0,32157.0,,127.0,5860.0,86.0,1138.0,76.0,446.0,127.0,184.0,641.0,327.0,31314.0,36499.0,2888.0,,0.0,521.0,56.0,313.0,3604.0,25520.0,71.0,,5033.0,78220.0,62.0,715.0,50656.0,72.0,254.0,,292580.0,1670.0,571217.0,120461.0,439441.0,11315.0,10033.283106982708,95.06510662,32.1815,1904.4185000000002,16299.898500000001,4463.206,,,,73.33533050943998,20.86707,94.20240050943998,24.0689,2.858,59.12615188939999,147.371204,206.4973558894,-27802515.0,172643115.0,44.0,0.0,0.0,0.0,4.0,36.0,0.0,14.0,57.0,41.0,45.0,79.0,59.0,32.0,21.0,11.0,35.0,29.0,21.0,29.0,0.0,15.0,60.0,70.0,0.0,0.0,61.0,45.0,0.0,23.0,18.0,34.0,21.0,33.0,0.0,32.0,70.0,33.0,73.0,31.0,30.0,27.0,50.0,0.0,80.0,11.0,32.0,35.0,7.0,25.0,8.0,55.0,77.0,83.0,48.0,34.0,56.0,38.0,56.0,44.0,14.0,18.0,0.0,38.0,0.0,21.0,52.0,89.0,68.0,44.0,39.0,0.0,27.0,14.0,32.0,24.0,0.0,0.0,34.0,25.0,22.0,58.0,33.42307692307692,31.597560975609756,94.31440606798871,283.7739359618503,92.00549232382969,163.66853635765392,660.2008424759209,2553.9654236566535,18217.087480118273,2618.6965817224627,85.78885791130229,1273.2952840502305,1503.468433895464,2525.330334274201,9148.544916880031,12884.328041702227,333303.51204255567,40785.19747778726,6012.487581993328,158.44059267783067,99030.3956197313,1742.7382265107508,99.75567590925853,289.859371027535,89.48433213412143,179.89435193784783,698.2897313648098,2608.734339247815,17717.897762556044,2878.3096310055653,87.29998489542926,1119.2911298686308,1534.0288650954562,2625.7101156026065,9159.122805768922,11529.949998184498,339069.54332310415,42422.933323158424,5975.8078660435585,164.7484327521907,100545.387362554,1738.3643610467147
2016-03-01,,,,,,,,,,,,56242957.0,14395625.0,140589649.0,41655678.0,35306094.0,42268234.0,894836.0,47317725.0,121652.0,387248.0,14315765.0,12276225.0,32373.0,27592772.0,915.0,79943305.0,4723553.0,693073.0,,60646344.0,14723573.0,251.0,-26379610.0,198148344.0,239960229.0,213580619.0,51059777.0,1198.0,64915.0,1874.0,2150.9,6286.1,463.4,2143050.0,6292431.0,6498845.0,994944.0,12.1,282.0,127.0,125.0,406491.0,,,,398544.0,671.0,1531.0,-266.8,0.0,,0.0,9477.0,24.0,1899.0,77.0,481.0,25.0,262.0,486.0,484.0,0.0,0.0,3232.0,,0.0,651.0,80.0,509.0,5970.0,0.0,110.0,0.0,6753.0,13710.0,0.0,123.0,0.0,6.0,213.0,,122277.0,1315.0,0.0,,226.0,307.0,151.0,419.0,181.0,0.0,0.0,23.0,423.0,102.0,0.0,0.0,3264.0,,0.0,1009.0,0.0,2.0,139.0,0.0,10.0,0.0,221.0,10875.0,48.0,1517.0,0.0,70.0,0.0,,1844.0,9.0,43142.0,,0.0,0.0,0.0,0.0,0.0,0.0,0.0,0.0,0.0,0.0,29261.0,32263.0,0.0,,0.0,0.0,0.0,0.0,0.0,34680.0,0.0,19.0,0.0,53098.0,0.0,0.0,62718.0,0.0,0.0,,215165.0,0.0,43142.0,,226.0,9784.0,175.0,2318.0,258.0,481.0,25.0,285.0,909.0,586.0,29261.0,32263.0,6496.0,,0.0,1660.0,80.0,511.0,6109.0,34680.0,120.0,19.0,6974.0,77683.0,48.0,1640.0,62718.0,76.0,213.0,,339286.0,1324.0,659350.0,168164.0,470346.0,20840.0,10193.086857378485,94.8386488,38.210454545454546,2021.9540909090908,17302.142727272727,4754.479090909091,2963.6,,,5.590999659743478,23.272449,28.86344865974348,2.6351,4.2747,97.52299815554348,163.292409,260.8154071555435,8926484.0,204654135.0,42.0,0.0,0.0,0.0,8.0,22.0,21.0,13.0,60.0,41.0,49.0,71.0,53.0,30.0,21.0,11.0,39.0,31.0,18.0,28.0,0.0,20.0,55.0,90.0,22.0,22.0,59.0,44.0,0.0,27.0,18.0,40.0,23.0,29.0,0.0,42.0,74.0,36.0,66.0,40.0,29.0,22.0,33.0,0.0,73.0,8.0,28.0,22.0,7.0,26.0,9.0,45.0,66.0,84.0,53.0,38.0,58.0,33.0,56.0,33.0,18.0,19.0,44.0,30.0,0.0,0.0,48.0,81.0,71.0,55.0,51.0,0.0,33.0,9.0,30.0,27.0,0.0,0.0,37.0,19.0,27.0,53.0,33.23076923076923,32.19512195121951,87.46123886368322,243.85592538843864,90.64405392912438,205.74217983881746,612.2286720457826,2194.703328495948,17947.52267796663,3291.8748774210794,89.20109600654037,1033.2494140980236,1518.2074520718488,2590.8655634408674,9172.4305835467,10818.893244482375,334512.2330591797,41833.76114445392,6011.58238898236,156.92584950501592,99084.32950791568,1704.1280674143418,96.92181840797552,273.9827817802505,89.68424209393255,183.38150147862038,678.4527288558287,2465.845036022255,17757.479934598647,2934.104023657926,86.96963568908005,1183.3342472919692,1529.6873114596353,2618.9029975470517,9156.810361324477,12137.997399111217,337988.3002943949,42314.019434269525,5958.970430783664,160.99258594019474,100399.28187227502,1752.1049939682061
2016-04-01,,,,,,,,,,,,56455836.0,5727346.0,137171138.0,40100948.0,19224437.0,47792691.0,775174.0,26952946.0,596448.0,1146181.0,14796298.0,11520869.0,69135.0,15209916.0,3910.0,109881790.0,3629951.0,-5474847.0,11698605.0,15590743.0,11016927.0,4576.0,17305724.0,191466349.0,184708278.0,202014002.0,76062553.0,1153.51,,1867.0,2205.9,6267.4,467.4,2146902.0,6316577.0,6523703.0,1013304.0,12.23,,,,,,,,,,,,0.0,,0.0,7627.0,33.0,1184.0,69.0,520.0,173.0,304.0,483.0,389.0,0.0,0.0,2351.0,,0.0,376.0,73.0,324.0,3765.0,0.0,146.0,0.0,5368.0,11863.0,0.0,70.0,0.0,10.0,157.0,,96802.0,1303.0,0.0,,131.0,255.0,39.0,32.0,198.0,4.0,0.0,19.0,368.0,59.0,0.0,0.0,2832.0,,0.0,702.0,0.0,0.0,0.0,0.0,5.0,0.0,228.0,7396.0,107.0,1559.0,0.0,102.0,2.0,,1044.0,16.0,47582.0,,0.0,0.0,0.0,0.0,0.0,0.0,0.0,0.0,0.0,0.0,29373.0,32798.0,0.0,,0.0,0.0,0.0,0.0,0.0,18601.0,0.0,0.0,0.0,57053.0,0.0,26.0,42857.0,0.0,0.0,,218800.0,0.0,47582.0,,131.0,7882.0,72.0,1216.0,267.0,524.0,173.0,323.0,851.0,448.0,29373.0,32798.0,5183.0,,0.0,1078.0,73.0,324.0,3765.0,18601.0,151.0,0.0,5596.0,76312.0,107.0,1655.0,42857.0,112.0,159.0,,316646.0,1319.0,595578.0,133390.0,447090.0,15098.0,10699.05645275116,95.39535761,41.583333333333336,2075.535238095238,17844.365714285716,4892.1695238095235,,,,56.3284541771,44.056153,100.38460717710001,5.5558,4.2957,80.19004197160001,190.896409,271.0864509716,36530161.0,165483841.0,39.0,0.0,0.0,0.0,8.0,37.0,26.0,20.0,55.0,43.0,45.0,64.0,42.0,32.0,21.0,10.0,36.0,35.0,22.0,27.0,0.0,16.0,49.0,68.0,25.0,0.0,61.0,32.0,0.0,28.0,25.0,28.0,33.0,27.0,0.0,37.0,77.0,36.0,70.0,39.0,27.0,31.0,31.0,0.0,64.0,10.0,31.0,38.0,10.0,25.0,9.0,56.0,73.0,85.0,60.0,35.0,51.0,34.0,54.0,31.0,19.0,22.0,0.0,20.0,0.0,0.0,51.0,68.0,62.0,48.0,34.0,0.0,26.0,0.0,37.0,27.0,0.0,0.0,39.0,20.0,25.0,45.0,31.653846153846153,30.621951219512194,94.65726321084585,234.05470232988944,89.156848541919,179.44114788316654,662.6008424759209,2106.4923209690046,17653.056011299963,2871.0583661306646,87.27852457796895,1105.8914140980237,1464.207961958353,2258.380000940868,9158.9725835467,11472.671244482377,326954.6090842579,36513.99214445393,5823.301885218889,149.3274904914552,96025.06126418523,1629.144079418409,92.37763604750593,253.5382682796942,90.6839688344517,182.923423364807,646.6434523325414,2281.844414517248,17955.425829221436,2926.774773836912,87.36496902241339,1155.3115496217172,1500.5645438588974,2467.822362051979,9159.57769465781,11854.133775962278,332601.90443884884,39865.069922231705,5952.672117477035,154.8808241316147,98370.17145792516,1699.252885664809
2016-05-01,,,,,,,,,,,,53754669.0,5876824.0,111980652.0,31173012.0,489499.0,39974622.0,705612.0,21331640.0,40165.0,1109587.0,13049248.0,9568445.0,58114.0,9648975.0,1010.0,77522123.0,3309281.0,-13894149.0,4630703.0,29827826.0,8816899.0,901627.0,21631915.0,158537710.0,138132585.0,159764500.0,49545296.0,1130.62,,1870.0,2166.0,6225.9,453.1,2164363.0,6325560.0,6530621.0,1020852.0,12.6,,,,,,,,,,,,0.0,,0.0,8787.0,36.0,1671.0,35.0,399.0,185.0,342.0,450.0,413.0,0.0,0.0,2476.0,,0.0,528.0,41.0,233.0,1544.0,0.0,125.0,0.0,4743.0,11351.0,0.0,3.0,0.0,6.0,141.0,,86495.0,1543.0,0.0,,228.0,301.0,138.0,81.0,524.0,0.0,0.0,20.0,651.0,96.0,0.0,0.0,6261.0,,0.0,1093.0,0.0,0.0,0.0,0.0,10.0,0.0,115.0,7546.0,51.0,3244.0,0.0,142.0,12.0,,801.0,32.0,19470.0,,0.0,0.0,0.0,0.0,0.0,0.0,0.0,0.0,0.0,0.0,0.0,32894.0,0.0,,0.0,0.0,0.0,0.0,0.0,0.0,0.0,0.0,0.0,64665.0,0.0,0.0,31134.0,0.0,0.0,,196559.0,0.0,19470.0,,228.0,9088.0,174.0,1752.0,559.0,399.0,185.0,362.0,1101.0,509.0,0.0,32894.0,8737.0,,0.0,1621.0,41.0,233.0,1544.0,0.0,135.0,0.0,4858.0,83562.0,51.0,3247.0,31134.0,148.0,153.0,,283855.0,1575.0,487615.0,121547.0,344722.0,21346.0,10201.2330160141,95.95206643,46.742380952380955,2065.5509523809524,17692.32,4788.235238095238,,,,55.00116305057619,24.982749,79.98391205057618,3.9584,4.3572,149.3050683734619,216.047054,365.3521223734619,22121414.0,137643086.0,34.0,0.0,0.0,0.0,7.0,28.0,15.0,14.0,51.0,40.0,50.0,66.0,56.0,32.0,22.0,10.0,47.0,25.0,23.0,31.0,0.0,25.0,52.0,46.0,25.0,20.0,62.0,31.0,0.0,28.0,30.0,30.0,31.0,25.0,0.0,45.0,79.0,38.0,76.0,34.0,32.0,27.0,36.0,5.0,70.0,10.0,30.0,31.0,6.0,33.0,8.0,50.0,75.0,91.0,62.0,38.0,60.0,41.0,49.0,21.0,16.0,17.0,0.0,37.0,0.0,32.0,50.0,75.0,61.0,47.0,26.0,0.0,30.0,14.0,32.0,41.0,0.0,0.0,36.0,19.0,25.0,49.0,32.86538461538461,31.829268292682926,78.21838172082607,215.2898702510466,88.45260885201085,215.99258209012885,547.5286720457825,1937.6088322594196,17513.61655269815,3455.8813134420616,81.554143625588,1080.7922099761565,1557.6113360622921,2801.4015532594185,9118.901916880031,11151.80037503556,343074.0263480876,45297.31501390074,5863.658842611354,149.4883607285031,102160.51091347598,1776.3921238841067,86.96150094765807,230.38082058955487,89.5449785471694,201.15169215959318,608.7305066336064,2073.427385305994,17729.905752339542,3218.427074553491,86.16768330812768,1101.0179199920874,1516.379675657166,2565.8084314964235,9151.196694657809,11365.49110929561,335353.38840550603,41432.84703334281,5907.622679708159,152.00974806099387,99325.73081070057,1713.3507701074375
2016-06-01,,,,,,,,,,,,62244918.0,2667486.0,60091954.0,37579611.0,12559570.0,21286754.0,787000.0,50075421.0,388758.0,1013762.0,77396302.0,14365196.0,256755.0,17192892.0,50000410.0,49974225.0,23396063.0,1815515.0,,10117729.0,43244468.0,17753.0,-45684483.0,84833194.0,261046897.0,215362414.0,27620472.0,1108.12,42846.0,1964.0,2100.6,6236.4,473.5,2198027.0,6346563.0,6577230.0,1052097.0,12.79,305.0,111.0,153.0,483909.0,,,,471987.0,606.0,984.0,-203.4,0.0,,0.0,10496.0,49.0,2106.0,62.0,453.0,93.0,370.0,403.0,452.0,0.0,0.0,2915.0,,0.0,501.0,85.0,348.0,4306.0,0.0,96.0,,5548.0,13592.0,0.0,91.0,0.0,16.0,89.0,,99003.0,1435.0,0.0,,389.0,271.0,256.0,49.0,666.0,3.0,0.0,5.0,112.0,161.0,0.0,0.0,6553.0,,0.0,990.0,0.0,0.0,77.0,0.0,4.0,,75.0,9928.0,60.0,3758.0,0.0,25.0,0.0,,929.0,47.0,15027.0,,0.0,0.0,0.0,0.0,0.0,0.0,0.0,0.0,0.0,0.0,10192.0,17767.0,0.0,,0.0,0.0,0.0,0.0,0.0,0.0,0.0,,5.0,55687.0,0.0,0.0,34728.0,0.0,0.0,,187765.0,0.0,15027.0,,389.0,10767.0,305.0,2155.0,728.0,456.0,93.0,375.0,515.0,613.0,10192.0,17767.0,9468.0,,0.0,1491.0,85.0,348.0,4383.0,0.0,100.0,,5628.0,79207.0,60.0,3849.0,34728.0,41.0,89.0,,287697.0,1482.0,488038.0,142509.0,321171.0,24358.0,10363.99527555704,96.21626722,48.24727272727273,2083.8913636363636,17754.86772727273,4856.232272727273,3086.2,,,17.982448893459093,26.199957,44.18240589345909,3.4954,1.4197,114.93400586884091,147.628912,262.56291786884094,-33124913.0,248487327.0,34.0,0.0,0.0,0.0,6.0,35.0,22.0,20.0,46.0,42.0,50.0,66.0,48.0,28.0,22.0,11.0,35.0,34.0,19.0,31.0,0.0,21.0,52.0,75.0,0.0,33.0,64.0,25.0,0.0,23.0,11.0,33.0,27.0,24.0,0.0,41.0,73.0,37.0,77.0,28.0,27.0,23.0,40.0,0.0,70.0,13.0,25.0,22.0,8.0,26.0,8.0,52.0,77.0,86.0,60.0,32.0,61.0,36.0,67.0,42.0,14.0,14.0,44.0,31.0,73.0,41.0,51.0,74.0,61.0,54.0,28.0,0.0,65.0,9.0,34.0,43.0,0.0,0.0,36.0,21.0,24.0,49.0,35.55769230769231,33.34146341463415,73.12790553034989,229.11083488666367,87.3660443603224,212.55649687505965,511.89533871244925,2061.997513979973,17298.476783343835,3400.9039500009544,82.71500076844514,1296.0711523297832,1493.067483539756,2658.381855107534,9127.027916880033,12614.420694468154,331149.14583977556,42914.02181112059,5818.318396509302,150.5403204130989,98951.15406556107,1765.0150567743672,82.25991364607077,225.85941373969885,88.42680390197322,202.78759984326825,575.8193955224954,2032.7347236572898,17508.507172590696,3244.601597492292,84.13511187955625,1188.210375945884,1507.123699352906,2598.1220531026065,9136.968694657811,11960.267148179757,334153.8919795959,41981.524323158425,5840.4157223156935,149.83343278275277,99308.16303639796,1736.422750850054
2016-07-01,,,,,,,,,,,,56653738.0,4208219.0,100110301.0,20474317.0,38201061.0,34058373.0,920122.0,31145394.0,99931.0,423923.0,12206710.0,11119467.0,31425.0,72682321.0,710.0,94913928.0,718397.0,10853734.0,,5196373.0,13313826.0,343016.0,-81238510.0,139297015.0,244408452.0,163169942.0,68681517.0,1098.53,,1971.0,2191.7,6236.7,423.8,2314260.0,6431035.0,6679004.0,1052522.0,13.05,,,,,,,,,,,,0.0,,0.0,10396.0,52.0,2177.0,127.0,894.0,97.0,305.0,383.0,761.0,0.0,0.0,3760.0,,0.0,546.0,84.0,269.0,3426.0,0.0,69.0,,5828.0,16095.0,0.0,78.0,0.0,5.0,117.0,,111697.0,1409.0,0.0,,363.0,154.0,323.0,113.0,603.0,0.0,0.0,2.0,217.0,228.0,0.0,0.0,8558.0,,0.0,1271.0,0.0,3.0,98.0,0.0,0.0,,14.0,10625.0,20.0,4995.0,0.0,29.0,6.0,,925.0,10.0,19421.0,,0.0,0.0,0.0,0.0,0.0,0.0,0.0,0.0,0.0,0.0,18340.0,33740.0,0.0,,0.0,0.0,0.0,0.0,0.0,0.0,0.0,,0.0,65246.0,0.0,0.0,34838.0,0.0,0.0,,217620.0,0.0,19421.0,,363.0,10550.0,375.0,2290.0,730.0,894.0,97.0,307.0,600.0,989.0,18340.0,33740.0,12318.0,,0.0,1817.0,84.0,272.0,3524.0,0.0,69.0,,5842.0,91966.0,20.0,5073.0,34838.0,34.0,123.0,,330242.0,1419.0,576337.0,158575.0,389205.0,28557.0,9432.633886933329,96.21626722,44.951904761904764,2148.902,18341.1825,5023.989,,,,8.486574470904998,16.355617,24.842191470904996,2.9976,2.6268,66.54854600118999,171.157525,237.70607100118997,-43037449.0,206207391.0,39.0,0.0,10.0,0.0,8.0,31.0,23.0,0.0,53.0,41.0,56.0,66.0,63.0,27.0,23.0,11.0,36.0,25.0,17.0,42.0,0.0,11.0,60.0,46.0,18.0,34.0,67.0,31.0,0.0,26.0,13.0,40.0,29.0,29.0,0.0,45.0,83.0,41.0,78.0,29.0,31.0,28.0,36.0,0.0,73.0,13.0,25.0,26.0,8.0,32.0,9.0,53.0,67.0,72.0,63.0,36.0,72.0,36.0,45.0,39.0,15.0,17.0,0.0,37.0,70.0,24.0,46.0,79.0,56.0,49.0,33.0,0.0,40.0,14.0,35.0,26.0,0.0,0.0,25.0,20.0,28.0,54.0,35.32692307692308,32.71951219512195,81.68028648273085,260.26228237757647,86.0759570707553,184.83564411969488,571.7620053791159,2342.3605413981877,17043.03950000955,2957.370305915118,81.4136674351118,1128.5443194146135,1551.3174407435151,2537.008688440868,9117.9185835467,11201.657230581633,343347.4835925699,40972.05114445392,5728.633088175493,153.21354251268937,101159.77763778804,1710.5049438290275,77.48981029225466,235.0629711470709,87.31429039594488,204.94062636655548,542.4286720457826,2115.566740323638,17288.229498397086,3279.0500218648876,81.85582616527053,1150.2009866388314,1535.2215805963435,2665.517528875457,9121.01369465781,11523.204612066276,339369.0196805131,43091.51127964069,5806.318733157848,151.20192455045645,100776.18731671947,1747.6406068114934
2016-08-01,,,,,,,,,,,,60237311.0,2329926.0,82691121.0,33304003.0,10088463.0,35801128.0,440333.0,25967595.0,529775.0,1557716.0,12003169.0,8807803.0,30567.0,8906117.0,4129.0,77515214.0,7760338.0,2295911.0,,5175907.0,25614923.0,13547.0,-44041492.0,121262508.0,181216328.0,137174836.0,49944679.0,1115.83,,1975.0,2224.6,6235.1,422.5,2315938.0,6371903.0,6602949.0,993271.0,12.65,,,,,,,,,,,,0.0,,0.0,4847.0,27.0,997.0,85.0,307.0,78.0,144.0,254.0,429.0,0.0,0.0,2748.0,,0.0,319.0,18.0,132.0,2282.0,0.0,69.0,,3835.0,13471.0,0.0,32.0,0.0,7.0,30.0,,84878.0,1013.0,0.0,,58.0,85.0,123.0,4.0,522.0,0.0,0.0,1.0,119.0,80.0,0.0,0.0,5501.0,,0.0,800.0,0.0,0.0,43.0,0.0,3.0,,38.0,8170.0,0.0,2126.0,0.0,60.0,1.0,,452.0,5.0,7931.0,,0.0,0.0,0.0,0.0,0.0,0.0,0.0,0.0,0.0,0.0,14207.0,36399.0,0.0,,0.0,0.0,0.0,0.0,0.0,0.0,0.0,,0.0,70867.0,0.0,0.0,40180.0,0.0,0.0,,197022.0,0.0,7931.0,,58.0,4932.0,150.0,1001.0,607.0,307.0,78.0,145.0,373.0,509.0,14207.0,36399.0,8249.0,,0.0,1119.0,18.0,132.0,2325.0,0.0,72.0,,3873.0,92508.0,0.0,2158.0,40180.0,67.0,31.0,,282352.0,1018.0,500799.0,116002.0,366606.0,18191.0,10463.913973093033,96.17852425,45.843043478260874,2177.4821739130434,18495.18739130435,5217.038260869565,,,,15.95252852173913,21.653628,37.60615652173913,3.0006,2.6202,49.48533733043478,164.946425,214.4317623304348,-33953029.0,171127865.0,31.0,11.0,0.0,0.0,7.0,35.0,23.0,15.0,49.0,47.0,55.0,59.0,52.0,29.0,17.0,10.0,41.0,34.0,23.0,42.0,0.0,19.0,49.0,56.0,17.0,21.0,71.0,42.0,0.0,32.0,9.0,33.0,35.0,25.0,0.0,34.0,95.0,39.0,88.0,38.0,32.0,31.0,40.0,0.0,55.0,10.0,24.0,26.0,8.0,30.0,8.0,51.0,79.0,90.0,64.0,33.0,60.0,19.0,43.0,45.0,14.0,15.0,0.0,28.0,85.0,32.0,55.0,83.0,56.0,36.0,27.0,0.0,26.0,15.0,45.0,28.0,0.0,0.0,38.0,19.0,22.0,45.0,33.98076923076923,32.926829268292686,92.71838172082607,268.36785519716,81.25701375317317,185.5307700605628,649.0286720457825,2415.31069677444,16088.88872312829,2968.4923209690046,82.51823886368324,721.5395828555079,1600.028115181438,2532.883147244635,9125.6505835467,8488.394925049786,349762.9440313782,41095.99855001422,5530.43010322938,156.9685051829305,102118.24702249722,1645.4496963590445,82.839016641461,253.19266983281238,84.97149134449894,194.6792794579559,579.873116490227,2278.7340284953116,16824.355286210786,3114.868471327294,82.33012775257211,1049.0365306850351,1547.1000695458736,2597.248653875457,9124.333805768922,10802.68057318213,341182.7516425367,41999.209279640694,5699.457725630904,153.92061431918205,100777.24382528212,1712.9674724312638
2016-09-01,,,,,,,,,,,,61275870.0,4459095.0,83070768.0,68815237.0,29915026.0,38073745.0,1428358.0,16840781.0,1208578.0,13365217.0,12363017.0,12020743.0,48825.0,12841530.0,510.0,76320148.0,202488.0,-320548.0,3151012.0,3599608.0,17618543.0,,-68248520.0,127031966.0,220738796.0,152490276.0,41679626.0,1130.34,40590.0,1948.0,2307.5,6235.5,418.2,2298045.0,6381851.0,6575067.0,898814.0,13.08,305.0,63.0,204.0,577910.0,,,,566375.0,730.0,1397.0,-512.4,0.0,,0.0,2120.0,0.0,395.0,42.0,208.0,49.0,138.0,237.0,331.0,0.0,0.0,2442.0,,0.0,333.0,4.0,79.0,1007.0,0.0,38.0,,2257.0,9912.0,0.0,32.0,0.0,4.0,13.0,,50410.0,19.0,0.0,,22.0,54.0,1.0,6.0,352.0,0.0,0.0,0.0,80.0,45.0,0.0,0.0,4101.0,,0.0,1574.0,0.0,0.0,19.0,0.0,0.0,,15.0,4276.0,0.0,1422.0,0.0,29.0,2.0,,404.0,2.0,18049.0,,0.0,0.0,0.0,0.0,0.0,0.0,0.0,0.0,0.0,0.0,0.0,24545.0,114.0,,0.0,0.0,0.0,0.0,0.0,0.0,0.0,,0.0,51298.0,0.0,0.0,30337.0,0.0,0.0,,171679.0,0.0,18049.0,,22.0,2174.0,1.0,401.0,394.0,208.0,49.0,138.0,317.0,376.0,0.0,24545.0,6657.0,,0.0,1907.0,4.0,79.0,1026.0,0.0,38.0,,2272.0,65486.0,0.0,1454.0,30337.0,33.0,15.0,,222493.0,21.0,378496.0,70070.0,296022.0,12404.0,9344.671368062496,96.32949613,46.567727272727275,2157.6909523809527,18267.402857142857,5254.154285714286,2985.1,,,23.801569085657146,29.626429,53.42799808565715,23.3017,3.942,52.40089097901905,153.27328,205.67417097901904,-38333494.0,190823770.0,25.0,0.0,0.0,0.0,6.0,44.0,30.0,15.0,66.0,41.0,59.0,53.0,48.0,33.0,24.0,12.0,38.0,42.0,28.0,32.0,0.0,19.0,46.0,70.0,17.0,0.0,73.0,43.0,0.0,28.0,12.0,30.0,46.0,21.0,0.0,46.0,96.0,41.0,100.0,36.0,35.0,30.0,36.0,0.0,54.0,12.0,27.0,28.0,9.0,32.0,8.0,48.0,74.0,82.0,76.0,36.0,55.0,34.0,44.0,47.0,14.0,17.0,46.0,37.0,0.0,0.0,52.0,77.0,46.0,39.0,17.0,0.0,23.0,18.0,34.0,40.0,0.0,0.0,28.0,17.0,23.0,37.0,32.84615384615385,32.34146341463415,85.68028648273085,258.8450214456631,78.09239665476902,187.80613346781124,599.7620053791159,2329.605193010968,15462.294537644262,3004.89813548498,81.43985791130227,874.0598585424682,1467.8551404475465,2333.8429597446357,9118.101916880032,9386.187244482377,327866.7064898182,37911.355550014225,5349.139967879831,152.60595951274357,96070.58780029872,1592.7119652130668,86.69298489542925,262.06455917963933,81.80710902488569,186.0130714382452,606.8508942680048,2358.581032616754,16197.807586927367,2976.209143011923,81.82446108590545,907.9086610116038,1542.6207674903733,2468.258522087824,9120.794139102256,9690.826466704599,340960.69606199773,39998.68585927191,5534.862164206012,154.14443113454988,99942.75063176913,1650.417667822541
2016-10-01,,,,,,,,,,,,,2235688.0,74903162.0,29022452.0,17694983.0,24424631.0,1119772.0,36060333.0,1592955.0,398069.0,6791880.0,11033957.0,78600.0,12062166.0,2459.0,72445394.0,2942024.0,434773.0,,2457768.0,11455958.0,1243.0,95994484.0,102683253.0,14397982.0,110392466.0,53793086.0,1108.25,,1930.0,2390.3,6221.7,418.8,2402039.0,6504465.0,6758857.0,895916.0,12.72,,,,,,,,,,,,0.0,,0.0,2384.0,0.0,363.0,26.0,191.0,57.0,129.0,253.0,265.0,0.0,0.0,1195.0,,0.0,298.0,10.0,85.0,746.0,0.0,24.0,,1066.0,3159.0,0.0,67.0,0.0,13.0,20.0,,44902.0,559.0,0.0,,1.0,97.0,4.0,2.0,9.0,0.0,0.0,9.0,0.0,3.0,0.0,0.0,1235.0,,0.0,118.0,0.0,0.0,14.0,0.0,0.0,,2.0,630.0,6.0,129.0,0.0,19.0,0.0,,318.0,8.0,15357.0,,0.0,0.0,0.0,0.0,0.0,0.0,0.0,0.0,0.0,0.0,0.0,10308.0,6210.0,,0.0,0.0,0.0,0.0,0.0,3486.0,0.0,,0.0,8357.0,0.0,0.0,22789.0,0.0,0.0,,205599.0,0.0,15357.0,,1.0,2481.0,4.0,365.0,35.0,191.0,57.0,138.0,253.0,268.0,0.0,10308.0,8640.0,,0.0,416.0,10.0,85.0,760.0,3486.0,24.0,,1068.0,12146.0,6.0,196.0,22789.0,32.0,20.0,,250819.0,567.0,330522.0,55812.0,272106.0,2604.0,9195.118167549372,96.45216079,49.522380952380956,2143.0209523809526,18184.546666666665,5255.989047619048,,,,8.84227440768,16.788985,25.631259407679998,19.9854,1.233,42.825611824,177.676341,220.501952824,113689467.0,-3297001.0,28.0,0.0,0.0,0.0,7.0,36.0,36.0,17.0,49.0,42.0,52.0,49.0,47.0,27.0,24.0,9.0,45.0,66.0,24.0,35.0,0.0,30.0,45.0,56.0,22.0,0.0,74.0,65.0,0.0,38.0,8.0,35.0,40.0,23.0,0.0,47.0,91.0,55.0,88.0,35.0,24.0,29.0,32.0,0.0,48.0,7.0,28.0,23.0,8.0,31.0,8.0,50.0,78.0,72.0,67.0,32.0,71.0,0.0,37.0,59.0,12.0,13.0,51.0,25.0,0.0,0.0,39.0,77.0,46.0,46.0,26.0,0.0,19.0,20.0,33.0,36.0,0.0,0.0,26.0,21.0,16.0,38.0,32.23076923076923,31.621951219512194,70.24695314939751,254.95677861410482,75.61742837519692,206.76311028230808,491.72867204578256,2294.6110075269435,14972.250818288994,3308.209764516929,69.23561981606417,1332.213541636836,1490.6755304497142,2548.869314381736,9032.672250213365,13034.680230581633,329535.8027397471,41541.733288907846,5266.700065594662,151.89606760525183,98286.22212736249,1749.8400300111275,82.78822299066735,260.68000854243274,78.24317354644528,193.43738994182172,579.5175609346715,2346.120076881895,15492.148362196165,3094.9982390691475,77.6769055303499,957.7002165671595,1517.4446169581684,2481.620751568113,9091.761250213365,10138.950466704597,335279.31268605444,40339.11890742321,5378.19605977047,153.78719875534176,98712.28582759891,1659.974470341391
2016-11-01,,,,,,,,,,,,58272347.0,5562872.0,84446951.0,55689476.0,23308941.0,35648414.0,11162.0,41862716.0,526377.0,1311324.0,13331339.0,15790686.0,40341.0,7949870.0,950.0,73556046.0,21660681.0,8812267.0,6486059.0,4404846.0,21687395.0,4720.0,-97573994.0,125669399.0,246748489.0,149174495.0,45580483.0,1089.74,,1943.0,2484.8,6234.8,419.4,2478731.0,6607754.0,6857568.0,937744.0,12.92,,,,,,,,,,,,0.0,,0.0,5031.0,5.0,777.0,26.0,302.0,129.0,155.0,243.0,373.0,0.0,0.0,1983.0,,0.0,407.0,36.0,136.0,1977.0,0.0,95.0,,2067.0,3505.0,0.0,21.0,0.0,5.0,101.0,,69287.0,1410.0,0.0,,127.0,254.0,13.0,24.0,88.0,25.0,0.0,0.0,5.0,46.0,0.0,0.0,4065.0,,0.0,483.0,0.0,0.0,30.0,0.0,0.0,,47.0,800.0,19.0,596.0,0.0,70.0,13.0,,1156.0,3.0,32505.0,,0.0,0.0,0.0,0.0,0.0,0.0,0.0,0.0,0.0,0.0,9939.0,27573.0,12838.0,,0.0,0.0,0.0,0.0,0.0,14578.0,0.0,,0.0,29483.0,0.0,0.0,38131.0,0.0,0.0,,275354.0,0.0,32505.0,,127.0,5285.0,18.0,801.0,114.0,327.0,129.0,155.0,248.0,419.0,9939.0,27573.0,18886.0,,0.0,890.0,36.0,136.0,2007.0,14578.0,95.0,,2114.0,33788.0,19.0,617.0,38131.0,75.0,114.0,,345797.0,1413.0,536336.0,88071.0,440401.0,7864.0,9448.132271051409,96.51821098,44.73409090909091,2164.985714285714,18697.326666666668,5260.565238095238,,,,39.743780957620004,21.529346,61.27312695762001,62.4988,3.7296,78.57792756832,216.776279,295.35420656832,-74265053.0,223439548.0,29.0,14.0,0.0,0.0,7.0,40.0,33.0,19.0,57.0,45.0,53.0,48.0,41.0,32.0,18.0,12.0,52.0,55.0,26.0,78.0,0.0,19.0,47.0,43.0,0.0,0.0,100.0,45.0,0.0,36.0,16.0,27.0,59.0,22.0,0.0,36.0,100.0,52.0,86.0,35.0,35.0,34.0,43.0,0.0,46.0,11.0,26.0,26.0,8.0,28.0,7.0,57.0,69.0,78.0,79.0,33.0,84.0,34.0,47.0,45.0,15.0,14.0,0.0,28.0,0.0,0.0,45.0,69.0,45.0,38.0,31.0,0.0,22.0,40.0,37.0,34.0,0.0,0.0,39.0,23.0,21.0,40.0,34.42307692307692,33.08536585365854,71.0374293398737,235.8276224015261,80.75639280715603,184.58700063853132,497.2620053791159,2122.448601613735,15989.765775816892,2953.392010216501,71.20309600654036,1166.8940980287182,1592.3143285815715,2713.225136592752,9046.444583546698,11736.761302808598,350420.10902865493,43886.492347234074,5390.71709825656,143.05211129677178,103772.45181556107,1777.2845293929486,75.5342547366991,250.13326427722149,78.15788434710487,192.971525907328,528.7397831568937,2251.199378494993,15475.26110072676,3087.544414517248,73.9201912446356,1097.4068450816865,1517.7244726160027,2541.870522244635,9065.464250213367,11143.03537040198,336126.2077092224,41239.79655001422,5335.686169223974,149.19923231708836,99393.62596996299,1702.0689391583137
2016-12-01,2430316.0,21968770.0,65580199.0,31379458.0,20181220.0,116387733.0,197611553.0,124863548.0,124983481.0,97258830.0,802645108.0,63073161.0,12407862.0,78319711.0,28905449.0,6646469.0,35082815.0,464949.0,25890215.0,9910.0,79194.0,12560547.0,18468484.0,40124.0,12487729.0,4042.0,73835198.0,19215232.0,4531546.0,,4484513.0,18897752.0,300.0,-50096642.0,126275337.0,193594401.0,143497759.0,42504709.0,1010.6,55806.0,1938.0,2551.4,6170.8,406.3,2460587.0,6622473.0,6930055.0,903955.0,12.39,217.0,51.0,145.0,426229.0,,,,419454.0,488.0,907.0,-242.0,0.0,,0.0,7305.0,11.0,1333.0,56.0,378.0,116.0,192.0,259.0,389.0,0.0,0.0,2326.0,,0.0,571.0,78.0,235.0,4494.0,0.0,90.0,,3870.0,6749.0,0.0,28.0,0.0,18.0,105.0,,91025.0,1705.0,0.0,,96.0,2.0,31.0,65.0,29.0,5.0,0.0,25.0,5.0,157.0,0.0,0.0,5408.0,,0.0,576.0,0.0,2.0,22.0,0.0,6.0,,31.0,1999.0,87.0,877.0,0.0,51.0,0.0,,1480.0,11.0,18906.0,,0.0,0.0,0.0,0.0,0.0,0.0,0.0,0.0,0.0,0.0,44014.0,30589.0,16772.0,,0.0,0.0,0.0,0.0,0.0,18206.0,0.0,,4.0,43192.0,0.0,0.0,54653.0,0.0,0.0,,247754.0,0.0,18906.0,,96.0,7307.0,42.0,1398.0,85.0,383.0,116.0,217.0,264.0,546.0,44014.0,30589.0,24506.0,,0.0,1147.0,78.0,237.0,4516.0,18206.0,96.0,,3905.0,51940.0,87.0,905.0,54653.0,69.0,105.0,,340259.0,1716.0,606388.0,121333.0,474090.0,10965.0,10204.285786539316,96.32949613,53.3085,2246.6290476190475,19712.42380952381,5413.116666666667,2922.9,,,53.97780051303334,31.978177,85.95597751303333,3.9118,2.4966,100.28486834016667,197.933915,298.2187833401667,-43450173.0,186947932.0,31.0,0.0,0.0,0.0,9.0,26.0,32.0,20.0,56.0,50.0,63.0,55.0,52.0,30.0,19.0,11.0,42.0,42.0,51.0,57.0,0.0,21.0,54.0,65.0,22.0,0.0,87.0,32.0,0.0,41.0,48.0,35.0,76.0,25.0,0.0,54.0,92.0,42.0,93.0,31.0,36.0,28.0,45.0,5.0,57.0,10.0,24.0,22.0,7.0,24.0,9.0,39.0,69.0,87.0,67.0,31.0,68.0,25.0,24.0,43.0,12.0,14.0,49.0,34.0,0.0,0.0,36.0,85.0,52.0,44.0,36.0,0.0,23.0,19.0,48.0,37.0,13.0,0.0,50.0,25.0,20.0,47.0,34.63461538461539,34.48780487804878,67.30885791130228,230.2127040025435,80.29925081194402,171.98172432808786,471.1620053791159,2071.914336022891,15899.251660764914,2751.707589249406,69.33109600654036,1240.9550239546443,1581.0752413300193,2422.9191889113017,9033.340583546698,12403.30963614193,345440.40681469726,39336.57521668089,5298.508897854082,137.4506342634694,101553.40806276668,1717.9518029141354,69.40568330812768,240.69286216655192,78.85349117615198,187.79313597679234,485.83978315689376,2166.2357594989676,15612.991252878091,3004.6901756286775,69.79293727638164,1247.2783693548809,1553.109542132853,2541.634178573041,9036.573472435588,12396.90105651072,341391.1875471419,41267.67439538539,5317.439242790658,144.18629315690598,101023.0841178684,1742.9500212076389
2017-01-01,,,,,,,,,,,,59875093.0,20944971.0,135780952.0,45952422.0,39128908.0,36557318.0,10594.0,22495723.0,1312819.0,2739031.0,13202863.0,11167988.0,151565.0,7712797.0,1898.0,101197723.0,11684493.0,-20817852.0,3828000.0,30755229.0,10170296.0,,-20924210.0,193293835.0,209500539.0,188576329.0,71731474.0,1009.34,,1909.0,2552.9,6158.2,405.6,2461188.0,6620207.0,6898705.0,929231.0,12.24,,,,,,,,,,,,0.0,,0.0,4674.0,1.0,647.0,28.0,289.0,149.0,119.0,190.0,330.0,0.0,0.0,1577.0,,0.0,225.0,48.0,63.0,2951.0,0.0,58.0,,4509.0,6151.0,0.0,17.0,0.0,5.0,42.0,,70791.0,1454.0,0.0,,225.0,133.0,86.0,6.0,54.0,18.0,0.0,8.0,0.0,85.0,0.0,0.0,1923.0,,0.0,300.0,7.0,0.0,16.0,0.0,0.0,,80.0,2944.0,48.0,682.0,0.0,60.0,5.0,,1049.0,24.0,43406.0,,0.0,0.0,0.0,0.0,0.0,0.0,0.0,0.0,0.0,0.0,14713.0,17627.0,3306.0,,0.0,0.0,0.0,0.0,0.0,14825.0,0.0,,0.0,41952.0,0.0,0.0,38456.0,0.0,0.0,,232984.0,0.0,43406.0,,225.0,4807.0,87.0,653.0,82.0,307.0,149.0,127.0,190.0,415.0,14713.0,17627.0,6806.0,,0.0,525.0,55.0,63.0,2967.0,14825.0,58.0,,4589.0,51047.0,48.0,699.0,38456.0,65.0,47.0,,304824.0,1478.0,509343.0,94318.0,407272.0,7753.0,10028.830582141876,96.29175316,54.57666666666666,2275.116,19908.1525,5561.4235,,,,3.8728479575578945,28.539784,32.41263195755789,38.2479,3.7101,73.75045346888422,195.50223,269.25268346888424,18204698.0,170371631.0,53.0,14.0,0.0,0.0,8.0,32.0,21.0,21.0,58.0,38.0,49.0,100.0,49.0,33.0,21.0,8.0,34.0,39.0,25.0,29.0,0.0,22.0,79.0,44.0,27.0,0.0,77.0,48.0,0.0,36.0,32.0,35.0,63.0,39.0,0.0,57.0,80.0,38.0,76.0,31.0,31.0,26.0,34.0,8.0,100.0,10.0,27.0,20.0,9.0,29.0,9.0,54.0,73.0,86.0,91.0,36.0,87.0,30.0,35.0,49.0,15.0,18.0,34.0,26.0,0.0,0.0,53.0,87.0,66.0,53.0,31.0,0.0,28.0,23.0,35.0,29.0,13.0,0.0,46.0,42.0,24.0,72.0,38.78846153846154,36.03658536585366,85.1326674351118,225.078078554549,87.53381191219788,173.92329388459726,595.9286720457826,2025.7027069909411,17331.69475861518,2782.772702153556,76.53181029225466,1063.6482823775764,1631.5877929239173,2627.9121578965187,9083.745583546699,10617.592897248302,356676.60645083926,42711.44075279437,5684.024709951365,142.91696294661398,104772.34642110716,1737.0681334929961,75.05806426050862,230.27958602165364,83.00376077356628,178.8591451726277,525.4064498235604,2072.516274194883,16434.744633166123,2861.7463227620433,72.40241346685782,1167.638165790565,1605.4330384409152,2594.6602478606737,9054.839805768921,11711.798568548547,351529.6244073215,42052.77281575418,5473.603419986653,141.80013905708907,103587.2588993483,1749.639985049545
2017-02-01,,,,,,,,,,,,57844700.0,19410518.0,88088330.0,30740757.0,15917423.0,37266949.0,838659.0,27021535.0,351307.0,15534288.0,12514119.0,11874611.0,66483.0,14691551.0,2028.0,71766090.0,9130907.0,3224623.0,3735000.0,12587240.0,14711752.0,250.0,-5332957.0,145604456.0,182284543.0,176951586.0,43680751.0,968.58,,1911.0,2577.1,6154.1,402.7,2482569.0,6653877.0,6957246.0,920821.0,11.68,,,,,,,,,,,,0.0,,0.0,6363.0,5.0,971.0,37.0,517.0,110.0,182.0,152.0,303.0,0.0,0.0,2379.0,,0.0,320.0,109.0,293.0,3652.0,0.0,96.0,,5434.0,7039.0,0.0,29.0,0.0,5.0,208.0,,78511.0,1493.0,0.0,,122.0,165.0,69.0,21.0,109.0,22.0,0.0,13.0,0.0,107.0,0.0,0.0,2264.0,,0.0,441.0,13.0,0.0,46.0,0.0,0.0,,120.0,4076.0,29.0,1220.0,0.0,41.0,14.0,,1138.0,23.0,30524.0,,0.0,0.0,0.0,0.0,0.0,0.0,0.0,0.0,0.0,0.0,28803.0,36290.0,208.0,,0.0,0.0,0.0,0.0,0.0,14362.0,0.0,,0.0,41794.0,0.0,0.0,39779.0,0.0,0.0,,224560.0,0.0,30524.0,,122.0,6528.0,74.0,992.0,146.0,539.0,110.0,195.0,152.0,410.0,28803.0,36290.0,4851.0,,0.0,761.0,122.0,293.0,3698.0,14362.0,96.0,,5554.0,52909.0,29.0,1249.0,39779.0,46.0,222.0,,304209.0,1516.0,534581.0,108208.0,416320.0,10053.0,10556.70209890604,97.97131534,54.8695,2329.9105263157894,20424.144210526316,5764.702105263158,,,,30.04652729987368,30.878468,60.924995299873686,83.516,3.7485,48.54253065663157,189.188366,237.73089665663156,10584466.0,166367120.0,45.0,22.0,0.0,0.0,12.0,30.0,15.0,20.0,44.0,35.0,44.0,86.0,47.0,27.0,23.0,9.0,42.0,27.0,33.0,30.0,0.0,23.0,67.0,51.0,32.0,28.0,71.0,31.0,0.0,33.0,14.0,36.0,48.0,31.0,0.0,64.0,84.0,44.0,74.0,29.0,28.0,32.0,33.0,6.0,83.0,9.0,24.0,27.0,9.0,19.0,9.0,55.0,63.0,79.0,81.0,36.0,74.0,27.0,44.0,48.0,17.0,19.0,0.0,30.0,0.0,30.0,46.0,83.0,61.0,58.0,30.0,0.0,26.0,21.0,37.0,39.0,0.0,0.0,53.0,35.0,22.0,63.0,35.21153846153846,34.23170731707317,90.92314362558798,259.45164468351624,86.98230146905398,184.52268360228916,636.4620053791158,2335.0648021516463,17222.49569087269,2952.3629376366266,81.24838172082609,961.956655256928,1575.1190556642246,2706.6167514113017,9116.7615835467,10272.236447262523,346065.66466752015,43875.73621668089,5786.596359010019,155.46994334511186,102332.59972875257,1733.448504484722,80.839016641461,239.58533966562476,84.80688933607581,177.66294195803545,565.873116490227,2156.268056990623,16791.764088543012,2842.607071328567,75.39739759384196,1080.1039935086103,1596.231973843326,2585.4793347446353,9075.80469465781,11050.628394477635,349391.22017583216,41937.537550014225,5589.128083338107,145.72354690029925,102863.79770374545,1727.5223365426784
2017-03-01,2702553.0,24728028.0,65995894.0,34091205.0,21849873.0,132136887.0,198915726.0,129674732.0,119509468.0,119119967.0,848724333.0,59572279.0,34253811.0,147173530.0,51712540.0,7500886.0,40070362.0,310335.0,26085414.0,520316.0,735060.0,15595175.0,14456530.0,126404.0,8772026.0,1128.0,81255541.0,14928746.0,5295954.0,3557000.0,62360989.0,14334101.0,840.0,45687850.0,221808038.0,197882838.0,243570688.0,47714532.0,984.48,44516.0,1903.0,2540.2,6180.1,396.1,2430176.0,6587432.0,6885209.0,920462.0,11.72,283.0,102.0,142.0,377354.0,,,,345360.0,673.0,1418.0,-452.9,0.0,,0.0,10011.0,10.0,1735.0,58.0,659.0,151.0,324.0,309.0,419.0,0.0,0.0,3479.0,,0.0,465.0,122.0,576.0,5790.0,0.0,160.0,,7150.0,7638.0,0.0,85.0,0.0,18.0,133.0,,104972.0,1759.0,0.0,,143.0,261.0,188.0,69.0,138.0,19.0,0.0,10.0,11.0,99.0,0.0,0.0,4258.0,,0.0,452.0,12.0,0.0,150.0,0.0,7.0,,139.0,6740.0,24.0,1233.0,0.0,220.0,6.0,,2182.0,8.0,45769.0,,0.0,0.0,0.0,0.0,0.0,0.0,0.0,0.0,0.0,0.0,39481.0,35963.0,1103.0,,0.0,0.0,0.0,0.0,0.0,10773.0,0.0,,0.0,70483.0,0.0,0.0,40714.0,0.0,0.0,,276062.0,0.0,45769.0,,143.0,10272.0,198.0,1804.0,196.0,678.0,151.0,334.0,320.0,518.0,39481.0,35963.0,8840.0,,0.0,917.0,134.0,576.0,5940.0,10773.0,167.0,,7289.0,84861.0,24.0,1318.0,40714.0,238.0,139.0,,383216.0,1767.0,682740.0,146023.0,520348.0,16369.0,11020.2256308496,97.44291376,51.589130434782604,2366.822173913043,20823.05782608696,5864.963913043479,2979.9,,,40.35013522654783,88.62368,128.97381522654783,4.2277,2.4694,87.51961668196523,249.091777,336.61139368196524,53188736.0,190381952.0,45.0,19.0,0.0,0.0,9.0,35.0,42.0,19.0,51.0,34.0,42.0,82.0,43.0,26.0,21.0,7.0,45.0,36.0,28.0,28.0,0.0,21.0,66.0,62.0,27.0,18.0,74.0,37.0,0.0,32.0,15.0,34.0,43.0,32.0,0.0,56.0,73.0,41.0,66.0,25.0,24.0,31.0,33.0,0.0,85.0,10.0,28.0,28.0,7.0,30.0,8.0,51.0,64.0,69.0,86.0,39.0,84.0,24.0,36.0,39.0,15.0,18.0,38.0,38.0,0.0,0.0,47.0,85.0,71.0,51.0,37.0,0.0,24.0,22.0,33.0,38.0,0.0,0.0,54.0,36.0,28.0,64.0,36.42307692307692,34.25609756097561,75.47552457796893,225.59914677433386,83.52090140389116,199.0011817205533,528.3286720457826,2030.3923209690047,16537.13847797045,3184.0189075288527,76.37814362558798,1064.6632108124836,1573.5204294015982,2448.768688911302,9082.669916880031,11196.595447262524,345749.1366675201,39750.1672166809,5569.969594628523,145.89918861918682,101444.64231208588,1693.0459116591448,83.67552457796894,237.2192960375847,85.93775913713522,186.17625106421886,585.7286720457826,2134.973664338262,17015.676309152772,2978.8200170275018,77.85647695892132,1030.3427284946752,1594.6383777361984,2599.956084744635,9093.018250213365,10697.755041702227,349740.5343730709,42169.16555001423,5678.79966564108,148.25220770422695,102925.11830375019,1722.3953095861957
2017-04-01,,,,,,,,,,,,57442422.0,7887362.0,134853945.0,47570762.0,25634542.0,29490049.0,808623.0,24846257.0,611961.0,277344.0,13080898.0,11721978.0,84613.0,19667752.0,1528.0,110365390.0,16313460.0,11002446.0,,24488555.0,19136975.0,,-25455051.0,173039979.0,222946109.0,197491058.0,77664620.0,1004.4,,1886.0,2552.3,6175.1,396.5,2532084.0,6697022.0,7020254.0,961079.0,11.48,,,,,,,,,,,,0.0,,0.0,9888.0,17.0,1666.0,268.0,723.0,177.0,383.0,328.0,475.0,0.0,0.0,3543.0,,0.0,851.0,207.0,454.0,4974.0,0.0,150.0,,7245.0,7332.0,0.0,69.0,0.0,11.0,97.0,,97633.0,1584.0,0.0,,169.0,499.0,238.0,39.0,148.0,25.0,0.0,15.0,39.0,170.0,0.0,0.0,4390.0,,0.0,618.0,5.0,0.0,108.0,0.0,0.0,,249.0,7311.0,35.0,1247.0,0.0,98.0,0.0,,1322.0,24.0,21826.0,,0.0,0.0,0.0,0.0,0.0,0.0,0.0,0.0,0.0,0.0,6858.0,38409.0,1987.0,,0.0,0.0,0.0,0.0,0.0,0.0,0.0,,0.0,54189.0,0.0,0.0,45573.0,0.0,0.0,,258627.0,0.0,21826.0,,169.0,10387.0,255.0,1705.0,416.0,748.0,177.0,398.0,367.0,645.0,6858.0,38409.0,9920.0,,0.0,1469.0,212.0,454.0,5082.0,0.0,150.0,,7494.0,68832.0,35.0,1316.0,45573.0,109.0,97.0,,357582.0,1608.0,582293.0,138075.0,427469.0,16749.0,10676.24629342556,96.90507643,52.30789473684211,2359.3094736842104,20684.693684210524,5912.169473684211,,,,27.58281845078,27.452126,55.03494445078,30.9685,5.0556,91.87982066405999,218.281749,310.16156966406,179491.0,197311567.0,38.0,17.0,0.0,0.0,9.0,32.0,35.0,26.0,52.0,32.0,43.0,66.0,49.0,26.0,16.0,8.0,35.0,39.0,27.0,31.0,0.0,15.0,57.0,63.0,27.0,0.0,73.0,23.0,0.0,45.0,17.0,34.0,42.0,27.0,0.0,49.0,77.0,43.0,70.0,25.0,29.0,24.0,44.0,5.0,70.0,8.0,26.0,22.0,10.0,32.0,7.0,44.0,65.0,82.0,89.0,36.0,89.0,31.0,34.0,48.0,13.0,16.0,63.0,34.0,0.0,21.0,46.0,82.0,86.0,49.0,40.0,0.0,25.0,10.0,29.0,32.0,0.0,0.0,59.0,29.0,24.0,53.0,36.05769230769231,33.829268292682926,77.91838172082609,247.98562407418015,83.94334443093797,217.2256102823081,545.4286720457826,2231.870616667621,16620.782197325716,3475.6097645169298,73.14200076844513,1104.9873194146135,1512.4356848512596,2584.343719455651,9060.016916880033,10989.644230581634,335648.8959259033,41634.43360834045,5718.422812639012,156.76824012706308,99333.24767042635,1703.177064187524,81.60250870495307,245.2203727998023,84.7548535906322,200.0556100807504,571.2175609346715,2206.9833551982206,16781.461010945175,3200.8897612920064,76.97152457796894,1034.8165186181318,1550.7544076554645,2575.224403875457,9086.8235835467,10738.019152813338,341937.9699323523,41646.821279640695,5690.137922092519,152.90833629403448,100852.40848708827,1705.2791670185502
2017-05-01,,,,,,,,,,,,60967329.0,4325220.0,109795210.0,31323684.0,26625632.0,45919917.0,512111.0,16935199.0,91229.0,889200.0,14834922.0,6879608.0,129652.0,10843432.0,3678.0,89254393.0,5956814.0,-10118304.0,3042935.0,17497882.0,7012000.0,12000.0,-322746.0,160552458.0,166634927.0,166312181.0,53188638.0,1033.52,,1875.0,2584.2,6155.0,395.4,2507643.0,6649099.0,6968044.0,954337.0,12.36,,,,,,,,,,,,0.0,,0.0,9888.0,46.0,1649.0,55.0,572.0,171.0,326.0,286.0,234.0,0.0,0.0,3113.0,,0.0,433.0,121.0,304.0,4293.0,0.0,64.0,,5176.0,5616.0,0.0,45.0,0.0,6.0,123.0,,80441.0,1460.0,0.0,,259.0,342.0,448.0,43.0,598.0,0.0,0.0,9.0,72.0,118.0,0.0,0.0,7438.0,,0.0,1249.0,15.0,0.0,102.0,0.0,7.0,,145.0,4947.0,83.0,2944.0,0.0,118.0,23.0,,970.0,18.0,9204.0,,0.0,0.0,0.0,0.0,0.0,0.0,0.0,0.0,0.0,0.0,17026.0,20793.0,1603.0,,0.0,0.0,0.0,0.0,0.0,0.0,0.0,,0.0,30198.0,0.0,0.0,33533.0,0.0,0.0,,222317.0,0.0,9204.0,,259.0,10230.0,494.0,1692.0,653.0,572.0,171.0,335.0,358.0,352.0,17026.0,20793.0,12154.0,,0.0,1682.0,136.0,304.0,4395.0,0.0,71.0,,5321.0,40761.0,83.0,2989.0,33533.0,124.0,146.0,,303728.0,1478.0,469044.0,114422.0,334674.0,19948.0,11359.248621881008,97.17871296,50.326521739130435,2395.345909090909,20936.811363636363,6124.878181818182,,,,25.819922432718183,25.534989,51.35491143271818,51.6095,2.5858,151.88265858364545,281.99364,433.8762985836455,26302886.0,140009295.0,41.0,26.0,0.0,0.0,10.0,50.0,36.0,22.0,52.0,32.0,46.0,64.0,42.0,22.0,17.0,8.0,29.0,40.0,34.0,30.0,0.0,21.0,58.0,60.0,16.0,29.0,71.0,18.0,0.0,32.0,19.0,33.0,39.0,30.0,0.0,55.0,70.0,46.0,62.0,29.0,30.0,31.0,42.0,11.0,62.0,14.0,23.0,17.0,8.0,37.0,8.0,52.0,75.0,98.0,100.0,38.0,100.0,27.0,41.0,61.0,10.0,15.0,84.0,19.0,69.0,20.0,52.0,88.0,68.0,54.0,31.0,0.0,25.0,23.0,32.0,39.0,13.0,0.0,36.0,35.0,22.0,54.0,38.46153846153846,36.01219512195122,72.25647695892131,246.20597718052255,80.4808708239092,195.83184086027663,505.7953387124492,2215.853794624703,15935.212423134017,3133.309453764426,75.00190553034989,1271.1464683990887,1480.9510486016677,2399.132688911302,9073.036250213365,12675.03263614193,329984.80614258413,38955.991216680886,5447.542752558898,148.69379145590742,97672.21656140509,1701.4560940929246,74.99298489542926,240.65206387905133,82.74324654346364,204.0455891913846,524.9508942680047,2165.8685749114616,16383.1628156058,3264.7294270621537,74.63274680019117,1163.7666845878593,1521.785288852743,2486.3285010976792,9070.452139102255,11740.273925957536,337025.22735644697,40224.48683519625,5584.677927961855,150.6084711273322,99515.11006417575,1704.1079494469175
2017-06-01,2330055.0,28893430.0,88965519.0,37074827.0,24889960.0,135887011.0,215265953.0,143672956.0,131624340.0,127951986.0,936556037.0,72312207.0,2592369.0,162731841.0,182203890.0,27093155.0,38823476.0,299268.0,114465727.0,317476.0,15030744.0,16694387.0,25765446.0,323282.0,85017137.0,25551.0,109734335.0,5593813.0,4925438.0,3559601.0,49437905.0,100193324.0,1185.0,-371509709.0,204446954.0,612962175.0,241452466.0,42009747.0,1007.03,31340.0,1865.0,2741.6,6157.0,387.0,2659324.0,6819507.0,7142838.0,959970.0,12.22,371.0,110.0,155.0,469836.0,,,,400988.0,698.0,1353.0,-455.6,0.0,,0.0,11706.0,38.0,2323.0,35.0,579.0,77.0,409.0,308.0,437.0,0.0,0.0,3167.0,,0.0,344.0,109.0,485.0,4609.0,0.0,102.0,,5791.0,6382.0,0.0,22.0,0.0,11.0,91.0,,95179.0,1651.0,0.0,,577.0,315.0,771.0,65.0,312.0,21.0,0.0,4.0,282.0,184.0,0.0,0.0,8292.0,,0.0,1101.0,0.0,2.0,146.0,0.0,0.0,,66.0,8172.0,18.0,3735.0,0.0,49.0,0.0,,1073.0,41.0,38602.0,,0.0,0.0,0.0,0.0,0.0,0.0,0.0,0.0,0.0,0.0,11379.0,21718.0,1479.0,,0.0,0.0,0.0,0.0,0.0,5339.0,0.0,,0.0,34457.0,0.0,0.0,32986.0,0.0,0.0,,187327.0,0.0,38602.0,,577.0,12021.0,809.0,2388.0,347.0,600.0,77.0,413.0,590.0,621.0,11379.0,21718.0,12938.0,,0.0,1445.0,109.0,487.0,4755.0,5339.0,102.0,,5857.0,49011.0,18.0,3757.0,32986.0,60.0,91.0,,283579.0,1692.0,492368.0,133855.0,333287.0,25226.0,10414.124397665262,97.32968485,46.36818181818182,2433.9854545454546,21317.795454545456,6224.28590909091,3349.1,,,90.6613351895,21.637047,112.29838218949999,3.1509,2.562,124.56762335499998,381.740579,506.308202355,-344416554.0,585869020.0,42.0,43.0,0.0,0.0,12.0,40.0,37.0,22.0,51.0,38.0,49.0,78.0,44.0,26.0,17.0,11.0,18.0,51.0,21.0,36.0,41.0,30.0,61.0,54.0,29.0,28.0,70.0,23.0,0.0,33.0,9.0,40.0,32.0,30.0,0.0,60.0,64.0,46.0,56.0,27.0,29.0,33.0,34.0,14.0,78.0,13.0,29.0,25.0,8.0,17.0,9.0,51.0,72.0,87.0,100.0,42.0,81.0,22.0,39.0,54.0,16.0,15.0,77.0,39.0,89.0,58.0,51.0,89.0,70.0,55.0,32.0,0.0,39.0,17.0,26.0,29.0,0.0,0.0,51.0,42.0,14.0,59.0,39.38461538461539,37.48780487804878,84.12392987751251,288.59870788533885,80.4003113447109,190.75051317215082,588.8675091425874,2597.38837096805,15919.26164625276,3052.008210754413,77.83733410177847,1082.4154140980238,1538.5744136174142,2690.1117301075346,9092.884250213367,11261.387244482377,339874.5838981018,43421.6998111206,5539.381434279452,160.96836556992827,100912.63880097953,1745.160813603457,77.87419936035647,260.211584528162,81.62579618414,201.02846387776196,545.1193955224953,2341.9042607534584,16161.907644459721,3216.4554220441914,75.26887378431815,1170.6929191557606,1506.9984381992554,2562.906455880385,9074.905027991144,11802.610037068647,334477.3430564565,41418.07476760286,5566.346680694967,155.1850109876051,99193.23322227978,1721.4313256474766
2017-07-01,,,,,,,,,,,,59753496.0,4748408.0,117797571.0,29710016.0,26559483.0,36444504.0,11396.0,13862705.0,584559.0,663816.0,11972323.0,10808255.0,50341.0,12596119.0,7672.0,107462882.0,3500.0,227326.0,,10334689.0,,5140.0,18058914.0,159001879.0,153878133.0,171937047.0,74927394.0,1030.55,,1870.0,2773.5,6158.8,387.3,2652529.0,6767668.0,7096836.0,893428.0,11.69,,,,,,,,,,,,0.0,,0.0,9616.0,66.0,2033.0,0.0,633.0,64.0,438.0,285.0,622.0,0.0,0.0,3453.0,,0.0,404.0,59.0,499.0,4742.0,0.0,77.0,,6538.0,7320.0,0.0,48.0,0.0,8.0,125.0,,106066.0,1538.0,0.0,,357.0,52.0,594.0,107.0,632.0,21.0,2.0,3.0,343.0,215.0,0.0,0.0,11871.0,,0.0,1147.0,0.0,12.0,24.0,0.0,5.0,,25.0,8306.0,18.0,3882.0,0.0,77.0,11.0,,978.0,2.0,23239.0,,0.0,0.0,0.0,0.0,0.0,0.0,0.0,0.0,0.0,0.0,18125.0,24757.0,2822.0,,0.0,0.0,0.0,0.0,0.0,5382.0,0.0,,0.0,43323.0,0.0,0.0,44583.0,0.0,0.0,,208654.0,0.0,23239.0,,357.0,9668.0,660.0,2140.0,632.0,654.0,66.0,441.0,628.0,837.0,18125.0,24757.0,18146.0,,0.0,1551.0,59.0,511.0,4766.0,5382.0,82.0,,6563.0,58949.0,18.0,3930.0,44583.0,85.0,136.0,,315698.0,1540.0,544203.0,144634.0,370885.0,28684.0,9653.961014807224,96.92394791,48.47857142857143,2454.1025,21581.251,6294.674,,,,8.901024442729998,23.223584,32.12460844272999,3.8948,2.5992,98.80354336395999,288.9551,387.75864336396,44618397.0,127318650.0,45.0,41.0,0.0,0.0,8.0,39.0,42.0,23.0,51.0,35.0,54.0,77.0,46.0,24.0,18.0,8.0,25.0,54.0,29.0,42.0,0.0,22.0,66.0,77.0,18.0,25.0,77.0,30.0,0.0,40.0,14.0,38.0,41.0,32.0,0.0,62.0,71.0,52.0,58.0,31.0,34.0,26.0,32.0,11.0,79.0,15.0,27.0,24.0,8.0,18.0,8.0,53.0,70.0,89.0,99.0,50.0,75.0,29.0,57.0,86.0,16.0,16.0,83.0,50.0,73.0,51.0,53.0,94.0,76.0,54.0,39.0,0.0,54.0,0.0,30.0,33.0,14.0,0.0,45.0,39.0,26.0,61.0,42.51923076923077,39.170731707317074,82.89059654417916,275.8048577061411,80.28275204200332,212.7324705646162,580.2341758092542,2482.2437193552696,15895.98490431666,3403.719529033859,79.09119124463561,1229.1422634408946,1557.6971576111137,2789.6445939852174,9101.661250213365,12012.060694468151,343091.01901475416,44729.29153611348,5590.5455821287605,162.92766921423495,102233.5081238873,1790.8185943198864,79.87604874591861,270.27478586227244,80.395235658637,199.8211430780481,559.1323412214304,2432.473072760452,15918.256660410125,3197.1382892487695,77.32269918114353,1176.6121413779827,1524.3276698599475,2637.25870911739,9089.281805768922,11855.883037068646,337401.9814194068,42512.73278704494,5526.750090910195,157.59180333621904,100214.96976232232,1744.2213443117664
2017-08-01,,,,,,,,,,,,66934659.0,4618577.0,99031765.0,29018316.0,22072858.0,36224689.0,10689.0,23510943.0,2005.0,311036.0,12589002.0,13836480.0,118859.0,10558763.0,7168.0,83044850.0,5364357.0,288666.0,8938000.0,7048915.0,52018817.0,,-70109408.0,139885720.0,223317198.0,153207790.0,48915448.0,951.15,,1834.0,2756.1,6090.1,434.4,2625859.0,6712484.0,7037569.0,953469.0,12.26,,,,,,,,,,,,0.0,,0.0,5693.0,29.0,1388.0,37.0,688.0,54.0,246.0,277.0,372.0,0.0,0.0,2755.0,,0.0,400.0,32.0,302.0,2650.0,0.0,87.0,,4517.0,5276.0,0.0,43.0,0.0,5.0,45.0,,84076.0,1100.0,0.0,,99.0,129.0,175.0,40.0,428.0,19.0,0.0,2.0,250.0,127.0,0.0,0.0,7441.0,,0.0,851.0,0.0,0.0,0.0,0.0,11.0,,19.0,5886.0,11.0,2169.0,0.0,37.0,0.0,,432.0,0.0,7803.0,,0.0,0.0,0.0,0.0,0.0,0.0,0.0,0.0,0.0,0.0,25522.0,24037.0,2408.0,,0.0,0.0,0.0,0.0,0.0,5216.0,0.0,,0.0,39916.0,0.0,0.0,42749.0,0.0,0.0,,201134.0,0.0,7803.0,,99.0,5822.0,204.0,1428.0,465.0,707.0,54.0,248.0,527.0,499.0,25522.0,24037.0,12604.0,,0.0,1251.0,32.0,302.0,2650.0,5216.0,98.0,,4536.0,51078.0,11.0,2212.0,42749.0,42.0,45.0,,285642.0,1100.0,476983.0,110072.0,348785.0,18126.0,10056.46416580677,97.56557841,51.70434782608696,2456.223043478261,21914.07695652174,6311.397391304348,,,,6.342210076795652,67.437535,73.77974507679565,21.8272,2.5904,57.60621621310435,269.633058,327.23927421310435,-48036550.0,201244340.0,34.0,55.0,11.0,0.0,9.0,53.0,30.0,24.0,46.0,33.0,58.0,57.0,45.0,23.0,19.0,7.0,38.0,53.0,24.0,41.0,0.0,27.0,56.0,70.0,18.0,0.0,75.0,30.0,0.0,47.0,7.0,40.0,36.0,26.0,0.0,72.0,70.0,53.0,58.0,33.0,41.0,30.0,31.0,27.0,57.0,13.0,26.0,32.0,6.0,26.0,8.0,52.0,70.0,80.0,96.0,42.0,92.0,20.0,50.0,78.0,12.0,13.0,52.0,34.0,0.0,33.0,58.0,88.0,72.0,50.0,26.0,70.0,29.0,12.0,38.0,47.0,0.0,0.0,44.0,33.0,27.0,50.0,38.65384615384615,37.109756097560975,90.68981029225465,284.0740050179622,82.8436024492903,208.0630325941823,634.8286720457825,2556.66604516166,16403.03328495948,3329.0085215069166,84.43047695892133,878.0284330347058,1584.2302475454017,2803.785886122318,9139.036250213367,9516.882447262526,347679.7245952932,45145.508275007116,5730.88413091846,166.41761258842234,102870.28789194406,1735.1401156042964,85.73795350782338,282.7618631820414,81.2560451903297,204.33489788316652,600.1656745547637,2544.856768638373,16088.696947685283,3269.3583661306643,80.46200076844512,1054.5107282158992,1562.0456099118992,2756.3104103494675,9111.256916880033,10851.948350959907,343952.01257030974,44354.241318524844,5625.769439252271,163.52268994084025,102067.36478916864,1754.162907250984
2017-09-01,2231820.0,24009230.0,68441085.0,32084659.0,18735244.0,125623275.0,174512021.0,117211286.0,150483700.0,98849838.0,812182158.0,65183323.0,2559784.0,81627650.0,26532919.0,29069149.0,31759918.0,439478.0,22939908.0,21830.0,123834.0,10541173.0,13393256.0,50214.0,11013553.0,1798.0,76854557.0,3713469.0,165444.0,,4773093.0,13267569.0,1266870.0,-56598463.0,116386830.0,185134976.0,128536513.0,44918159.0,912.23,58048.0,1866.0,2693.0,6025.8,492.1,2606590.0,6731118.0,7012433.0,1033871.0,10.96,301.0,87.0,163.0,545145.0,,,,491275.0,852.0,1992.0,-522.4,0.0,,0.0,1664.0,9.0,331.0,0.0,177.0,16.0,85.0,129.0,305.0,0.0,0.0,796.0,,0.0,209.0,29.0,87.0,681.0,0.0,22.0,,1778.0,2160.0,0.0,17.0,0.0,5.0,12.0,,34158.0,2.0,0.0,,5.0,144.0,56.0,5.0,0.0,0.0,0.0,0.0,67.0,33.0,0.0,0.0,2510.0,,0.0,555.0,0.0,0.0,0.0,0.0,0.0,,16.0,1232.0,5.0,677.0,0.0,31.0,0.0,,186.0,0.0,11285.0,,0.0,0.0,0.0,0.0,0.0,0.0,0.0,0.0,0.0,0.0,1740.0,12124.0,550.0,,0.0,0.0,0.0,0.0,0.0,2420.0,0.0,,0.0,22052.0,0.0,0.0,8864.0,0.0,0.0,,139339.0,0.0,11285.0,,5.0,1808.0,65.0,336.0,0.0,177.0,16.0,85.0,196.0,338.0,1740.0,12124.0,3856.0,,0.0,764.0,29.0,87.0,681.0,2420.0,22.0,,1794.0,25444.0,5.0,694.0,8864.0,36.0,12.0,,173683.0,2.0,246568.0,42672.0,198374.0,5522.0,10127.520399957895,97.23532742,56.152857142857144,2492.841,22173.414,6428.079,2964.0,,,62.22589311345,24.417246,86.64313911344999,5.0286,4.002,157.699883876015,256.043029,413.742912876015,-27529314.0,156065827.0,25.0,52.0,0.0,0.0,11.0,40.0,51.0,23.0,58.0,33.0,61.0,43.0,43.0,20.0,19.0,8.0,29.0,60.0,24.0,28.0,33.0,28.0,42.0,61.0,15.0,23.0,70.0,55.0,0.0,36.0,8.0,40.0,25.0,20.0,0.0,60.0,55.0,55.0,57.0,26.0,27.0,32.0,29.0,18.0,42.0,10.0,23.0,24.0,6.0,24.0,8.0,42.0,72.0,84.0,99.0,28.0,67.0,0.0,41.0,80.0,10.0,10.0,68.0,26.0,73.0,0.0,55.0,84.0,40.0,40.0,11.0,0.0,22.0,13.0,27.0,27.0,21.0,0.0,39.0,26.0,19.0,35.0,33.63461538461539,33.40243902439025,88.30964416322678,287.63516792115723,81.86066611823534,208.6245589046257,618.1675091425875,2588.7165112904145,16208.4118914106,3337.992942474011,85.17095314939752,998.810783632067,1548.6183762382432,2529.1317921371005,9144.219583546701,10318.989505588745,340153.6839147257,40656.064738893634,5688.322213579403,166.60750927681127,100068.23943568871,1677.9558544034371,87.4490646189345,281.6505597371907,81.59436379754314,209.32855911746947,612.1434523325414,2534.8550376347166,16155.684031913543,3349.2569458795115,82.86509600654037,1035.3727279371235,1562.9463168432183,2708.2123476926563,9128.0785835467,10616.387660217586,343433.8469721442,43521.35362778252,5662.984866940078,165.00563681778445,101674.91671092276,1734.5522088794055
2017-10-01,,,,,,,,,,,,60580110.0,4205321.0,103088070.0,38554966.0,23111615.0,30110555.0,251658.0,23584187.0,788670.0,12022887.0,13223820.0,12782473.0,50562.0,14951103.0,1858.0,94736559.0,2603385.0,186171.0,2200000.0,6151511.0,6746756.0,,-20560524.0,137655604.0,183703265.0,163142741.0,67477057.0,901.16,,2075.0,2555.5,6010.6,490.1,2634756.0,6723086.0,7009722.0,1226511.0,11.69,,,,,,,,,,,,0.0,,0.0,3357.0,10.0,300.0,29.0,328.0,57.0,74.0,120.0,209.0,0.0,0.0,1344.0,,0.0,194.0,17.0,73.0,1161.0,0.0,18.0,,3500.0,4061.0,0.0,29.0,0.0,12.0,34.0,,53391.0,605.0,0.0,,20.0,134.0,39.0,15.0,3.0,0.0,0.0,0.0,60.0,23.0,0.0,0.0,1310.0,,0.0,260.0,0.0,0.0,1.0,0.0,0.0,,17.0,1622.0,15.0,327.0,0.0,28.0,0.0,,352.0,2.0,16128.0,,0.0,0.0,0.0,0.0,0.0,0.0,0.0,0.0,0.0,0.0,17449.0,21872.0,707.0,,0.0,0.0,0.0,0.0,0.0,22693.0,0.0,,0.0,17808.0,0.0,0.0,22006.0,0.0,0.0,,239660.0,0.0,16128.0,,20.0,3491.0,49.0,315.0,32.0,328.0,57.0,74.0,180.0,232.0,17449.0,21872.0,3361.0,,0.0,454.0,17.0,73.0,1162.0,22693.0,18.0,,3517.0,23491.0,15.0,356.0,22006.0,40.0,34.0,,293403.0,607.0,431474.0,68923.0,358323.0,4228.0,9660.217182159424,97.30137762,57.50772727272727,2556.997272727273,23036.23727272727,6603.011363636364,,,,7.649377698761905,27.580121,35.2294986987619,36.4284,7.9212,55.658370987619044,191.879249,247.53761998761902,2551091.0,160591650.0,27.0,50.0,0.0,0.0,10.0,37.0,36.0,28.0,54.0,32.0,49.0,41.0,37.0,26.0,17.0,8.0,28.0,50.0,22.0,36.0,27.0,33.0,42.0,77.0,22.0,32.0,78.0,50.0,0.0,50.0,10.0,36.0,31.0,21.0,5.0,64.0,64.0,52.0,56.0,25.0,29.0,25.0,35.0,23.0,39.0,14.0,29.0,29.0,8.0,34.0,8.0,52.0,67.0,80.0,93.0,37.0,93.0,0.0,46.0,58.0,8.0,13.0,39.0,32.0,69.0,0.0,57.0,83.0,47.0,49.0,19.0,0.0,19.0,15.0,31.0,34.0,20.0,0.0,47.0,28.0,25.0,36.0,35.15384615384615,34.548780487804876,82.02314362558799,266.6993194146135,77.51486859461576,160.38736404577975,574.1620053791158,2400.2938747315216,15347.94398173392,2566.197824732476,81.48076267320704,943.8901548387644,1597.7519090855335,2435.3560958669527,9118.388250213366,10014.659911149041,349977.10145083925,39820.49982502134,5222.149421644259,146.65617392014923,102232.66235930574,1667.9273101294277,87.11705650321362,278.1378063719953,80.83436329067828,191.9959331766016,609.8193955224954,2503.240257347958,16005.203931554299,3071.9349308256255,83.81503251447688,940.4991114895,1574.3973422939619,2569.470216375457,9134.728139102255,9952.481176888994,345289.5785378747,41554.75427964069,5547.549628812594,159.5212898356222,101482.88553337666,1687.962826843822
2017-11-01,,,,,,,,,,,,60581176.0,4529396.0,72633351.0,36635185.0,27179046.0,34044081.0,281519.0,22942114.0,2264143.0,820064.0,14034907.0,15810073.0,106883.0,24067752.0,20330.0,68032247.0,1792570.0,41642.0,,4601104.0,14165463.0,150.0,-78902194.0,111488347.0,205437522.0,126535328.0,42463789.0,900.0,,2070.0,2349.7,5992.1,477.1,2610223.0,6728990.0,6981440.0,1428108.0,11.35,,,,,,,,,,,,0.0,,0.0,5557.0,7.0,668.0,56.0,549.0,127.0,191.0,268.0,335.0,0.0,0.0,2260.0,,0.0,329.0,39.0,167.0,3216.0,0.0,112.0,0.0,4014.0,4749.0,0.0,60.0,0.0,10.0,192.0,,76250.0,1655.0,0.0,,136.0,401.0,100.0,23.0,9.0,36.0,0.0,8.0,165.0,51.0,0.0,0.0,2517.0,,0.0,548.0,0.0,0.0,895.0,0.0,16.0,0.0,26.0,1860.0,49.0,950.0,0.0,83.0,0.0,,1280.0,5.0,19234.0,,0.0,0.0,0.0,0.0,0.0,0.0,0.0,0.0,0.0,0.0,39962.0,19266.0,739.0,,0.0,0.0,0.0,0.0,0.0,53435.0,0.0,464.0,0.0,38640.0,0.0,0.0,51586.0,0.0,0.0,,223346.0,0.0,19234.0,,136.0,5958.0,107.0,691.0,65.0,585.0,127.0,199.0,433.0,386.0,39962.0,19266.0,5516.0,,0.0,877.0,39.0,167.0,4111.0,53435.0,128.0,464.0,4040.0,45249.0,49.0,1010.0,51586.0,93.0,192.0,,300876.0,1660.0,556641.0,100811.0,446672.0,9158.0,10088.412967264652,98.26382336,62.71409090909091,2593.6057142857144,23557.929523809526,6796.0428571428565,,,,43.682991919530004,45.957798,89.64078991953,3.8138,5.2868,161.610812222845,238.532619,400.14343122284504,-51723148.0,178258476.0,29.0,38.0,0.0,0.0,12.0,37.0,28.0,14.0,60.0,39.0,62.0,45.0,38.0,27.0,17.0,7.0,37.0,55.0,34.0,70.0,0.0,28.0,48.0,86.0,29.0,36.0,96.0,49.0,0.0,39.0,18.0,36.0,43.0,21.0,0.0,70.0,65.0,59.0,67.0,23.0,36.0,34.0,36.0,51.0,43.0,13.0,24.0,31.0,7.0,32.0,7.0,45.0,63.0,60.0,77.0,41.0,64.0,25.0,34.0,53.0,13.0,14.0,57.0,37.0,0.0,25.0,54.0,85.0,56.0,46.0,24.0,0.0,20.0,22.0,34.0,34.0,23.0,0.0,38.0,26.0,24.0,43.0,35.0,35.52439024390244,89.14297749656014,254.58494348879367,76.35249518852818,164.65403071244646,624.000842475921,2291.2644913991435,15117.794047328582,2634.4644913991433,85.76776267320703,1197.1604502987336,1617.7691061312603,2440.511866229853,9148.397250213366,12104.136505588747,354320.4185952932,39713.03608612771,5166.880968150697,146.1836117215821,103821.49710930574,1730.8449420149313,86.60144557131545,268.3081191956058,78.67066087042424,177.52626588268961,606.2101189992081,2414.773072760452,15576.790852343996,2840.420254123034,84.26079441923879,1046.8764505775093,1585.5769618225813,2448.378876411302,9137.848472435588,10814.899196331067,347503.14320454135,39743.93021668089,5359.548574556673,152.77662288000877,101799.95527249723,1686.5311023140337
2017-12-01,2482169.0,25819205.0,73187947.0,34394764.0,20266576.0,139937646.0,186182995.0,123591898.0,152203916.0,122065053.0,880132169.0,60338845.0,11119021.0,73965338.0,18073379.0,13736999.0,34636058.0,718715.0,33828519.0,,2533333.0,12597205.0,11227068.0,73165.0,14691111.0,27268.0,66037310.0,1346465.0,1708345.0,3462824.0,4465204.0,30011715.0,,-45874103.0,120439132.0,183254101.0,137379998.0,39521275.0,884.81,48324.0,2064.0,2383.0,5982.9,472.5,2654036.0,6763155.0,7037296.0,1417447.0,11.39,314.0,90.0,183.0,437963.0,,,,404224.0,565.0,1169.0,-486.4,0.0,,0.0,9164.0,23.0,1389.0,53.0,617.0,179.0,287.0,347.0,469.0,0.0,0.0,2537.0,,0.0,621.0,106.0,266.0,5366.0,0.0,146.0,,5304.0,6474.0,0.0,30.0,0.0,18.0,161.0,,98375.0,1668.0,0.0,,246.0,492.0,104.0,33.0,37.0,2.0,0.0,19.0,341.0,107.0,0.0,0.0,4131.0,,0.0,426.0,0.0,4.0,170.0,0.0,18.0,,48.0,2864.0,25.0,1203.0,0.0,45.0,0.0,,1843.0,0.0,44698.0,,0.0,0.0,0.0,0.0,0.0,0.0,0.0,0.0,0.0,0.0,45320.0,22175.0,1598.0,,0.0,0.0,0.0,0.0,0.0,36494.0,0.0,,0.0,32477.0,0.0,0.0,57848.0,0.0,0.0,,223233.0,0.0,44698.0,,246.0,9656.0,127.0,1422.0,90.0,619.0,179.0,306.0,688.0,576.0,45320.0,22175.0,8266.0,,0.0,1047.0,106.0,270.0,5536.0,36494.0,164.0,,5352.0,41815.0,25.0,1233.0,57848.0,63.0,161.0,,323451.0,1668.0,609601.0,133600.0,463843.0,12158.0,9448.834909558296,98.07510851,64.3736842105263,2664.3405,24545.384,6889.7405,2999.6,,,9.881864335660001,47.370315,57.25217933566,2.607,2.6808,78.70153104003501,302.763083,381.46461404003503,-32137104.0,169517102.0,37.0,33.0,0.0,0.0,16.0,47.0,46.0,19.0,61.0,44.0,72.0,53.0,37.0,28.0,20.0,9.0,44.0,68.0,73.0,51.0,45.0,39.0,58.0,100.0,23.0,36.0,90.0,47.0,0.0,44.0,56.0,45.0,48.0,27.0,0.0,78.0,73.0,56.0,58.0,26.0,39.0,30.0,36.0,100.0,56.0,12.0,23.0,24.0,7.0,24.0,6.0,43.0,58.0,67.0,74.0,47.0,60.0,26.0,29.0,50.0,12.0,15.0,49.0,27.0,0.0,0.0,40.0,92.0,70.0,52.0,39.0,0.0,20.0,12.0,45.0,41.0,24.0,0.0,51.0,34.0,13.0,53.0,36.59615384615385,39.109756097560975,90.88028648273084,227.47005961786698,77.0423045102432,164.39842983881746,636.1620053791158,2047.2305365608029,15254.376293028154,2630.3748774210794,83.60181029225465,1411.6613581243046,1583.5338536440224,2812.826001411302,9133.235583546699,14129.622708368894,347731.79466752015,45575.08421668089,5142.035928097288,139.94777011241462,104142.43429402917,1869.8424919865943,87.55038983654694,250.52428034659755,77.00158559075423,162.99313597679233,612.8527288558287,2254.718523119378,15246.31394696934,2607.8901756286773,83.65646108590545,1184.7513087415884,1600.5126400501986,2563.169203113813,9133.618139102256,12087.432263924451,350745.3415906596,41707.21282038776,5180.443843643306,144.51734793767275,103418.4012035185,1756.4981352610603
2018-01-01,,,,,,,,,,,,61076103.0,17117109.0,109296828.0,28439454.0,36714920.0,34656498.0,636706.0,26007141.0,832032.0,1120700.0,13026260.0,13289971.0,66255.0,6037731.0,32328.0,97171711.0,3024099.0,6155444.0,2226083.0,9899034.0,3160583.0,,3530146.0,161707141.0,178582034.0,182112180.0,70237014.0,882.89,,2040.0,2336.2,5993.5,472.4,2638962.0,6745877.0,7033380.0,1463119.0,10.57,,,,,,,,,,,,0.0,,0.0,5385.0,3.0,521.0,29.0,521.0,107.0,103.0,323.0,230.0,0.0,0.0,1823.0,,0.0,169.0,60.0,114.0,3390.0,0.0,44.0,0.0,4785.0,5004.0,0.0,42.0,0.0,8.0,94.0,,76418.0,1703.0,0.0,,164.0,114.0,40.0,23.0,39.0,0.0,0.0,7.0,93.0,68.0,0.0,0.0,1365.0,,0.0,114.0,0.0,0.0,54.0,0.0,16.0,0.0,92.0,3031.0,68.0,358.0,0.0,98.0,0.0,,852.0,0.0,22951.0,,0.0,0.0,0.0,0.0,0.0,0.0,0.0,0.0,0.0,0.0,24068.0,7545.0,1026.0,,0.0,0.0,0.0,0.0,0.0,29897.0,0.0,0.0,0.0,64779.0,0.0,0.0,43419.0,0.0,0.0,,232575.0,0.0,22951.0,,164.0,5499.0,43.0,544.0,68.0,521.0,107.0,110.0,416.0,298.0,24068.0,7545.0,4214.0,,0.0,283.0,60.0,114.0,3444.0,29897.0,60.0,0.0,4877.0,72814.0,68.0,400.0,43419.0,106.0,94.0,,309845.0,1703.0,533732.0,100876.0,426260.0,6596.0,10041.267219752071,98.07510851,69.07727272727273,2789.8038095238094,25804.01761904762,7279.498095238095,,,,67.1619292924,22.328512,89.4904412924,79.9786,2.7647714285714287,70.1139076147238,183.023845,255.90252404329522,40245066.0,141867114.0,60.0,53.0,0.0,0.0,12.0,45.0,40.0,18.0,54.0,34.0,52.0,90.0,35.0,30.0,19.0,8.0,36.0,41.0,28.0,29.0,35.0,29.0,84.0,85.0,32.0,35.0,75.0,43.0,0.0,45.0,25.0,53.0,38.0,40.0,7.0,77.0,69.0,57.0,73.0,30.0,35.0,33.0,39.0,67.0,89.0,15.0,24.0,19.0,6.0,26.0,9.0,48.0,61.0,61.0,84.0,44.0,67.0,17.0,44.0,58.0,15.0,15.0,67.0,29.0,0.0,0.0,56.0,98.0,77.0,61.0,44.0,0.0,29.0,20.0,36.0,36.0,0.0,0.0,47.0,56.0,22.0,81.0,39.65384615384615,39.646341463414636,80.2374293398737,250.3448488053835,77.29780447222834,159.41433084692432,561.6620053791158,2253.1036392484516,15304.96528550121,2550.629293550789,82.69152457796895,1178.93754330949,1605.408729064898,2561.6442092742013,9126.863583546698,12035.108375035563,352063.02000085346,41366.21947778726,5167.590055919892,141.82360336610247,103647.80285930575,1751.1391741643251,86.24086602702313,244.0170307448738,76.83632064470497,162.62978802654598,603.686062189162,2196.153276703864,15213.591487651582,2602.0766084247357,83.76746108590545,1252.959018478744,1604.030128590621,2599.57836591623,9134.395139102255,12669.642307442178,351663.41973047995,42131.46270464306,5153.8768587423365,142.43100136078698,103899.72997041687,1780.4864804818553
2018-02-01,,,,,,,,,,,,55182797.0,14133142.0,104610964.0,28558365.0,11865324.0,35058033.0,284940.0,30914819.0,842845.0,2602449.0,12590780.0,16458214.0,85896.0,40736149.0,23010.0,82407578.0,1931579.0,144047.0,,22203386.0,29552693.0,840.0,-46508034.0,154087079.0,216042785.0,169534751.0,50006692.0,826.77,,2051.0,2312.4,5971.7,453.2,2647964.0,6734981.0,7015596.0,1513882.0,11.84,,,,,,,,,,,,0.0,,0.0,7870.0,0.0,909.0,32.0,541.0,152.0,260.0,274.0,322.0,0.0,0.0,2642.0,,0.0,419.0,87.0,380.0,4850.0,0.0,113.0,0.0,5635.0,6562.0,0.0,37.0,0.0,7.0,159.0,,93365.0,1699.0,0.0,,174.0,23.0,131.0,30.0,133.0,16.0,0.0,16.0,305.0,67.0,0.0,0.0,3419.0,,0.0,465.0,0.0,0.0,52.0,0.0,12.0,0.0,45.0,4299.0,27.0,1360.0,0.0,72.0,6.0,,1250.0,12.0,30074.0,,0.0,0.0,0.0,0.0,0.0,0.0,0.0,0.0,0.0,0.0,36389.0,19638.0,1445.0,,0.0,0.0,0.0,0.0,0.0,33972.0,0.0,0.0,0.0,49159.0,0.0,0.0,47902.0,329.0,0.0,,177018.0,0.0,30074.0,,174.0,7893.0,131.0,939.0,165.0,557.0,152.0,276.0,579.0,389.0,36389.0,19638.0,7506.0,,0.0,884.0,87.0,380.0,4902.0,33972.0,125.0,0.0,5680.0,60020.0,27.0,1397.0,47902.0,408.0,165.0,,271633.0,1711.0,534155.0,126315.0,395926.0,11914.0,9714.208850860596,98.42423099,65.3175,2705.1552631578948,24981.545263157896,7161.772631578947,,,1.3960842105263158,66.91937475925263,27.630926,95.94638496977895,87.9263,2.7921684210526316,126.96659181846316,221.247937,351.0066972395158,-34642710.0,204177461.0,53.0,61.0,0.0,0.0,14.0,37.0,37.0,23.0,54.0,31.0,47.0,82.0,34.0,22.0,22.0,8.0,41.0,40.0,26.0,27.0,27.0,31.0,83.0,59.0,27.0,31.0,71.0,34.0,0.0,41.0,14.0,45.0,40.0,36.0,6.0,88.0,64.0,56.0,58.0,25.0,29.0,39.0,37.0,44.0,81.0,12.0,19.0,37.0,8.0,23.0,8.0,45.0,67.0,64.0,90.0,51.0,58.0,24.0,42.0,57.0,17.0,20.0,48.0,37.0,0.0,0.0,53.0,92.0,76.0,49.0,39.0,0.0,16.0,11.0,25.0,38.0,12.0,0.0,39.0,50.0,24.0,83.0,37.11538461538461,37.30487804878049,86.30488225846489,236.02068841116957,78.81821362558352,167.81125440200302,604.1341758092543,2124.1861957005262,15606.006297865539,2684.9800704320483,81.82595314939752,1107.013727658348,1497.6936965217267,2486.8016162298522,9120.8045835467,11197.837969475262,332160.1140425557,40453.672086127706,5254.826684951841,142.23875967430524,98233.10717042633,1688.2767852814104,85.71070729686441,238.38820497825836,77.80288748243531,163.9627514786204,599.9749510780509,2145.4938448043254,15404.971721522192,2623.4040236579262,82.53177854622291,1222.4916604540526,1563.6163321087781,2614.4364423051184,9125.745361324478,12395.436085219959,344136.37818882515,42369.191926865285,5193.461135265624,141.46613780904462,102006.68789055871,1766.771399107612
2018-03-01,2764828.0,26186527.0,74624057.0,34918239.0,18606520.0,138754852.0,172847115.0,127388083.0,145497549.0,109288031.0,850875801.0,56872424.0,25937627.0,154064702.0,39511110.0,22306853.0,43121732.0,14956.0,32800032.0,230154.0,310740.0,13481185.0,14300593.0,874895.0,21701062.0,13410.0,80602809.0,4423989.0,119460.0,10747112.0,62714781.0,10404750.0,360.0,35444800.0,223139017.0,202550967.0,237995767.0,51583281.0,863.12,53563.0,1962.0,2318.6,5963.3,449.1,2753633.0,6859271.0,7145403.0,1596942.0,11.79,341.0,97.0,135.0,386060.0,,,,358793.0,691.0,1256.0,-452.2,0.0,,0.0,13822.0,13.0,2266.0,95.0,605.0,217.0,368.0,734.0,430.0,0.0,0.0,3800.0,,0.0,580.0,119.0,945.0,7738.0,0.0,170.0,0.0,7579.0,8205.0,0.0,87.0,0.0,4.0,205.0,,134042.0,2093.0,0.0,,220.0,4.0,169.0,60.0,101.0,12.0,2.0,9.0,414.0,87.0,0.0,0.0,6955.0,,0.0,708.0,17.0,0.0,112.0,0.0,29.0,0.0,131.0,6553.0,87.0,1489.0,0.0,115.0,6.0,,1868.0,20.0,35657.0,,0.0,0.0,0.0,0.0,0.0,0.0,0.0,0.0,0.0,0.0,42654.0,17594.0,2377.0,,0.0,0.0,0.0,0.0,0.0,46424.0,0.0,0.0,0.0,50819.0,0.0,0.0,51255.0,0.0,0.0,,257428.0,0.0,35657.0,,220.0,13826.0,182.0,2326.0,196.0,617.0,219.0,377.0,1148.0,517.0,42654.0,17594.0,13132.0,,0.0,1288.0,136.0,945.0,7850.0,46424.0,199.0,0.0,7710.0,65577.0,87.0,1576.0,51255.0,119.0,211.0,,393338.0,2113.0,707493.0,184117.0,504208.0,19168.0,10607.172109901903,98.13172297,66.01666666666667,2702.7738095238096,24582.170476190477,7311.505714285714,3290.6,,1.397559090909091,10.666159678609091,38.117776,50.18149476951818,65.3492,27.95118181818182,194.80919269576364,218.187504,440.94787851394545,57751653.0,180244114.0,49.0,54.0,0.0,0.0,9.0,49.0,50.0,19.0,48.0,29.0,46.0,84.0,31.0,21.0,17.0,7.0,41.0,34.0,18.0,25.0,22.0,33.0,73.0,73.0,32.0,33.0,66.0,48.0,0.0,35.0,9.0,47.0,44.0,34.0,4.0,100.0,71.0,56.0,56.0,30.0,35.0,27.0,34.0,22.0,83.0,9.0,22.0,21.0,6.0,21.0,7.0,39.0,61.0,69.0,73.0,48.0,58.0,0.0,39.0,49.0,13.0,16.0,67.0,28.0,74.0,0.0,49.0,91.0,82.0,65.0,57.0,0.0,37.0,14.0,34.0,29.0,16.0,0.0,49.0,48.0,21.0,81.0,38.30769230769231,37.69512195121951,81.16123886368322,220.68483990462587,80.04749870759103,184.0640645498332,568.1286720457827,1986.163559141633,15849.404744103023,2945.0250327973313,78.16057219701656,1243.7004873357707,1602.803842454165,2427.2416685484027,9095.146916880034,12522.99683892208,350312.5380313782,39595.69095557452,5337.180502021943,141.48941050643333,102881.5931856887,1733.6841807327808,82.68054856670568,235.81802694162752,78.86345700381345,170.31414036750928,578.7638399669397,2122.3622424746477,15614.964486755063,2725.0262458801485,80.78946108590546,1185.7971046197213,1570.1408974277379,2498.3996577397074,9113.549139102255,12001.866394477634,345143.30802492914,40575.92206205205,5260.2792037692,141.919043219914,101708.66140514027,1728.6548627510037
2018-04-01,,,,,,,,,,,,59248507.0,11413744.0,142656251.0,28120955.0,24792066.0,45810786.0,394131.0,27647189.0,906423.0,254750.0,12205834.0,12706152.0,-663417.0,10793319.0,16480.0,127054203.0,7419627.0,29906.0,,15602048.0,12186786.0,14800.0,28314291.0,200274912.0,183821024.0,212135315.0,85790089.0,854.85,,1972.0,2293.7,5962.1,447.8,2790958.0,6888731.0,7169407.0,1694241.0,10.33,,,,,,,,,,,,0.0,,0.0,10771.0,18.0,1534.0,113.0,711.0,153.0,359.0,499.0,372.0,0.0,0.0,2522.0,,0.0,414.0,139.0,548.0,5926.0,0.0,217.0,0.0,5822.0,5991.0,0.0,56.0,0.0,9.0,133.0,,106093.0,1642.0,0.0,,191.0,409.0,266.0,55.0,187.0,0.0,0.0,19.0,107.0,79.0,0.0,0.0,4396.0,,0.0,635.0,0.0,0.0,98.0,0.0,13.0,0.0,147.0,5257.0,15.0,1905.0,0.0,164.0,42.0,,1465.0,11.0,35904.0,,0.0,0.0,0.0,0.0,0.0,0.0,0.0,0.0,0.0,0.0,36136.0,22283.0,2253.0,,0.0,0.0,0.0,0.0,0.0,27974.0,0.0,0.0,0.0,52846.0,0.0,0.0,39680.0,0.0,0.0,,211197.0,0.0,35904.0,,191.0,11180.0,284.0,1589.0,300.0,711.0,153.0,378.0,606.0,451.0,36136.0,22283.0,9171.0,,0.0,1049.0,139.0,548.0,6024.0,27974.0,230.0,0.0,5969.0,64094.0,15.0,1961.0,39680.0,173.0,175.0,,318755.0,1653.0,587776.0,144042.0,428273.0,15461.0,10897.538004010916,98.31100208,72.10600000000001,2653.625238095238,24304.212857142855,7084.14238095238,,,,70.6405735582857,49.035227,119.67580055828569,130.7631,4.223757142857142,170.51126925609523,233.544578,408.2796043989524,53106357.0,159028958.0,42.0,57.0,0.0,0.0,9.0,42.0,44.0,36.0,51.0,29.0,47.0,75.0,32.0,22.0,15.0,9.0,23.0,13.0,23.0,27.0,51.0,30.0,62.0,72.0,46.0,37.0,73.0,35.0,0.0,43.0,11.0,47.0,33.0,30.0,0.0,78.0,65.0,62.0,49.0,34.0,28.0,32.0,32.0,22.0,75.0,12.0,22.0,31.0,8.0,22.0,7.0,41.0,63.0,64.0,72.0,49.0,69.0,20.0,47.0,51.0,15.0,15.0,61.0,20.0,57.0,0.0,47.0,90.0,88.0,55.0,51.0,0.0,20.0,11.0,30.0,35.0,24.0,0.0,43.0,33.0,28.0,64.0,37.17307692307692,36.68292682926829,79.15171505415942,230.91331553181809,82.16311851316222,185.6765645498332,554.0620053791158,2078.219839786363,16268.29746560612,2970.825032797331,76.9374293398737,1186.5646535842739,1544.6095775877616,2471.711940322604,9086.584916880032,11913.796302808598,340214.7440730805,40687.127433361784,5467.851085892233,144.47617841224323,100475.56318153272,1720.760113023322,82.33292951908665,230.43550322598438,80.44496434061816,179.1409056116676,576.3305066336064,2073.9195290338594,15928.102939442395,2866.2544897866815,78.87744521288958,1196.5520919952667,1550.4443171808243,2461.6166097558416,9100.165027991143,12035.342592624202,341243.3851360402,40240.66804724356,5361.151866224136,143.08857567433918,100654.89020097478,1718.944264132599
2018-05-01,,,,,,,,,,,,59496831.0,5603671.0,114508023.0,44158489.0,45250523.0,33195018.0,521319.0,28895071.0,139312.0,1142161.0,15565505.0,14491453.0,131232.0,8892135.0,7236.0,88084680.0,4817700.0,238730.0,6839982.0,19583361.0,17791600.0,,-53023399.0,153828031.0,223933114.0,170909715.0,55055731.0,844.88,,1960.0,2327.9,5937.6,435.2,2775908.0,6891626.0,7293373.0,1662913.0,11.66,,,,,,,,,,,,0.0,,0.0,10930.0,3.0,1662.0,40.0,625.0,154.0,255.0,357.0,429.0,0.0,0.0,2520.0,,0.0,340.0,144.0,538.0,5411.0,0.0,115.0,0.0,5795.0,6463.0,0.0,72.0,0.0,6.0,111.0,,98419.0,1703.0,0.0,,193.0,357.0,0.0,58.0,352.0,12.0,0.0,7.0,409.0,60.0,0.0,0.0,4803.0,,0.0,472.0,0.0,0.0,120.0,0.0,32.0,0.0,106.0,6039.0,18.0,1336.0,0.0,98.0,32.0,,952.0,18.0,17464.0,,0.0,0.0,0.0,0.0,0.0,0.0,0.0,0.0,0.0,0.0,30985.0,20646.0,2118.0,,0.0,0.0,0.0,0.0,0.0,13949.0,0.0,0.0,0.0,39477.0,0.0,0.0,28527.0,0.0,0.0,,195226.0,0.0,17464.0,,193.0,11287.0,3.0,1720.0,392.0,637.0,154.0,262.0,766.0,489.0,30985.0,20646.0,9441.0,,0.0,812.0,144.0,538.0,5531.0,13949.0,147.0,0.0,5901.0,51979.0,18.0,1408.0,28527.0,104.0,143.0,,294597.0,1721.0,499958.0,136092.0,348392.0,15474.0,10457.456845283508,98.82996792,76.9752380952381,2701.4936363636366,24572.532272727272,7339.327272727273,,,1.3469818181818183,32.93676540390909,65.77067,100.0544172220909,40.6246,2.6939636363636366,25.445952462018184,253.055659,281.1955750983818,-7772876.0,178682591.0,44.0,61.0,0.0,0.0,7.0,40.0,44.0,26.0,51.0,33.0,50.0,69.0,35.0,22.0,17.0,7.0,36.0,11.0,32.0,31.0,31.0,32.0,67.0,69.0,22.0,33.0,71.0,26.0,0.0,45.0,10.0,47.0,30.0,30.0,0.0,73.0,68.0,71.0,53.0,32.0,33.0,31.0,38.0,21.0,66.0,14.0,22.0,26.0,6.0,20.0,7.0,46.0,60.0,76.0,69.0,47.0,43.0,0.0,47.0,67.0,18.0,19.0,73.0,17.0,0.0,24.0,52.0,94.0,80.0,58.0,36.0,0.0,18.0,17.0,36.0,47.0,19.0,0.0,44.0,34.0,17.0,63.0,35.23076923076923,35.74390243902439,81.9326674351118,237.01266947448755,76.01591074733996,225.13323622317603,573.5286720457825,2133.1140252703876,15051.150327973312,3602.1317795708164,78.66647695892132,1218.1749679809254,1555.9981055366059,2217.904108400572,9098.688250213365,12103.31110002845,343324.4748981018,37196.07031670934,5339.981201215074,155.02362097002884,100430.63614126324,1675.8353352125337,80.65806426050861,230.6820091200482,79.45606566298184,199.00922933476403,564.6064498235603,2076.138082080434,15732.301001270402,3184.1476693562245,77.97738172082607,1214.8951227200764,1570.3705160829277,2366.737676590526,9093.8645835467,12168.77052503082,345030.4757980733,39070.85790188188,5389.298300632655,147.4513420945757,101340.99220213316,1708.9289763228758
2018-06-01,2510076.0,14638496.0,92594009.0,35053399.0,20713781.0,170180740.0,180548476.0,178926530.0,103194771.0,182514406.0,980874684.0,63492518.0,17574385.0,102455848.0,101530083.0,31204463.0,36965507.0,785139.0,40872358.0,977217.0,1059564.0,21611681.0,16565725.0,287126.0,20028995.0,17824.0,75389589.0,3578878.0,5550249.0,2738433.0,24327826.0,39380848.0,2145.0,-128672721.0,157780879.0,317631085.0,188958364.0,49688464.0,824.28,47301.0,1972.0,2391.9,5921.7,483.9,2773290.0,6852708.0,7260511.0,1572097.0,11.76,391.0,95.0,148.0,467022.0,,,,399852.0,849.0,2019.0,-377.7,0.0,,0.0,13538.0,46.0,2605.0,67.0,825.0,118.0,491.0,409.0,449.0,0.0,0.0,2689.0,,0.0,337.0,187.0,659.0,6418.0,0.0,96.0,0.0,6138.0,7745.0,0.0,65.0,0.0,9.0,168.0,,110295.0,1549.0,0.0,,563.0,328.0,1142.0,125.0,651.0,17.0,0.0,3.0,810.0,105.0,0.0,0.0,10474.0,,0.0,1661.0,0.0,2.0,141.0,0.0,6.0,0.0,85.0,8157.0,36.0,5549.0,0.0,76.0,11.0,,965.0,15.0,43325.0,,0.0,0.0,0.0,0.0,0.0,0.0,0.0,0.0,0.0,0.0,22211.0,30638.0,2931.0,,0.0,0.0,0.0,0.0,0.0,17343.0,0.0,0.0,0.0,41703.0,0.0,0.0,30329.0,0.0,0.0,,165451.0,0.0,43325.0,,563.0,13866.0,1188.0,2730.0,718.0,842.0,118.0,494.0,1219.0,554.0,22211.0,30638.0,16094.0,,0.0,1998.0,187.0,661.0,6559.0,17343.0,102.0,0.0,6223.0,57605.0,36.0,5614.0,30329.0,85.0,179.0,,276711.0,1564.0,539756.0,154903.0,353931.0,30922.0,10118.352601408958,99.14134742,74.4047619047619,2754.3528571428574,24790.108095238094,7645.138571428572,3246.3,,,67.02322792068571,21.076585,88.09981292068571,31.4689,2.658838095238095,89.17523686871428,258.653481,350.4875559639524,-97468258.0,286426622.0,45.0,71.0,12.0,0.0,10.0,33.0,51.0,29.0,55.0,32.0,53.0,77.0,34.0,25.0,16.0,7.0,24.0,33.0,27.0,32.0,24.0,39.0,66.0,57.0,40.0,53.0,74.0,25.0,0.0,47.0,7.0,49.0,33.0,29.0,0.0,66.0,68.0,67.0,49.0,35.0,34.0,36.0,33.0,22.0,71.0,14.0,22.0,31.0,7.0,23.0,7.0,49.0,60.0,71.0,67.0,47.0,46.0,17.0,45.0,60.0,10.0,13.0,47.0,22.0,66.0,33.0,54.0,93.0,79.0,56.0,40.0,0.0,28.0,0.0,37.0,40.0,14.0,0.0,50.0,37.0,23.0,69.0,37.67307692307692,37.40243902439025,72.66123886368321,225.25650238965736,75.9365066309062,201.29015477157856,508.62867204578254,2027.3085215069161,15035.428312919425,3220.642476345257,75.79990553034989,1133.4195605735179,1561.87273576089,2337.364667607535,9078.622250213366,11340.512433361782,343252.93726195977,37777.74681112059,5198.001995704345,143.78610066395635,100362.45468916387,1662.9282104305557,78.06600076844512,232.502192911355,77.98452819963754,204.48366897409005,546.4620053791159,2092.5197362021954,15440.93658352823,3271.738703585441,77.13125473669909,1169.7007336917995,1562.0081971290524,2351.726794332459,9087.94169465781,11730.361679659658,343722.9894304894,38704.04640928613,5337.914257173746,148.25909771338192,100811.33480352326,1689.1571248967662
2018-07-01,,,,,,,,,,,,57119785.0,3673885.0,131594369.0,38707312.0,34737910.0,45941403.0,1772123.0,23954326.0,648420.0,884307.0,14310025.0,,424915.0,10384379.0,10825.0,124880077.0,1798591.0,19141.0,1899596.0,4814696.0,6405054.0,,24904116.0,182981780.0,173755777.0,198659893.0,85131029.0,834.79,,1928.0,2381.7,5894.9,488.5,2753841.0,6823746.0,7340568.0,1519808.0,12.47,,,,,,,,,,,,0.0,,0.0,12561.0,36.0,2482.0,102.0,952.0,96.0,334.0,236.0,538.0,0.0,0.0,2354.0,,0.0,453.0,66.0,608.0,6282.0,0.0,89.0,0.0,6060.0,7699.0,0.0,63.0,0.0,0.0,119.0,,120861.0,1415.0,0.0,,399.0,212.0,910.0,233.0,659.0,7.0,0.0,3.0,685.0,99.0,0.0,0.0,11120.0,,0.0,1212.0,0.0,0.0,112.0,0.0,39.0,0.0,28.0,9918.0,3.0,3981.0,0.0,45.0,9.0,,878.0,16.0,26707.0,,0.0,0.0,0.0,0.0,0.0,0.0,0.0,0.0,0.0,0.0,27839.0,42004.0,3446.0,,0.0,0.0,0.0,0.0,0.0,22835.0,0.0,0.0,0.0,55235.0,0.0,0.0,31980.0,0.0,0.0,,198510.0,0.0,26707.0,,399.0,12773.0,946.0,2715.0,761.0,959.0,96.0,337.0,921.0,637.0,27839.0,42004.0,16920.0,,0.0,1665.0,66.0,608.0,6394.0,22835.0,128.0,0.0,6088.0,72852.0,3.0,4044.0,31980.0,45.0,128.0,,320249.0,1431.0,602530.0,163406.0,408556.0,30568.0,9847.62735503912,100.9247028,74.2540909090909,2793.6433333333334,24978.231428571427,7756.86380952381,,,,18.180307930871425,16.917312,35.097619930871424,19.6512,2.6323809523809523,112.4376339533857,227.348625,342.41863990576667,59642026.0,139017867.0,63.0,78.0,0.0,0.0,10.0,38.0,43.0,43.0,55.0,28.0,52.0,87.0,40.0,22.0,17.0,7.0,34.0,27.0,26.0,41.0,23.0,35.0,67.0,69.0,40.0,23.0,73.0,33.0,0.0,47.0,7.0,53.0,47.0,38.0,0.0,56.0,62.0,74.0,59.0,35.0,36.0,35.0,34.0,17.0,81.0,16.0,25.0,21.0,7.0,23.0,6.0,49.0,66.0,75.0,61.0,52.0,75.0,16.0,45.0,71.0,13.0,17.0,73.0,23.0,96.0,36.0,55.0,92.0,87.0,57.0,43.0,0.0,38.0,13.0,34.0,44.0,32.0,0.0,45.0,44.0,26.0,74.0,42.30769230769231,40.30487804878049,68.00409600654037,263.6473985066498,79.31674510433865,177.3328533938961,476.02867204578257,2372.8265865598482,15704.71553065905,2837.3256543023376,74.37395314939752,1197.8513021505858,1552.177657763173,2639.3157296371005,9068.640583546698,12110.354172255413,342757.9823036621,42419.00773889363,5347.724110891755,147.07527325285622,101588.99619958946,1755.8509739496528,74.0358420382864,240.75757915187495,77.08703701358209,200.04756433698944,518.2508942680048,2166.8182123668744,15263.233328689255,3200.761029391831,76.14485791130227,1182.9859065313058,1550.8912471743088,2428.243376881736,9081.036916880032,11849.928235215215,342028.3828453169,39611.718288907854,5287.265866178991,147.9820056351832,100642.76657158,1704.2745372401243
2018-08-01,,,,,,,,,,,,60137330.0,4214393.0,111426534.0,43895742.0,19081376.0,35321508.0,637094.0,26797985.0,13755.0,471855.0,12427221.0,,500204.0,14575038.0,18592.0,104080798.0,3379895.0,37784.0,2835772.0,4509964.0,25798338.0,2000.0,-28619914.0,151599529.0,193679459.0,165059545.0,61959954.0,837.17,,1962.0,2451.7,5882.3,484.1,2782847.0,6809877.0,7326115.0,1432165.0,11.32,,,,,,,,,,,,0.0,,0.0,6651.0,31.0,1494.0,103.0,505.0,44.0,232.0,345.0,474.0,0.0,0.0,2362.0,,0.0,442.0,23.0,294.0,3311.0,0.0,54.0,0.0,4273.0,6285.0,0.0,52.0,0.0,42.0,47.0,,101437.0,1067.0,0.0,,95.0,260.0,65.0,15.0,694.0,8.0,0.0,6.0,235.0,114.0,0.0,0.0,8924.0,,0.0,983.0,0.0,0.0,23.0,0.0,1.0,0.0,14.0,5266.0,8.0,2625.0,0.0,0.0,15.0,,472.0,9.0,7710.0,,0.0,0.0,0.0,0.0,0.0,0.0,0.0,0.0,0.0,0.0,31477.0,40932.0,3758.0,,0.0,0.0,0.0,0.0,0.0,26962.0,0.0,0.0,0.0,40435.0,0.0,0.0,34338.0,0.0,0.0,,181017.0,0.0,7710.0,,95.0,6911.0,96.0,1509.0,797.0,513.0,44.0,238.0,580.0,588.0,31477.0,40932.0,15044.0,,0.0,1425.0,23.0,294.0,3334.0,26962.0,55.0,0.0,4287.0,51986.0,8.0,2677.0,34338.0,42.0,62.0,,282926.0,1076.0,516029.0,129568.0,366629.0,19832.0,10096.423927366734,100.8963955,72.52826086956522,2857.8204347826086,25629.988260869566,7892.23347826087,,,1.2878391304347827,6.958445955026087,17.478195,25.72448008546087,5.4619,2.5756782608695654,54.84158676046956,271.223187,328.6404520213391,-9538538.0,174598083.0,48.0,100.0,0.0,0.0,11.0,43.0,57.0,38.0,57.0,36.0,51.0,69.0,39.0,22.0,18.0,6.0,38.0,24.0,26.0,39.0,26.0,37.0,72.0,74.0,59.0,59.0,78.0,30.0,0.0,44.0,7.0,51.0,41.0,31.0,8.0,58.0,73.0,79.0,66.0,37.0,28.0,34.0,46.0,16.0,68.0,12.0,23.0,29.0,8.0,27.0,7.0,46.0,56.0,56.0,68.0,44.0,48.0,0.0,45.0,75.0,11.0,14.0,58.0,32.0,0.0,0.0,61.0,90.0,73.0,46.0,30.0,0.0,22.0,8.0,35.0,37.0,21.0,0.0,39.0,40.0,22.0,68.0,36.61538461538461,37.74390243902439,75.98981029225465,271.7671746117735,80.69759196813155,194.3439774530282,531.9286720457826,2445.9045715059615,15978.123209690048,3109.5036392484512,75.95195314939751,1386.0394864994437,1492.7580297410154,2660.146970396519,9079.686583546698,13614.091766695115,330612.9838258748,43227.19775279437,5516.365023122561,155.69963858129697,99133.48998222775,1795.3093376136778,71.9199690224134,250.51195768628915,78.51434852383964,189.34651295930703,503.43978315689367,2254.6076191766024,15545.84100772025,3029.5442073489126,75.33347695892132,1238.4525485066144,1529.9046065829107,2555.693879491496,9075.357250213365,12349.128012992991,337778.04997587006,41302.67354538064,5333.358154350665,147.5731970479623,100126.30219611427,1738.9929464723764
2018-09-01,2822247.0,25468364.0,69803731.0,31918016.0,17265387.0,130999341.0,168655364.0,108204269.0,233644070.0,102604421.0,891385210.0,56954754.0,4259394.0,98768554.0,49826005.0,19344550.0,32589723.0,1578656.0,25375274.0,650026.0,256966.0,12129418.0,,518470.0,15388530.0,10915.0,93342524.0,3371730.0,18007.0,1435626.0,3990404.0,-1951031.0,,-18829435.0,137196327.0,168959838.0,150130403.0,52300631.0,811.86,75238.0,1964.0,2490.9,5871.4,485.2,2711239.0,6720211.0,7220342.0,1300736.0,11.05,413.0,123.0,192.0,541189.0,,,,481670.0,782.0,1656.0,-451.7,0.0,,0.0,2037.0,3.0,273.0,70.0,281.0,39.0,113.0,139.0,274.0,0.0,0.0,1382.0,,0.0,190.0,12.0,186.0,850.0,0.0,16.0,0.0,2313.0,2659.0,0.0,43.0,0.0,19.0,24.0,,52525.0,5.0,0.0,,25.0,4.0,4.0,2.0,40.0,0.0,0.0,9.0,76.0,99.0,0.0,0.0,3071.0,,0.0,534.0,0.0,0.0,6.0,0.0,7.0,0.0,6.0,2820.0,22.0,717.0,0.0,7.0,14.0,,217.0,6.0,14319.0,,0.0,0.0,0.0,0.0,0.0,0.0,0.0,0.0,0.0,0.0,28253.0,30933.0,959.0,,0.0,0.0,0.0,0.0,0.0,20288.0,0.0,0.0,0.0,23352.0,0.0,0.0,17681.0,0.0,0.0,,193603.0,0.0,14319.0,,25.0,2041.0,7.0,275.0,110.0,281.0,39.0,122.0,215.0,373.0,28253.0,30933.0,5412.0,,0.0,724.0,12.0,186.0,856.0,20288.0,23.0,0.0,2319.0,28831.0,22.0,760.0,17681.0,26.0,38.0,,246345.0,11.0,400527.0,63453.0,329388.0,7686.0,9953.16111665964,100.8303453,78.89099999999999,2901.5005263157896,26232.667894736842,7983.307368421052,3024.1,,,61.71386514248421,63.06205,124.77591514248421,3.0971,2.6132631578947367,91.47453400475788,240.075853,334.16365016265263,515115.0,149615288.0,33.0,83.0,0.0,4.0,10.0,45.0,34.0,37.0,62.0,33.0,49.0,57.0,33.0,46.0,18.0,9.0,40.0,24.0,23.0,31.0,51.0,28.0,53.0,76.0,56.0,56.0,74.0,51.0,0.0,46.0,6.0,42.0,47.0,23.0,10.0,62.0,70.0,78.0,65.0,44.0,32.0,31.0,38.0,16.0,53.0,14.0,25.0,31.0,9.0,23.0,8.0,44.0,61.0,69.0,65.0,35.0,73.0,0.0,57.0,58.0,13.0,13.0,47.0,24.0,62.0,0.0,59.0,85.0,49.0,44.0,19.0,57.0,23.0,15.0,38.0,49.0,0.0,0.0,52.0,34.0,21.0,51.0,35.98076923076923,37.8780487804878,85.28028648273083,284.4659515532242,80.10911532264956,231.69470426752508,596.9620053791158,2560.193563979018,15861.60483388461,3707.1152682804013,76.16133410177846,983.0357465950299,1540.2525161589574,2424.114125940868,9081.152250213367,10177.01417225541,339447.02394252724,39165.738144453935,5681.468917880787,170.38751440653243,99467.73212736248,1647.581089904508,76.33584203828639,272.53074910401114,80.04856799452809,200.64409858877767,534.3508942680048,2452.7767419361,15849.616462916563,3210.3055774204427,75.44917537161975,1189.0554994026738,1525.3674761305376,2574.6901989359403,9076.167139102256,11967.87325929087,336974.6761786502,41606.61465649175,5511.762419135278,157.38981443140082,99906.33280838376,1732.1661802565277
2018-10-01,,,,,,,,,,,,59653719.0,4220620.0,128837349.0,37039336.0,31072884.0,30875046.0,533391.0,29141581.0,95837.0,12028113.0,15522466.0,,583873.0,18130018.0,36121.0,123060555.0,713257.0,1216347.0,897891.0,4878903.0,16973362.0,922.0,1036404.0,164466406.0,192819994.0,193856398.0,90627280.0,808.48,,2003.0,2473.9,5880.3,488.5,2693833.0,6689655.0,7091881.0,1349944.0,10.93,,,,,,,,,,,,0.0,,0.0,3197.0,6.0,275.0,63.0,419.0,67.0,92.0,183.0,252.0,0.0,0.0,1319.0,,0.0,245.0,35.0,249.0,1388.0,0.0,40.0,0.0,3636.0,4102.0,0.0,44.0,0.0,46.0,33.0,,68003.0,986.0,0.0,,33.0,101.0,38.0,11.0,20.0,2.0,0.0,0.0,94.0,6.0,0.0,0.0,2960.0,,0.0,319.0,0.0,0.0,6.0,0.0,2.0,0.0,0.0,2197.0,15.0,645.0,0.0,31.0,0.0,,472.0,23.0,15037.0,,0.0,0.0,0.0,0.0,0.0,0.0,0.0,0.0,0.0,0.0,21923.0,29835.0,1520.0,,0.0,0.0,0.0,0.0,0.0,31047.0,0.0,0.0,0.0,20990.0,0.0,0.0,26451.0,0.0,0.0,,214404.0,0.0,15037.0,,33.0,3298.0,44.0,286.0,83.0,421.0,67.0,92.0,277.0,258.0,21923.0,29835.0,5799.0,,0.0,564.0,35.0,249.0,1394.0,31047.0,42.0,0.0,3636.0,27289.0,15.0,689.0,26451.0,77.0,33.0,,282879.0,1009.0,452862.0,84680.0,361207.0,6975.0,9991.171000659466,100.8869598,81.03217391304348,2785.4647826086957,25609.341739130436,7527.083913043478,,,1.3011863636363636,20.069525507504547,26.302891,47.673602871140915,6.6921,3.903559090909091,57.73167156733636,288.572891,350.2081216582455,32109288.0,161747110.0,32.0,93.0,0.0,0.0,11.0,29.0,53.0,36.0,56.0,31.0,45.0,53.0,34.0,20.0,15.0,7.0,30.0,25.0,30.0,34.0,37.0,25.0,54.0,57.0,34.0,51.0,78.0,45.0,0.0,47.0,11.0,48.0,46.0,22.0,8.0,54.0,72.0,86.0,62.0,37.0,34.0,35.0,40.0,12.0,52.0,16.0,25.0,30.0,8.0,23.0,6.0,46.0,63.0,59.0,61.0,42.0,32.0,0.0,47.0,67.0,14.0,16.0,61.0,23.0,0.0,20.0,58.0,86.0,50.0,43.0,21.0,0.0,21.0,9.0,39.0,37.0,26.0,0.0,38.0,31.0,23.0,54.0,33.57692307692308,35.073170731707314,84.64219124463561,295.690619892545,80.164554982693,211.67383209012885,592.4953387124493,2661.2155790329048,15872.581886573216,3386.7813134420617,75.94681029225465,1130.18094988057,1593.808031829097,2501.3054907594183,9079.650583546698,11406.342969475263,348436.3894952647,40495.77801390074,5628.268529440158,168.0427995525006,102354.54026554685,1713.8075630884634,81.95647695892131,284.3891929909042,80.17994546185435,212.06192482085527,573.6953387124493,2559.5027369181375,15875.629201447162,3392.9907971336843,75.96323886368322,1156.9084190163726,1546.8310676976407,2497.810070698935,9079.7655835467,11646.890191697486,340306.3463295532,40471.51063704968,5600.454518552858,164.64688505813376,100376.12818546177,1709.849153734661
2018-11-01,,,,,,,,,,,,60809191.0,4983218.0,89993511.0,44084072.0,40950919.0,27377629.0,1342059.0,37628837.0,76677.0,939221.0,17237888.0,,505879.0,14549010.0,5770.0,82050867.0,2339558.0,62821.0,673768.0,7268876.0,7379552.0,2209075.0,-63160745.0,123696417.0,207817816.0,144657071.0,47915693.0,802.12,,2027.0,2535.5,5885.9,488.4,2752613.0,6754082.0,7134157.0,1284318.0,11.83,,,,,,,,,,,,,,,,,,,,,,,,,,,,,,,,,,,,,,,,,,,,,,,,,,,,,,,,,,,,,,,,,,,,,,,,,,,,,,,,,,,,,,,,,,,,,,,,,,,,,,,,,,,,,,,,,,,,,,,,,,,,,,,,,,,,,,,,,,,,,,,,,,,,,,,,9798.315706849098,100.5284016,64.74818181818182,2723.229523809524,25258.675238095242,7236.081428571428,,,1.289995,14.600405767009999,86.499945,102.39034576700999,35.0072,2.57999,88.50363960044,285.01975,376.10337960044,-22209826.0,166866897.0,37.0,70.0,0.0,0.0,10.0,36.0,47.0,21.0,67.0,34.0,48.0,55.0,33.0,24.0,19.0,9.0,39.0,31.0,31.0,64.0,27.0,33.0,61.0,51.0,55.0,44.0,86.0,52.0,0.0,44.0,16.0,44.0,50.0,26.0,22.0,53.0,68.0,66.0,60.0,34.0,33.0,37.0,52.0,20.0,51.0,16.0,25.0,25.0,5.0,24.0,7.0,39.0,58.0,60.0,46.0,44.0,41.0,0.0,30.0,58.0,11.0,15.0,46.0,29.0,0.0,0.0,53.0,91.0,67.0,51.0,32.0,57.0,22.0,18.0,39.0,39.0,19.0,0.0,37.0,42.0,23.0,63.0,34.26923076923077,36.48780487804878,75.96600076844513,252.04172210289846,80.75439367065032,187.88526129041495,531.7620053791159,2268.375498926086,15989.36994678876,3006.164180646639,71.38923886368322,1101.8570997013726,1566.3334418187792,2588.3930852150693,9047.7475835467,11531.340447262524,343281.35477027186,42174.11362224119,5448.917907935151,149.16184445810222,101508.63910583057,1735.855434043871,81.87234997479433,277.86712857436555,80.39245425951141,209.8491825493563,573.1064498235603,2500.80415716929,15917.70594338326,3357.586920789701,74.3892547366991,1071.249505993677,1571.6862650891171,2494.164650638452,9068.74769465781,11002.597350959906,344531.1698424988,40444.84326019862,5587.300867791453,162.4952788395069,101261.83953707878,1696.4763297082013
2018-12-01,2323491.0,19951265.0,80715545.0,31160330.0,23792401.0,140363929.0,153012028.0,114743237.0,101302458.0,133579109.0,800943793.0,58086929.0,13671985.0,91837522.0,26464263.0,14322955.0,34393460.0,23140.0,25852121.0,2444.0,2804664.0,16161533.0,,379005.0,22171101.0,7703.0,83365261.0,3197426.0,52666.0,2025174.0,6447087.0,10605433.0,,-1368594.0,139926107.0,160702672.0,159334078.0,47372363.0,809.84,57530.0,2110.0,2539.3,5886.2,485.8,2728160.0,6707279.0,7108822.0,1196304.0,10.58,358.0,81.0,174.0,448582.0,,,,423083.0,687.0,1577.0,-494.4,0.0,,0.0,8516.0,7.0,1452.0,86.0,534.0,144.0,226.0,377.0,489.0,0.0,0.0,1757.0,,0.0,593.0,118.0,561.0,5816.0,0.0,214.0,0.0,5918.0,8167.0,0.0,68.0,0.0,33.0,180.0,,113699.0,1576.0,0.0,,206.0,460.0,93.0,35.0,105.0,0.0,0.0,13.0,336.0,84.0,0.0,0.0,3641.0,,0.0,376.0,0.0,2.0,139.0,0.0,8.0,0.0,104.0,3453.0,7.0,1088.0,0.0,56.0,20.0,,1941.0,29.0,28065.0,,0.0,0.0,0.0,0.0,0.0,0.0,0.0,0.0,0.0,0.0,16763.0,20287.0,1824.0,,0.0,0.0,0.0,0.0,0.0,54348.0,0.0,0.0,0.0,39261.0,0.0,0.0,41674.0,0.0,0.0,,305459.0,0.0,28065.0,,206.0,8976.0,100.0,1487.0,191.0,534.0,144.0,239.0,713.0,573.0,16763.0,20287.0,7222.0,,0.0,969.0,118.0,563.0,5955.0,54348.0,222.0,0.0,6022.0,50881.0,7.0,1156.0,41674.0,89.0,200.0,,421099.0,1605.0,670408.0,150531.0,507681.0,12196.0,10562.775664299726,100.0,57.36235294117647,2567.3073684210526,23805.545263157896,6814.291578947368,3054.7,,1.2663722222222222,45.51093992879999,47.06745,93.84476215102222,2.9877,16.46283888888889,161.02985911343887,343.748332,521.2410300023278,12954361.0,146379717.0,43.0,45.0,0.0,0.0,11.0,45.0,64.0,33.0,69.0,40.0,59.0,60.0,36.0,21.0,17.0,10.0,34.0,46.0,68.0,50.0,25.0,47.0,68.0,83.0,59.0,36.0,86.0,49.0,0.0,46.0,55.0,57.0,61.0,30.0,79.0,53.0,62.0,64.0,65.0,42.0,27.0,31.0,39.0,17.0,62.0,12.0,22.0,22.0,6.0,16.0,7.0,33.0,55.0,61.0,44.0,55.0,37.0,22.0,42.0,45.0,9.0,12.0,59.0,22.0,70.0,0.0,42.0,96.0,73.0,49.0,40.0,0.0,28.0,10.0,46.0,41.0,24.0,0.0,55.0,42.0,23.0,69.0,38.40384615384615,40.03658536585366,78.33742933987371,232.2768900240557,81.44185393729386,210.15714600143068,548.362005379116,2090.492010216501,16125.487079584183,3362.514336022891,73.93342933987371,1025.6862099761565,1591.6262476594463,2629.540963037673,9065.556916880034,10655.84637503556,349714.0008119741,43972.21605560297,5531.7138578006725,150.55332982566347,103351.90503987318,1748.3895802305462,79.65171505415941,258.8985467544112,80.86260733597626,202.05691667795276,557.5620053791159,2330.086920789701,16010.796252523303,3232.910666847244,73.77520711765148,1086.8243951613417,1580.2736419572614,2577.909561615165,9064.449361324478,11206.090041702228,346453.085871208,42291.311341692744,5532.838961384841,155.36744645562493,102253.73415398186,1733.2531179720381
2019-01-01,,,,,,,,,,,,58094732.0,16159460.0,160930542.0,55897617.0,38853939.0,37650292.0,201608.0,41915285.0,1371484.0,346880.0,16668013.0,,141654.0,20862513.0,18820.0,139757320.0,2644915.0,92090.0,1241746.0,19931476.0,16358070.0,377535.0,-3410811.0,214941902.0,235998555.0,232587744.0,101193306.0,799.1,,2059.0,2507.3,5874.8,482.3,2729947.0,6710768.0,7088817.0,1279756.0,8.79,,,,,,,,,,,,0.0,,0.0,6338.0,12.0,705.0,34.0,398.0,89.0,116.0,308.0,304.0,0.0,0.0,965.0,,0.0,265.0,61.0,347.0,4430.0,0.0,73.0,0.0,6075.0,5758.0,0.0,24.0,0.0,33.0,85.0,,101558.0,1934.0,0.0,,54.0,198.0,74.0,11.0,43.0,7.0,0.0,6.0,186.0,112.0,0.0,0.0,2453.0,,0.0,308.0,7.0,2.0,23.0,0.0,16.0,0.0,72.0,2785.0,15.0,706.0,0.0,54.0,6.0,,870.0,48.0,32261.0,,0.0,0.0,0.0,0.0,0.0,0.0,0.0,0.0,0.0,0.0,21037.0,19648.0,883.0,,0.0,0.0,0.0,0.0,0.0,33996.0,0.0,0.0,0.0,39546.0,0.0,0.0,51268.0,0.0,0.0,,300274.0,0.0,32261.0,,54.0,6536.0,86.0,716.0,77.0,405.0,89.0,122.0,494.0,416.0,21037.0,19648.0,4301.0,,0.0,573.0,68.0,349.0,4453.0,33996.0,89.0,0.0,6147.0,48089.0,15.0,730.0,51268.0,87.0,91.0,,402702.0,1982.0,636881.0,129912.0,498913.0,8056.0,10556.411958277224,100.698245,59.40954545454545,2607.3900000000003,24157.795238095237,6979.655714285714,,,2.58014,17.79893157159,38.057424,58.43649557159,24.8317,3.87021,41.24605735548999,270.835709,315.95197635549,35443128.0,197144616.0,61.0,69.0,0.0,0.0,10.0,47.0,44.0,35.0,61.0,31.0,46.0,95.0,31.0,24.0,16.0,8.0,25.0,28.0,30.0,26.0,59.0,32.0,100.0,76.0,64.0,44.0,75.0,41.0,0.0,39.0,32.0,61.0,47.0,39.0,83.0,52.0,55.0,54.0,51.0,36.0,29.0,31.0,35.0,9.0,92.0,13.0,25.0,26.0,7.0,21.0,8.0,42.0,55.0,48.0,49.0,56.0,37.0,0.0,49.0,44.0,12.0,17.0,63.0,36.0,0.0,18.0,61.0,96.0,90.0,54.0,37.0,52.0,37.0,17.0,36.0,35.0,15.0,0.0,54.0,69.0,18.0,100.0,39.26923076923077,40.48780487804878,86.7517150541594,212.60947371589066,80.5219498344437,197.51888034287092,607.2620053791159,1913.4852634430163,15943.346067219854,3160.3020854859346,74.98638172082607,1141.0745795101998,1519.9460659172942,2531.5878551075343,9072.927583546698,11504.385636141931,335901.236956428,40885.3178111206,5406.098855381981,144.35050473684117,99340.96699680931,1706.5502098830125,80.38028648273084,232.35997923156557,80.98028918402922,198.8196201053888,562.6620053791158,2091.23981308409,16034.097258437781,3181.1139216862207,73.39473092717529,1081.250691457638,1556.9385276185349,2583.281294175648,9061.786027991144,11155.926708368894,342529.2388027069,42345.59971854381,5467.278249646803,148.13504375092862,101273.13781440268,1727.6584765275725
2019-02-01,,,,,,,,,,,,58572058.0,11876479.0,136471454.0,38489015.0,15479595.0,33761902.0,369366.0,26748414.0,3345206.0,237004.0,17871984.0,,429684.0,17018736.0,45363.0,83669250.0,1480960.0,231740.0,2801333.0,50000871.0,9944030.0,,30217802.0,182479201.0,171078014.0,201295816.0,48506834.0,741.0,,2065.0,2494.1,5854.8,481.3,2720804.0,6722804.0,7165514.0,1312544.0,10.21,,,,,,,,,,,,0.0,,0.0,8885.0,14.0,1040.0,56.0,457.0,175.0,161.0,468.0,307.0,0.0,0.0,1824.0,,0.0,278.0,92.0,423.0,5889.0,0.0,156.0,0.0,6760.0,6767.0,0.0,28.0,0.0,62.0,114.0,,115400.0,1780.0,0.0,,240.0,225.0,89.0,25.0,135.0,4.0,2.0,7.0,409.0,82.0,0.0,0.0,3936.0,,0.0,465.0,5.0,5.0,73.0,0.0,9.0,0.0,60.0,3343.0,27.0,928.0,0.0,61.0,12.0,,1429.0,42.0,33476.0,,0.0,0.0,0.0,0.0,0.0,0.0,0.0,0.0,0.0,0.0,20484.0,31062.0,1852.0,,0.0,0.0,0.0,0.0,0.0,45114.0,0.0,0.0,0.0,36663.0,0.0,0.0,34572.0,0.0,0.0,,242399.0,0.0,33476.0,,240.0,9110.0,103.0,1065.0,191.0,461.0,177.0,168.0,877.0,389.0,20484.0,31062.0,7612.0,,0.0,743.0,97.0,428.0,5962.0,45114.0,165.0,0.0,6820.0,46773.0,27.0,956.0,34572.0,123.0,126.0,,359228.0,1822.0,608371.0,151136.0,445622.0,11613.0,10828.8074734807,101.9720702,63.9605,2754.8642105263157,25605.526842105264,7430.077368421053,,,,98.80331611049999,34.662469,133.4657851105,29.6502,2.603266666666667,146.18810922383332,279.58257,428.37394589049995,45697397.0,155598419.0,55.0,75.0,0.0,0.0,9.0,45.0,49.0,38.0,57.0,33.0,46.0,89.0,31.0,22.0,16.0,8.0,37.0,17.0,31.0,25.0,47.0,28.0,90.0,90.0,54.0,55.0,67.0,41.0,0.0,41.0,16.0,50.0,52.0,39.0,78.0,62.0,52.0,53.0,55.0,41.0,28.0,34.0,39.0,9.0,93.0,14.0,25.0,25.0,8.0,24.0,6.0,47.0,65.0,63.0,52.0,52.0,39.0,0.0,42.0,45.0,12.0,17.0,45.0,0.0,64.0,0.0,58.0,96.0,90.0,59.0,45.0,0.0,17.0,11.0,39.0,36.0,0.0,0.0,79.0,56.0,24.0,90.0,38.28846153846154,39.53658536585366,80.3326674351118,233.91569259280473,79.17635159669184,183.68134149880797,562.3286720457826,2105.2412333352427,15676.917616144987,2938.9014639809275,75.59095314939752,1177.035708721666,1602.5120068046608,2415.492907896519,9077.159583546698,11733.057766695116,351299.5129286265,39312.73275279438,5320.847246376735,144.2765132808541,102855.61575791569,1707.9239824719502,81.47234997479433,226.37064812843767,80.17543990630844,195.67479283166443,570.3064498235603,2037.3358331559389,15874.737101449069,3130.796685306631,74.7854293398737,1105.6158577061412,1573.033339365937,2565.4744051299476,9071.520916880032,11280.235172255412,345810.98956104263,41997.37080557927,5403.2940174338,145.92330771030123,102040.02911393932,1730.161711946281
2019-03-01,2621467.0,19932656.0,57255411.0,26923414.0,17497236.0,131731573.0,129389809.0,100615206.0,127670458.0,95290042.0,708927272.0,56771456.0,30656451.0,158367311.0,52813160.0,21106260.0,34764856.0,728377.0,34377183.0,618808.0,313141.0,18240390.0,,401879.0,9413350.0,17635.0,86184018.0,1415331.0,56835.0,8649361.0,63533932.0,16209940.0,,50822487.0,224516995.0,192725488.0,243547975.0,53875274.0,742.4,83889.0,2119.0,2415.1,5842.7,476.6,2757092.0,6760609.0,7215947.0,1436906.0,9.98,380.0,99.0,113.0,397075.0,125151.0,234813.0,8289.0,368253.0,742.0,1522.0,201.3,0.0,,0.0,13127.0,4.0,2146.0,47.0,621.0,244.0,277.0,890.0,454.0,0.0,0.0,2367.0,,0.0,468.0,139.0,752.0,8680.0,0.0,200.0,0.0,8599.0,7433.0,0.0,55.0,0.0,59.0,246.0,,152968.0,1802.0,19.0,,80.0,259.0,223.0,75.0,187.0,0.0,2.0,4.0,923.0,75.0,0.0,0.0,6506.0,,0.0,570.0,0.0,0.0,127.0,0.0,57.0,0.0,125.0,5444.0,33.0,988.0,0.0,52.0,21.0,,1626.0,32.0,17793.0,,0.0,0.0,0.0,0.0,0.0,0.0,0.0,0.0,0.0,0.0,28538.0,22796.0,2493.0,,0.0,0.0,0.0,0.0,0.0,44178.0,0.0,0.0,0.0,52120.0,0.0,0.0,41084.0,0.0,0.0,,321036.0,0.0,17812.0,,80.0,13386.0,227.0,2221.0,234.0,621.0,246.0,281.0,1813.0,529.0,28538.0,22796.0,11366.0,,0.0,1038.0,139.0,752.0,8807.0,44178.0,257.0,0.0,8724.0,64997.0,33.0,1043.0,41084.0,111.0,267.0,,475630.0,1834.0,749044.0,201578.0,530038.0,17428.0,10597.509708672762,102.0947349,66.13857142857144,2803.9838095238097,25722.620952380956,7629.366666666667,3083.6,,,15.58859581062857,29.632081,45.22067681062857,4.3326,6.583285714285713,126.39076215645713,238.506182,371.48022987074285,71928747.0,171619228.0,48.0,66.0,0.0,0.0,9.0,38.0,54.0,29.0,58.0,28.0,42.0,89.0,31.0,20.0,15.0,8.0,24.0,25.0,21.0,26.0,31.0,28.0,79.0,59.0,41.0,41.0,68.0,38.0,0.0,52.0,10.0,51.0,53.0,31.0,82.0,53.0,56.0,55.0,48.0,39.0,28.0,30.0,35.0,13.0,84.0,13.0,22.0,29.0,6.0,25.0,6.0,42.0,60.0,52.0,44.0,53.0,49.0,0.0,39.0,58.0,13.0,16.0,56.0,25.0,0.0,14.0,52.0,93.0,93.0,56.0,55.0,0.0,12.0,12.0,39.0,32.0,28.0,0.0,37.0,49.0,23.0,82.0,36.69230769230769,36.84146341463415,72.89457219701654,225.54161851873067,76.89508778112078,175.68174375011935,510.2620053791159,2029.874566668576,15225.227380661916,2810.9079000019096,73.27261981606418,1046.0748396057859,1542.3545700690258,2518.182897244635,9060.931250213365,10839.344041702227,340053.1866814209,40860.79455001422,5144.067963177879,137.75325556174684,100203.56413083768,1692.5075765925899,79.78187378431814,224.51218122284064,78.54692633330613,185.73102340963294,558.473116490227,2020.6096310055657,15552.291413994612,2971.696374554127,74.53906426050862,1130.7836168260123,1555.4918480703652,2523.806681810046,9069.796361324477,11475.085660217585,342369.433628636,40887.45641482746,5275.767634011132,142.14300118752448,100950.44301625137,1713.8248229708938
2019-04-01,,,,,,,,,,,,59030193.0,9353227.0,192564640.0,56880531.0,25111960.0,45154212.0,562127.0,40770220.0,1105027.0,499680.0,16334782.0,,635276.0,34041466.0,5142.0,154119842.0,1188235.0,92240.0,4577804.0,33866994.0,20187426.0,73520.0,26959788.0,247634206.0,238315058.0,265274846.0,110591307.0,730.4,,2154.0,2444.5,5851.6,477.2,2937456.0,6939038.0,7365181.0,1572168.0,9.88,,,,,,,,,,,,0.0,,0.0,12093.0,21.0,1750.0,83.0,534.0,207.0,340.0,847.0,536.0,0.0,0.0,2436.0,,0.0,589.0,218.0,570.0,7083.0,0.0,196.0,0.0,7168.0,6048.0,0.0,44.0,0.0,51.0,191.0,,128326.0,1836.0,0.0,,185.0,13.0,411.0,51.0,130.0,0.0,2.0,17.0,636.0,87.0,0.0,0.0,5339.0,,0.0,604.0,30.0,4.0,100.0,0.0,17.0,0.0,198.0,4192.0,20.0,1795.0,0.0,106.0,73.0,,1280.0,61.0,20817.0,,0.0,0.0,0.0,0.0,0.0,0.0,0.0,0.0,0.0,0.0,51843.0,41398.0,2606.0,,0.0,0.0,0.0,0.0,0.0,21551.0,0.0,0.0,0.0,36320.0,0.0,0.0,34012.0,0.0,0.0,,262552.0,0.0,20817.0,,185.0,12106.0,432.0,1801.0,213.0,534.0,209.0,357.0,1483.0,623.0,51843.0,41398.0,10381.0,,0.0,1193.0,248.0,574.0,7183.0,21551.0,213.0,0.0,7366.0,46560.0,20.0,1839.0,34012.0,157.0,264.0,,392158.0,1897.0,657617.0,171167.0,471099.0,15351.0,10888.219585210083,102.2457067,71.23333333333333,2903.8,26401.577142857142,7993.368772727274,,,,38.4161369008,25.63853,64.0546669008,8.544,13.029363636363636,73.4055409434,230.064537,316.49944157976364,52071748.0,213203098.0,37.0,65.0,0.0,0.0,8.0,46.0,64.0,27.0,47.0,33.0,47.0,74.0,31.0,17.0,17.0,6.0,36.0,25.0,24.0,27.0,26.0,30.0,67.0,70.0,62.0,71.0,75.0,32.0,0.0,49.0,8.0,46.0,53.0,26.0,81.0,43.0,60.0,55.0,49.0,43.0,28.0,36.0,39.0,11.0,71.0,13.0,25.0,24.0,6.0,24.0,7.0,45.0,59.0,60.0,50.0,49.0,40.0,0.0,38.0,44.0,10.0,17.0,56.0,29.0,0.0,0.0,50.0,87.0,100.0,58.0,56.0,0.0,33.0,11.0,34.0,44.0,16.0,0.0,70.0,47.0,24.0,69.0,35.55769230769231,37.28048780487805,75.27076267320703,248.43801839919476,77.37065123282426,177.91754324606592,526.8953387124492,2235.942165592753,15319.3889440992,2846.6806919370547,70.09357219701656,1011.1373770609866,1615.9354806153476,2142.009056552456,9038.677916880033,10619.884911149042,353482.4705813924,36076.72751948949,5232.226785085364,144.749243887823,102304.44023222775,1627.8218469164365,76.01838172082607,236.41202341715697,77.53389552341095,179.1463206094422,532.1286720457825,2127.708210754413,15351.71131363537,2866.341129751075,72.91323886368323,1068.8355246515835,1590.0097534059782,2373.5842247312034,9058.415583546699,11012.530862997733,348665.770035104,38990.44660743269,5219.47233154666,142.27765531770905,101931.79077227028,1678.8787637190626
2019-05-01,,,,,,,,,,,,61151003.0,3906075.0,127591199.0,39729196.0,46961730.0,45252893.0,436635.0,38604554.0,32528.0,346836.0,18337467.0,,229307.0,11395273.0,4415.0,115853014.0,1965084.0,-34875.0,,11738185.0,19959605.0,1510.0,-23725511.0,177186802.0,219798973.0,196073462.0,74435899.0,719.2,,2170.0,2464.9,5845.6,475.7,2957942.0,6978491.0,7370706.0,1593473.0,10.72,,,,,,,,,,,,0.0,,0.0,11909.0,42.0,2038.0,143.0,454.0,205.0,282.0,641.0,536.0,0.0,0.0,2710.0,,0.0,677.0,165.0,457.0,6502.0,0.0,154.0,0.0,6027.0,5524.0,0.0,62.0,0.0,79.0,125.0,,118323.0,1686.0,0.0,,282.0,454.0,473.0,75.0,314.0,0.0,4.0,0.0,551.0,86.0,0.0,0.0,5516.0,,0.0,740.0,7.0,12.0,94.0,0.0,3.0,0.0,136.0,3840.0,31.0,2538.0,0.0,147.0,14.0,,1068.0,32.0,16530.0,,0.0,0.0,0.0,0.0,0.0,0.0,0.0,0.0,0.0,0.0,23780.0,72466.0,2606.0,,0.0,0.0,0.0,0.0,0.0,19701.0,0.0,0.0,0.0,45237.0,0.0,0.0,23658.0,0.0,0.0,,209966.0,0.0,16530.0,,282.0,12363.0,515.0,2113.0,457.0,454.0,209.0,282.0,1192.0,622.0,23780.0,72466.0,10832.0,,0.0,1417.0,172.0,469.0,6596.0,19701.0,157.0,0.0,6163.0,54601.0,31.0,2600.0,23658.0,226.0,139.0,,329357.0,1718.0,589102.0,158741.0,413944.0,16417.0,10292.761667311192,102.0758634,71.31772727272727,2854.7059090909092,25744.788636363635,7804.820909090909,,,1.28545,62.43605371650909,33.876746,97.59824971650909,3.8756,3.85635,84.94368187403637,412.862364,501.6623958740364,23236219.0,172837243.0,39.0,80.0,0.0,0.0,9.0,44.0,50.0,27.0,52.0,26.0,40.0,74.0,26.0,21.0,16.0,8.0,33.0,25.0,31.0,28.0,24.0,23.0,73.0,70.0,60.0,48.0,67.0,36.0,0.0,55.0,10.0,46.0,45.0,26.0,69.0,42.0,62.0,68.0,52.0,43.0,29.0,37.0,48.0,18.0,69.0,15.0,22.0,22.0,7.0,26.0,7.0,37.0,52.0,50.0,51.0,48.0,36.0,16.0,37.0,52.0,12.0,15.0,53.0,26.0,0.0,24.0,54.0,88.0,82.0,55.0,40.0,0.0,21.0,16.0,34.0,31.0,14.0,0.0,61.0,45.0,21.0,69.0,34.98076923076923,36.4390243902439,72.75171505415942,301.1323765234994,79.14988229071841,223.65194737911312,509.26200537911586,2710.1913887114943,15671.676693562245,3578.43115806581,69.9134293398737,658.4533244325756,1593.6670104757832,2392.708649126371,9037.416916880033,8110.5746639434155,351067.85217310884,39613.03083892208,5617.390311429666,169.17148031187259,101957.21864821359,1610.2797275293867,73.61361981606417,258.2628560535511,77.71044553426822,193.17298413988246,515.2953387124492,2324.36570448196,15386.668215785106,3090.7677462381193,71.00839759384195,894.1454953206522,1587.1189145750175,2344.2343364695594,9045.081694657809,9788.573384302723,348663.2521406738,38774.12314817976,5329.274251304409,150.6899763859415,101567.75759195353,1641.0205013385018
2019-06-01,3073642.0,25894160.0,62356277.0,40188262.0,21164579.0,143153124.0,184504885.0,164857048.0,221691103.0,115748672.0,982631752.0,65861228.0,2321004.0,205979912.0,107398814.0,21456027.0,41832842.0,1938490.0,41527976.0,241174.0,461635.0,20759525.0,,1937221.0,15339316.0,8425.0,173450147.0,7072820.0,595861.0,12735009.0,19794756.0,44927065.0,2065.0,-27983140.0,252072248.0,303824420.0,275841280.0,122660397.0,691.2,68966.0,2160.0,2536.3,5846.4,460.8,3003606.0,7026752.0,7429428.0,1557614.0,10.99,459.0,126.0,175.0,471553.0,152115.0,252720.0,8362.0,413197.0,888.0,1728.0,100.3,0.0,,0.0,13138.0,20.0,2526.0,83.0,568.0,142.0,242.0,681.0,543.0,0.0,0.0,1821.0,,0.0,375.0,125.0,600.0,6942.0,0.0,71.0,0.0,6596.0,5910.0,0.0,76.0,0.0,46.0,162.0,,126094.0,1631.0,0.0,,729.0,277.0,1336.0,126.0,407.0,16.0,2.0,10.0,996.0,169.0,0.0,0.0,9545.0,,0.0,1143.0,2.0,0.0,122.0,0.0,17.0,0.0,77.0,6027.0,29.0,5234.0,0.0,65.0,0.0,,1192.0,34.0,27328.0,,0.0,0.0,0.0,0.0,0.0,0.0,0.0,0.0,0.0,0.0,29459.0,75888.0,2445.0,,0.0,0.0,0.0,0.0,0.0,21133.0,0.0,0.0,0.0,50663.0,0.0,0.0,32314.0,0.0,0.0,,206233.0,0.0,27328.0,,729.0,13415.0,1356.0,2652.0,490.0,584.0,144.0,252.0,1677.0,712.0,29459.0,75888.0,13811.0,,0.0,1518.0,127.0,600.0,7064.0,21133.0,88.0,0.0,6673.0,62600.0,29.0,5310.0,32314.0,111.0,162.0,,333519.0,1665.0,641410.0,168392.0,445463.0,27555.0,10220.235996425152,102.0192489,64.2205,2890.166,26160.101000000002,7825.459,3364.9,,,79.89156620338501,20.210757,100.10232320338501,4.6163,2.5350200000000003,112.384798604685,313.737097,428.656915604685,-6527113.0,282368393.0,42.0,65.0,0.0,0.0,9.0,52.0,60.0,20.0,53.0,34.0,45.0,87.0,29.0,19.0,15.0,8.0,33.0,26.0,20.0,32.0,38.0,41.0,74.0,89.0,70.0,63.0,66.0,40.0,0.0,55.0,6.0,48.0,35.0,29.0,83.0,52.0,59.0,62.0,41.0,37.0,31.0,35.0,38.0,18.0,81.0,15.0,22.0,18.0,6.0,26.0,6.0,35.0,57.0,62.0,44.0,51.0,37.0,0.0,36.0,59.0,10.0,14.0,74.0,45.0,0.0,19.0,54.0,86.0,70.0,56.0,31.0,64.0,32.0,20.0,29.0,38.0,26.0,0.0,58.0,49.0,22.0,77.0,36.03846153846154,38.8780487804878,75.66123886368321,336.2392069296881,79.65092018851372,282.65334274201246,529.6286720457825,3026.152862367193,15770.88219732572,4522.453483872199,72.4236674351118,633.0074347073598,1594.8273317585008,2004.4850870968048,9054.988583546701,7691.605591716452,349967.90333418676,33591.40991114904,5962.279303902724,193.55117718097438,100076.47685514974,1503.792605981092,74.42155632400068,295.56595973733215,78.53450840128522,228.74140957669692,520.9508942680048,2660.0936376359896,15549.832663454472,3659.862553227151,70.90211187955624,766.7724774990729,1604.37201639519,2159.3185769153556,9044.33769465781,8800.512944491858,351921.0695804847,36163.72378059586,5597.684937146404,169.31585850982873,101482.41100005756,1576.8737223216995
2019-07-01,,,,,,,,,,,,58773433.0,3164981.0,181801293.0,33175516.0,39025435.0,42743641.0,525187.0,36568892.0,1224631.0,505240.0,16000655.0,12234047.0,137481.0,15758423.0,3610.0,169797647.0,2929898.0,154450.0,3391518.0,8612128.0,8243552.0,,37103871.0,228235102.0,207933827.0,245037698.0,133387236.0,683.7,,2218.0,2521.4,5843.4,462.6,2986520.0,6991532.0,7408144.0,1581355.0,11.2,,,,,,,,,,,,0.0,,0.0,12287.0,21.0,2458.0,110.0,618.0,131.0,237.0,555.0,608.0,0.0,0.0,2046.0,,0.0,446.0,99.0,604.0,6494.0,0.0,61.0,0.0,7507.0,5937.0,0.0,49.0,0.0,53.0,100.0,,133966.0,1584.0,0.0,,342.0,191.0,636.0,213.0,316.0,0.0,0.0,25.0,807.0,218.0,0.0,0.0,9489.0,,0.0,860.0,4.0,0.0,58.0,0.0,10.0,0.0,21.0,6834.0,14.0,3637.0,0.0,102.0,25.0,,790.0,23.0,35995.0,,0.0,0.0,0.0,0.0,0.0,0.0,0.0,0.0,0.0,0.0,25831.0,79574.0,3226.0,,0.0,0.0,0.0,0.0,0.0,16730.0,0.0,0.0,0.0,62400.0,0.0,0.0,31247.0,0.0,0.0,,194764.0,0.0,35995.0,,342.0,12478.0,657.0,2671.0,426.0,618.0,131.0,262.0,1362.0,826.0,25831.0,79574.0,14761.0,,0.0,1306.0,103.0,604.0,6552.0,16730.0,71.0,0.0,7528.0,75171.0,14.0,3686.0,31247.0,155.0,125.0,,329520.0,1607.0,650353.0,175971.0,449767.0,24615.0,10164.662372648716,102.7552368,63.9191304347826,2996.1136363636365,27089.186818181817,8205.598636363635,,,1.2460863636363635,13.838080843236362,57.124049,72.20821620687272,85.6681,1.2460863636363635,61.99266833632727,255.582936,318.8216906999636,76129306.0,168908392.0,40.0,77.0,0.0,0.0,12.0,60.0,71.0,23.0,49.0,32.0,49.0,82.0,29.0,19.0,16.0,5.0,30.0,21.0,29.0,36.0,29.0,36.0,71.0,72.0,52.0,31.0,70.0,31.0,0.0,52.0,11.0,54.0,57.0,28.0,77.0,49.0,51.0,70.0,53.0,41.0,40.0,38.0,43.0,16.0,75.0,20.0,23.0,26.0,6.0,22.0,7.0,37.0,58.0,52.0,43.0,54.0,40.0,0.0,37.0,78.0,10.0,14.0,38.0,31.0,0.0,27.0,53.0,83.0,82.0,61.0,37.0,49.0,42.0,14.0,42.0,39.0,17.0,0.0,37.0,52.0,21.0,70.0,37.46153846153846,38.40243902439025,74.74219124463562,334.98807019127867,79.92432870919984,254.4775576614212,523.1953387124493,3014.8926317215078,15825.017084421566,4071.640922582739,73.37223886368322,612.3478437874213,1621.3777768356142,2328.075368111588,9061.628583546699,7885.581402837046,354180.1331036052,38673.876375035565,5858.686494359565,186.03303695163382,102450.30486625612,1594.1499762431176,74.29774680019116,324.84087220247636,79.5401576590962,254.55944571022104,520.0842276013381,2923.5678498222874,15748.951216501047,4072.9511313635367,71.9510801335245,634.6478799881313,1605.3107234532256,2247.0106250560325,9051.680472435588,7896.325663943416,352043.61488974234,37376.84048614668,5816.3886063220525,183.30955559299616,101592.11537806701,1571.1293284866856
2019-08-01,,,,,,,,,,,,60965376.0,2681609.0,116319562.0,37185335.0,15700220.0,42093734.0,751366.0,16430863.0,69115.0,9796.0,13985730.0,13617089.0,137208.0,21541131.0,5100.0,107864489.0,3920873.0,254521.0,2682660.0,5772413.0,16487665.0,,-9678961.0,161846271.0,185917667.0,176238706.0,77625198.0,696.8,,2144.0,2501.1,5858.7,462.4,2962211.0,6928885.0,7337447.0,1527404.0,11.53,,,,,,,,,,,,0.0,,0.0,5927.0,25.0,0.0,44.0,317.0,45.0,224.0,372.0,342.0,0.0,0.0,1637.0,,0.0,294.0,25.0,382.0,3002.0,0.0,69.0,0.0,5212.0,4476.0,0.0,71.0,0.0,51.0,77.0,,107661.0,867.0,0.0,,61.0,107.0,98.0,0.0,154.0,2.0,4.0,2.0,307.0,130.0,0.0,0.0,6252.0,,0.0,583.0,0.0,0.0,22.0,0.0,10.0,0.0,19.0,988.0,39.0,1864.0,0.0,31.0,28.0,,611.0,23.0,15576.0,,0.0,0.0,0.0,0.0,0.0,0.0,0.0,0.0,0.0,0.0,23274.0,81486.0,2569.0,,0.0,0.0,0.0,0.0,0.0,15727.0,0.0,0.0,0.0,26431.0,0.0,0.0,35736.0,0.0,0.0,,210287.0,0.0,15576.0,,61.0,6034.0,123.0,0.0,198.0,319.0,49.0,226.0,679.0,472.0,23274.0,81486.0,10458.0,,0.0,877.0,25.0,382.0,3024.0,15727.0,79.0,0.0,5231.0,31895.0,39.0,1935.0,35736.0,82.0,105.0,,318559.0,890.0,553541.0,131120.0,411086.0,11335.0,10126.73254916072,102.3589356,59.041818181818186,2897.498181818182,26058.225,7910.933181818182,,,,27.460065788222725,33.461001,60.92106678822273,41.7353,1.2159818181818183,67.63030925494091,220.791961,289.6382520731227,6021259.0,170217447.0,36.0,65.0,0.0,0.0,12.0,54.0,70.0,32.0,60.0,36.0,48.0,65.0,31.0,17.0,15.0,6.0,32.0,36.0,28.0,36.0,0.0,40.0,63.0,63.0,62.0,58.0,66.0,43.0,0.0,56.0,8.0,50.0,49.0,26.0,57.0,49.0,60.0,64.0,45.0,50.0,37.0,32.0,50.0,14.0,68.0,18.0,21.0,28.0,6.0,21.0,18.0,43.0,57.0,61.0,49.0,53.0,24.0,0.0,49.0,62.0,14.0,13.0,68.0,26.0,61.0,24.0,50.0,87.0,76.0,59.0,26.0,62.0,37.0,17.0,37.0,38.0,22.0,0.0,53.0,44.0,26.0,63.0,37.71153846153846,39.048780487804876,74.32314362558799,365.5819203704765,78.78117704198887,277.34642419360995,520.2620053791159,3290.237283334288,15598.673054313795,4437.542787097759,71.18261981606419,671.8479910992424,1598.8109256924613,2216.6102648857895,9046.301250213366,8231.126663943414,349047.05035081075,37270.346852822826,5961.678782531239,199.00816630791581,100898.7062794476,1574.7897370799035,74.86600076844512,346.355325368516,79.31063308992653,273.4108475471309,524.0620053791159,3117.1979283166443,15703.505351805452,4374.573560754095,72.27888965733402,639.1059727201117,1611.34588485397,2203.5017122536165,9053.975139102255,7968.107842647909,352162.1591471229,36838.99460189137,5929.834711563827,193.48570169350464,101505.8091826911,1564.951065427259
2019-09-01,2247135.0,23302014.0,66428043.0,36490459.0,19278007.0,137781476.0,176836370.0,109350673.0,256544112.0,106571964.0,934830253.0,57446022.0,2609526.0,79743235.0,39167752.0,20792898.0,25498374.0,800394.0,34798047.0,577248.0,1495920.0,9920062.0,12044412.0,24164.0,17662408.0,2100.0,72035726.0,11423792.0,20160.0,2308786.0,5398723.0,13188318.0,,-86886962.0,108651529.0,207100897.0,120213935.0,55208577.0,749.7,41057.0,2171.0,2523.0,5881.2,446.4,3060442.0,7028229.0,7540906.0,1558762.0,10.92,364.0,94.0,120.0,483083.0,189758.0,230188.0,7922.0,427868.0,743.0,1688.0,-287.5,0.0,,0.0,0.0,0.0,0.0,0.0,177.0,49.0,78.0,154.0,224.0,0.0,0.0,959.0,,0.0,203.0,33.0,143.0,778.0,0.0,18.0,0.0,2253.0,0.0,0.0,486.0,0.0,42.0,17.0,,48480.0,9.0,0.0,,0.0,0.0,0.0,0.0,0.0,17.0,0.0,0.0,89.0,37.0,0.0,0.0,943.0,,0.0,155.0,0.0,12.0,4.0,0.0,0.0,0.0,31.0,0.0,54.0,200.0,0.0,0.0,0.0,,262.0,20.0,10888.0,,0.0,0.0,0.0,0.0,0.0,0.0,0.0,0.0,0.0,0.0,1917.0,66005.0,627.0,,0.0,0.0,0.0,0.0,0.0,12151.0,0.0,0.0,0.0,12175.0,0.0,0.0,14275.0,0.0,0.0,,177529.0,0.0,10888.0,,0.0,0.0,0.0,0.0,0.0,194.0,49.0,78.0,243.0,261.0,1917.0,66005.0,2529.0,,0.0,358.0,33.0,155.0,782.0,12151.0,18.0,0.0,2284.0,12175.0,54.0,686.0,14275.0,42.0,17.0,,226271.0,29.0,351494.0,54103.0,295567.0,1824.0,9458.132764279842,102.6703152,62.826666666666675,2982.156,26900.214,8087.6995,3007.9,,,2.55497388192,11.519249,14.07422288192,61.7881,2.47373,24.07646338272,225.46957,252.01976338272001,-66094064.0,186307999.0,46.0,89.0,0.0,0.0,11.0,61.0,76.0,20.0,100.0,36.0,53.0,84.0,29.0,22.0,19.0,10.0,29.0,27.0,33.0,27.0,38.0,41.0,60.0,64.0,57.0,69.0,62.0,71.0,0.0,69.0,7.0,48.0,46.0,31.0,52.0,32.0,63.0,65.0,53.0,47.0,47.0,38.0,48.0,15.0,78.0,14.0,34.0,30.0,8.0,32.0,100.0,57.0,62.0,57.0,49.0,39.0,66.0,0.0,48.0,100.0,10.0,13.0,0.0,24.0,64.0,0.0,62.0,97.0,50.0,100.0,14.0,0.0,14.0,22.0,36.0,48.0,14.0,0.0,71.0,42.0,20.0,56.0,42.13461538461539,41.78048780487805,60.756476958921326,323.385693130292,74.24232850554189,236.9367343414402,425.2953387124493,2910.471238172628,14699.981044097292,3790.987749463043,61.64819124463561,578.865621565199,1606.3266427501335,2188.9083477486884,8979.560250213366,7584.241402837046,349965.2941341299,36637.16011392919,5456.683842611353,173.83030823404886,100791.56397527737,1545.702950827413,70.09615949860387,343.5640363999365,77.66703876676162,256.6121347223018,490.673116490227,3092.0763275994286,15378.073675818801,4105.794155556829,68.72058807003243,612.5088188172875,1611.8353718330789,2250.3508269153554,9029.067027991143,7823.711489872502,351689.2093748865,37620.23978059586,5766.654318866322,186.98484234690096,101540.5569183365,1571.6602773450456
2019-10-01,,,,,,,,,,,,62834031.0,4435865.0,135434489.0,38662402.0,28348348.0,41737855.0,635578.0,45371286.0,788601.0,225887.0,16090405.0,14302357.0,67116.0,31278550.0,2150.0,126776495.0,14369226.0,19664.0,4238719.0,4419275.0,11725512.0,320.0,-49028133.0,182243787.0,247680313.0,198652180.0,102026235.0,698.9,,2209.0,2584.2,5900.1,446.4,3100961.0,7060725.0,7564659.0,1564726.0,10.03,,,,,,,,,,,,0.0,,0.0,630.0,0.0,281.0,0.0,132.0,130.0,92.0,266.0,196.0,0.0,0.0,1155.0,,0.0,327.0,11.0,217.0,1374.0,0.0,69.0,0.0,3720.0,298.0,0.0,69.0,0.0,88.0,30.0,,65259.0,723.0,0.0,,0.0,0.0,0.0,0.0,0.0,0.0,0.0,4.0,173.0,12.0,0.0,0.0,2155.0,,0.0,301.0,0.0,0.0,52.0,0.0,4.0,0.0,26.0,950.0,0.0,373.0,0.0,0.0,679.0,,522.0,17.0,21181.0,,0.0,0.0,0.0,0.0,0.0,0.0,0.0,0.0,0.0,0.0,21488.0,98895.0,197.0,,0.0,0.0,0.0,0.0,0.0,26345.0,0.0,0.0,0.0,6748.0,0.0,0.0,27469.0,0.0,0.0,,200018.0,0.0,21181.0,,0.0,630.0,0.0,281.0,0.0,132.0,130.0,96.0,439.0,208.0,21488.0,98895.0,3507.0,,0.0,628.0,11.0,217.0,1426.0,26345.0,73.0,0.0,3746.0,7996.0,0.0,442.0,27469.0,88.0,709.0,,265799.0,740.0,482676.0,75067.0,402341.0,5268.0,9735.27631419897,102.2079638,59.71304347826087,2977.675217391304,26736.796086956525,8079.2739130434775,,,,9.864374789454546,32.028814,41.89318878945454,68.614,2.531327272727273,27.47659279163636,285.195671,315.20359106436365,-20679785.0,219331965.0,21.0,82.0,0.0,0.0,12.0,51.0,73.0,14.0,63.0,37.0,46.0,40.0,29.0,18.0,19.0,5.0,31.0,27.0,33.0,35.0,38.0,39.0,47.0,63.0,69.0,48.0,70.0,51.0,0.0,61.0,7.0,43.0,51.0,17.0,62.0,30.0,55.0,70.0,56.0,49.0,49.0,50.0,56.0,13.0,44.0,15.0,25.0,29.0,9.0,25.0,8.0,49.0,66.0,62.0,57.0,44.0,48.0,0.0,52.0,64.0,12.0,13.0,0.0,28.0,0.0,22.0,61.0,84.0,54.0,24.0,16.0,0.0,17.0,25.0,36.0,40.0,15.0,0.0,57.0,30.0,21.0,42.0,32.90384615384615,35.65853658536585,65.82392987751251,272.3196034648441,70.51427432936909,167.3431729504055,460.7675091425875,2450.8764311835967,13961.82631721508,2677.490767206488,63.99609600654037,603.7289351255234,1626.490283303517,2250.8141583669526,8995.995583546699,7523.077127829934,353862.7169313497,36867.828825021345,4887.740256186938,144.00024515553278,101812.40461693692,1553.1161063699456,66.96785015400728,320.4290723218709,74.51259329229995,227.20877716181855,468.7749510780509,2883.8616508968375,14753.49347187539,3635.3404345890967,65.60896902241339,618.1475159299882,1610.542617248704,2218.77759033381,9007.285694657809,7779.481731536798,350958.3538054302,36925.11193059112,5435.367627109844,172.27957323249916,101167.55829055398,1557.8695980924208
2019-11-01,,,,,,,,,,,,60495964.0,8711606.0,111209729.0,39917886.0,46316483.0,40829557.0,1283492.0,24780941.0,1054965.0,3529641.0,14877478.0,15722290.0,164628.0,13040695.0,7904.0,107157475.0,600097.0,51359.0,260119.0,3792135.0,7137832.0,,-28400599.0,162034384.0,209067153.0,180666554.0,93808796.0,697.6,,2190.0,2578.8,5893.0,445.6,3118985.0,7159678.0,7643679.0,1651315.0,10.8,,,,,,,,,,,,0.0,,0.0,942.0,0.0,601.0,0.0,435.0,32.0,107.0,515.0,339.0,0.0,0.0,1975.0,,0.0,529.0,71.0,418.0,3263.0,0.0,89.0,0.0,5121.0,639.0,0.0,61.0,0.0,59.0,268.0,,88084.0,1563.0,0.0,,0.0,87.0,13.0,32.0,0.0,4.0,0.0,7.0,316.0,59.0,0.0,0.0,2282.0,,0.0,696.0,0.0,0.0,97.0,0.0,12.0,0.0,52.0,915.0,44.0,753.0,0.0,11.0,4.0,,1285.0,27.0,35849.0,,0.0,0.0,0.0,0.0,0.0,0.0,0.0,0.0,0.0,0.0,29531.0,85087.0,1128.0,,0.0,0.0,0.0,0.0,0.0,27313.0,0.0,0.0,0.0,18951.0,0.0,0.0,52552.0,0.0,0.0,,256636.0,0.0,35849.0,,0.0,1029.0,13.0,633.0,0.0,439.0,32.0,114.0,831.0,398.0,29531.0,85087.0,5385.0,,0.0,1225.0,71.0,418.0,3360.0,27313.0,101.0,0.0,5173.0,20505.0,44.0,814.0,52552.0,70.0,272.0,,346005.0,1590.0,618854.0,105111.0,507047.0,6696.0,8842.257036864758,102.2173995,63.21190476190476,3104.9044999999996,27797.046000000002,8517.5775,,,,111.06288562533157,44.532278,155.59516362533157,4.8591,2.576842105263158,96.50837031934736,293.720071,392.80528342461054,17915884.0,162750670.0,26.0,65.0,0.0,0.0,10.0,39.0,64.0,24.0,68.0,37.0,44.0,48.0,27.0,20.0,17.0,6.0,35.0,34.0,41.0,63.0,47.0,33.0,54.0,83.0,61.0,58.0,85.0,58.0,0.0,53.0,16.0,44.0,80.0,21.0,50.0,43.0,57.0,69.0,43.0,66.0,42.0,35.0,45.0,16.0,48.0,18.0,24.0,25.0,7.0,22.0,7.0,42.0,61.0,61.0,49.0,46.0,33.0,18.0,43.0,67.0,8.0,11.0,38.0,38.0,0.0,32.0,50.0,84.0,61.0,20.0,29.0,0.0,21.0,28.0,37.0,54.0,37.0,0.0,55.0,38.0,29.0,50.0,35.59615384615385,38.02439024390244,97.40885791130226,277.4207229392255,76.65229367063102,210.34321179446843,681.8620053791159,2496.7865064530297,15177.154146784942,3365.491388711495,73.50652457796895,656.1857886500292,1553.7132494434088,2171.8270875672392,9062.5685835467,8375.100938950527,338503.0839035483,36458.837983376005,5430.323511832146,165.4562715789068,98099.89785235538,1553.3770836535737,74.66308824924536,291.04200651145385,73.80296550184734,204.87437302877134,522.6416177447177,2619.378058603085,14612.987169365771,3277.9899684603415,66.3836039430483,612.9267817802505,1595.5100584990196,2203.84986456096,9012.708139102255,7827.473156539169,347443.6983230093,36654.60897410884,5258.249203543479,161.0956083228295,100234.62214818988,1550.7320469503106
2019-12-01,1493812.0,22793299.0,43583088.0,26680558.0,15140862.0,92702583.0,148415525.0,89724136.0,162434011.0,82035505.0,685003379.0,80987299.0,12479300.0,99438817.0,48805950.0,15228711.0,38918721.0,655098.0,39813616.0,337733.0,428292.0,15497895.0,14862816.0,365810.0,11058683.0,4925.0,84839719.0,10059061.0,14998.0,6479097.0,8120001.0,16657242.0,3992.0,-70003263.0,151491936.0,237811111.0,167807848.0,53254198.0,686.3,61589.0,2232.0,2620.9,5891.6,444.6,3248398.0,7304977.0,7892847.0,1758056.0,10.48,350.0,52.0,152.0,448510.0,155853.0,240938.0,8213.0,405004.0,802.0,1659.0,-373.3,0.0,0.0,0.0,1166.0,9.0,524.0,5.0,425.0,242.0,220.0,437.0,448.0,0.0,0.0,1632.0,0.0,0.0,591.0,143.0,479.0,5637.0,0.0,211.0,0.0,6400.0,2001.0,0.0,52.0,0.0,70.0,188.0,,117592.0,1649.0,0.0,12.0,0.0,38.0,14.0,11.0,21.0,0.0,0.0,14.0,376.0,71.0,0.0,0.0,2316.0,0.0,0.0,361.0,4.0,3.0,118.0,0.0,6.0,0.0,56.0,1846.0,19.0,482.0,0.0,29.0,0.0,,1766.0,30.0,26753.0,0.0,0.0,0.0,0.0,0.0,0.0,0.0,0.0,0.0,0.0,0.0,9175.0,87725.0,1076.0,3889.0,0.0,0.0,0.0,0.0,0.0,47661.0,0.0,0.0,0.0,29033.0,0.0,0.0,61490.0,0.0,0.0,,295670.0,0.0,26753.0,12.0,0.0,1204.0,23.0,535.0,26.0,425.0,242.0,234.0,813.0,519.0,9175.0,87725.0,5024.0,3889.0,0.0,952.0,147.0,482.0,5755.0,47661.0,217.0,0.0,6456.0,32880.0,19.0,534.0,61490.0,99.0,188.0,,415028.0,1679.0,710186.0,140121.0,562472.0,7593.0,10203.72061124444,101.4342329,67.21714285714286,3176.749523809524,28167.005714285715,8778.591428571428,2988.3,,1.3109047619047618,112.96025599576664,50.119767,164.39092775767142,5.1542,2.6218095238095236,66.02671376326666,331.452258,400.10078128707613,-54774552.0,222582400.0,32.0,43.0,0.0,0.0,12.0,45.0,60.0,30.0,75.0,45.0,59.0,58.0,32.0,22.0,13.0,6.0,31.0,37.0,68.0,52.0,57.0,52.0,61.0,75.0,71.0,68.0,79.0,56.0,0.0,64.0,48.0,52.0,83.0,25.0,57.0,51.0,56.0,66.0,47.0,94.0,46.0,32.0,48.0,15.0,64.0,16.0,22.0,26.0,6.0,36.0,6.0,37.0,51.0,51.0,41.0,48.0,36.0,0.0,23.0,53.0,7.0,11.0,72.0,16.0,0.0,21.0,40.0,95.0,65.0,22.0,33.0,56.0,16.0,12.0,55.0,51.0,22.0,0.0,66.0,47.0,18.0,60.0,37.42307692307692,40.53658536585366,89.98981029225463,229.70322031092064,74.00546093468793,211.75775628373881,629.9286720457825,2067.328982798286,14653.081265068207,3388.124100539821,78.9659531493975,756.3120643369895,1602.2057986831212,2517.2448250336192,9100.7845835467,8801.347258383119,350194.12536471157,41130.719491687996,5184.6157551130245,151.3640619554005,102306.74417458235,1654.3416808899171,84.60594539210251,260.2957932100534,74.1297896673427,196.6405227823877,592.2416177447176,2342.66213889048,14677.698354133854,3146.2483645182033,72.2595563240007,672.4511762844277,1592.3352645107507,2308.734933378159,9053.839805768921,8236.555330610081,347131.68255449866,38079.495322250674,5189.7126188218135,153.91801276297159,100625.39325328209,1585.434318655782
2020-01-01,,,,,,,,,,,,62304867.0,14802656.0,155253953.0,45766837.0,41720298.0,48975341.0,27464.0,21310218.0,111976.0,292382.0,14741314.0,12726276.0,844963.0,39168702.0,3450.0,138837724.0,20551120.0,22931.0,4400455.0,12015774.0,9433315.0,3000.0,-18125295.0,219059414.0,253093609.0,234968314.0,113206717.0,668.8,,2219.0,2619.1,5792.7,444.5,3275626.0,7346435.0,8032412.0,1883825.0,11.4,,,,,,,,,,,,0.0,0.0,0.0,1520.0,0.0,420.0,27.0,368.0,187.0,139.0,452.0,315.0,0.0,0.0,1138.0,0.0,0.0,266.0,98.0,308.0,4486.0,0.0,116.0,0.0,5719.0,2761.0,0.0,48.0,0.0,56.0,134.0,,105161.0,1589.0,0.0,73.0,0.0,64.0,0.0,49.0,4.0,0.0,0.0,16.0,237.0,171.0,0.0,0.0,2243.0,0.0,0.0,333.0,3.0,2.0,67.0,0.0,14.0,0.0,81.0,1388.0,15.0,540.0,0.0,24.0,0.0,,1268.0,20.0,35778.0,0.0,0.0,0.0,0.0,0.0,0.0,0.0,0.0,0.0,0.0,0.0,32215.0,95979.0,434.0,24896.0,0.0,0.0,0.0,0.0,0.0,39122.0,0.0,0.0,0.0,33386.0,0.0,0.0,54581.0,0.0,0.0,,238889.0,0.0,35778.0,73.0,0.0,1584.0,0.0,469.0,31.0,368.0,187.0,155.0,689.0,486.0,32215.0,95979.0,3815.0,24896.0,0.0,599.0,101.0,310.0,4553.0,39122.0,130.0,0.0,5800.0,37535.0,15.0,588.0,54581.0,80.0,134.0,,345318.0,1609.0,687200.0,125308.0,555280.0,6612.0,9591.50373929739,102.7269296,63.64545454545455,3278.202857142857,28879.994285714285,9233.359523809524,,,1.307642857142857,96.40628485366666,28.589263,126.30319071080952,41.5485,3.9229285714285713,51.14019095943333,221.128264,276.1913835308619,23595003.0,211373311.0,48.0,80.0,0.0,0.0,13.0,42.0,63.0,26.0,61.0,32.0,48.0,98.0,25.0,21.0,16.0,8.0,31.0,24.0,32.0,28.0,53.0,44.0,88.0,54.0,74.0,48.0,64.0,45.0,0.0,60.0,31.0,60.0,68.0,34.0,61.0,46.0,56.0,59.0,45.0,87.0,47.0,36.0,48.0,16.0,89.0,16.0,21.0,26.0,6.0,29.0,8.0,47.0,54.0,54.0,49.0,54.0,44.0,0.0,54.0,51.0,13.0,14.0,49.0,33.0,0.0,19.0,55.0,92.0,74.0,27.0,37.0,58.0,29.0,7.0,35.0,42.0,17.0,0.0,74.0,100.0,29.0,79.0,39.84615384615385,41.52439024390244,84.06600076844514,249.9706366190857,75.24087163306896,198.38168548402493,588.462005379116,2249.7357295717716,14897.692583347654,3174.106967744399,75.361143625588,520.934603464844,1564.894184989735,2240.753733871006,9075.55091688003,7157.840272283862,342521.49175637105,37751.6203889363,5227.499321510735,151.9147986261562,99126.62583361781,1545.3014144949793,90.49298489542926,253.2053968540598,75.6071178370384,206.9677143034495,633.4508942680047,2278.848571686538,14970.209331733602,3311.483428855192,75.98000076844512,636.1390780765469,1571.3762887169714,2294.8448960461774,9079.882916880031,8036.383823205836,343361.71747673035,38205.50751022233,5298.498056635834,156.56830347249422,99670.87293175963,1578.0129936374578
2020-02-01,,,,,,,,,,,,69884031.0,9887556.0,131139502.0,31551524.0,15549565.0,31628562.0,167625.0,42207312.0,1302754.0,2020131.0,13551638.0,13276771.0,701190.0,20183306.0,1968.0,74109865.0,-6406054.0,1984800.0,7018918.0,50010719.0,27037365.0,50342.0,-23453260.0,172823245.0,214586574.0,191133314.0,52332531.0,640.2,,2211.0,2555.2,5788.4,444.9,3353330.0,7410490.0,8081729.0,1976058.0,10.0,,,,,,,,,,,,0.0,0.0,0.0,1815.0,0.0,425.0,0.0,449.0,272.0,87.0,475.0,444.0,0.0,0.0,1315.0,0.0,0.0,354.0,99.0,467.0,6124.0,0.0,174.0,0.0,6870.0,4021.0,0.0,30.0,0.0,21.0,155.0,,122219.0,1228.0,0.0,38.0,12.0,75.0,0.0,34.0,0.0,0.0,3.0,11.0,288.0,102.0,0.0,0.0,2151.0,0.0,0.0,218.0,0.0,0.0,90.0,0.0,19.0,0.0,90.0,2231.0,11.0,471.0,0.0,48.0,38.0,,1490.0,24.0,21328.0,0.0,0.0,0.0,0.0,0.0,0.0,0.0,0.0,0.0,0.0,0.0,37001.0,108226.0,1467.0,26026.0,0.0,0.0,0.0,0.0,0.0,31748.0,0.0,0.0,0.0,40487.0,0.0,0.0,54007.0,0.0,0.0,,237479.0,0.0,21328.0,38.0,12.0,1890.0,0.0,459.0,0.0,449.0,275.0,98.0,763.0,546.0,37001.0,108226.0,4933.0,26026.0,0.0,572.0,99.0,467.0,6214.0,31748.0,193.0,0.0,6960.0,46739.0,11.0,501.0,54007.0,69.0,193.0,,361188.0,1252.0,712257.0,147044.0,557769.0,7444.0,9822.356467157602,102.1702208,55.657000000000004,3277.314210526316,28519.73157894737,9418.848947368422,,,,6.734368636631578,26.094253,32.828621636631574,21.5249,2.5905894736842106,172.3890572897684,233.950206,408.92985276345263,-7903695.0,199037009.0,41.0,80.0,0.0,0.0,12.0,43.0,52.0,16.0,52.0,36.0,41.0,72.0,26.0,20.0,15.0,6.0,30.0,14.0,38.0,27.0,33.0,32.0,66.0,52.0,60.0,54.0,63.0,45.0,0.0,55.0,11.0,50.0,56.0,29.0,51.0,51.0,51.0,58.0,41.0,73.0,39.0,35.0,51.0,16.0,70.0,14.0,25.0,24.0,9.0,23.0,7.0,49.0,65.0,61.0,38.0,57.0,37.0,0.0,44.0,41.0,8.0,13.0,40.0,27.0,0.0,0.0,52.0,90.0,76.0,21.0,40.0,65.0,18.0,14.0,32.0,37.0,0.0,0.0,56.0,72.0,23.0,75.0,34.30769230769231,36.78048780487805,71.60409600654037,227.59455531690807,73.87380168629556,211.4212105512639,501.22867204578256,2048.350997852173,14627.01273388652,3382.7393688202224,71.01361981606418,590.3541590203996,1613.510848137339,2449.7479393817357,9045.118250213367,7782.616272283862,351387.7668007966,39955.79128890786,5139.832943151174,146.12341589025198,102042.82315305043,1607.2043844663024,81.77234997479432,236.23968034673896,74.47879361000892,207.33353301986983,572.4064498235604,2126.1571231206512,14746.801134781766,3317.3365283179173,75.05730235574673,621.9986212864235,1592.2770230739827,2386.2888119287873,9073.424027991143,7909.1197120947245,347848.31566470204,39352.01672317739,5190.675309010974,149.956089237853,101045.71903199132,1597.8263079911599
2020-03-01,1222761.0,16319845.0,42084638.0,22599838.0,15452784.0,75175962.0,142137420.0,78384173.0,127371516.0,65974293.0,586723230.0,60446877.0,26263677.0,138971268.0,59115961.0,19623749.0,-89907.0,1050253.0,49469970.0,1234351.0,12838276.0,12633387.0,18083709.0,515570.0,14254361.0,39393370.0,112421451.0,15247805.0,37286.0,,26549817.0,16263744.0,9551.0,-22117796.0,166195291.0,253740527.0,231622731.0,58029082.0,687.9,24607.0,2110.0,2633.4,5819.0,442.3,3484393.0,7539157.0,8146212.0,2059258.0,11.05,298.0,118.0,129.0,378979.0,123695.0,221656.0,8351.0,353702.0,741.0,1234.0,-3.5,0.0,0.0,0.0,1209.0,10.0,295.0,0.0,241.0,136.0,103.0,466.0,258.0,0.0,0.0,978.0,0.0,0.0,226.0,74.0,292.0,3954.0,0.0,107.0,0.0,3548.0,1929.0,0.0,16.0,0.0,48.0,172.0,,60904.0,690.0,0.0,26.0,4.0,20.0,22.0,2.0,0.0,0.0,2.0,11.0,396.0,21.0,0.0,0.0,1407.0,0.0,0.0,275.0,20.0,0.0,0.0,0.0,111.0,0.0,50.0,1603.0,112.0,849.0,0.0,90.0,2.0,,7385.0,19.0,11825.0,0.0,0.0,0.0,0.0,0.0,0.0,0.0,0.0,0.0,0.0,0.0,8740.0,40581.0,1765.0,8512.0,0.0,0.0,0.0,0.0,0.0,13439.0,0.0,0.0,0.0,17394.0,0.0,0.0,11829.0,0.0,0.0,,99950.0,0.0,11825.0,26.0,4.0,1229.0,32.0,297.0,0.0,241.0,138.0,114.0,862.0,279.0,8740.0,40581.0,4150.0,8512.0,0.0,501.0,94.0,292.0,3954.0,13439.0,218.0,0.0,3598.0,20926.0,112.0,865.0,11829.0,138.0,174.0,,168239.0,709.0,302118.0,75656.0,214035.0,12427.0,10060.565658032894,102.274014,32.01136363636363,2652.3936363636367,22637.42090909091,7772.205909090909,2858.5,,1.2368863636363636,1.5607273066363634,29.469655,32.26726867027273,7.5879,4.9475454545454545,72.75453745886362,292.195407,369.89748991340906,-2494047.0,234116778.0,24.0,50.0,8.0,0.0,9.0,55.0,52.0,27.0,51.0,28.0,44.0,40.0,26.0,22.0,13.0,7.0,38.0,20.0,16.0,23.0,47.0,54.0,100.0,69.0,87.0,100.0,57.0,39.0,0.0,47.0,8.0,80.0,58.0,18.0,20.0,37.0,57.0,63.0,45.0,76.0,49.0,32.0,50.0,22.0,44.0,13.0,17.0,17.0,7.0,22.0,6.0,36.0,55.0,50.0,32.0,36.0,29.0,0.0,29.0,64.0,10.0,12.0,64.0,14.0,0.0,0.0,39.0,79.0,54.0,21.0,31.0,99.0,24.0,7.0,34.0,47.0,25.0,17.0,65.0,34.0,25.0,93.0,33.17307692307692,36.81707317073171,73.58028648273084,251.55262604567403,79.05914154997768,228.32404012112556,515.0620053791159,2263.9736344110656,15653.71002689558,3653.184641938009,69.91728648273084,775.3551762844276,1588.5243534919632,2294.466129233906,9037.443916880033,9162.691330610083,347960.08937861223,38421.06265004268,5521.482577155943,158.12902354987702,101145.32181903627,1616.9577089044792,76.09933410177845,242.37795195167726,75.87509095260995,213.21696806692117,532.6953387124493,2181.4015675650953,15023.26800861677,3411.4714890707387,72.06347695892133,629.1935351454459,1588.6719181737258,2317.8357188844384,9052.467250213365,8037.192625059269,347324.4609591512,38541.701331517834,5287.209100991264,151.8923362682467,100738.95554148543,1587.312821853926
2020-04-01,,,,,,,,,,,,56920934.0,9475564.0,90245069.0,37197919.0,38140559.0,30305646.0,542443.0,31559967.0,599855.0,220927.0,4146022.0,12996861.0,745419.0,15461703.0,750.0,78238610.0,20327464.0,18804.0,4504650.0,7501809.0,16571784.0,,-94076322.0,130568722.0,229777046.0,135700724.0,72917715.0,696.7,,2139.0,2645.1,5838.0,444.2,3455074.0,7528602.0,8076561.0,2037591.0,8.8,,,,,,,,,,,,0.0,0.0,0.0,0.0,0.0,0.0,0.0,0.0,0.0,0.0,0.0,0.0,0.0,0.0,0.0,0.0,0.0,0.0,0.0,0.0,0.0,0.0,0.0,0.0,0.0,0.0,0.0,0.0,0.0,0.0,0.0,,11.0,0.0,0.0,0.0,0.0,0.0,0.0,0.0,0.0,0.0,0.0,0.0,0.0,0.0,0.0,0.0,0.0,0.0,0.0,0.0,0.0,0.0,0.0,0.0,0.0,0.0,0.0,0.0,0.0,0.0,0.0,0.0,0.0,,32.0,0.0,0.0,0.0,0.0,0.0,0.0,0.0,0.0,0.0,0.0,0.0,0.0,0.0,0.0,0.0,0.0,0.0,0.0,0.0,0.0,0.0,0.0,0.0,0.0,0.0,0.0,0.0,0.0,0.0,0.0,0.0,0.0,,0.0,0.0,0.0,0.0,0.0,0.0,0.0,0.0,0.0,0.0,0.0,0.0,0.0,0.0,0.0,0.0,0.0,0.0,0.0,0.0,0.0,0.0,0.0,0.0,0.0,0.0,0.0,0.0,0.0,0.0,0.0,0.0,0.0,,43.0,0.0,43.0,11.0,0.0,32.0,10097.21507921815,101.3021325,18.3785,2761.975238095238,23293.9,8292.407142857142,,,,14.755395830345453,29.898539,44.65393483034545,31.9524,3.7259045454545454,39.277579761490905,242.546843,285.55032730694546,-55935763.0,191636487.0,12.0,8.0,8.0,4.0,6.0,41.0,43.0,18.0,66.0,31.0,44.0,12.0,37.0,26.0,17.0,7.0,48.0,27.0,9.0,28.0,56.0,47.0,29.0,82.0,94.0,48.0,54.0,45.0,18.0,39.0,5.0,100.0,63.0,10.0,0.0,18.0,60.0,100.0,53.0,100.0,68.0,40.0,53.0,19.0,15.0,10.0,11.0,14.0,5.0,14.0,5.0,20.0,46.0,51.0,19.0,15.0,21.0,0.0,13.0,46.0,9.0,12.0,0.0,0.0,0.0,0.0,25.0,44.0,23.0,19.0,7.0,58.0,13.0,10.0,29.0,27.0,0.0,31.0,81.0,18.0,16.0,25.0,24.576923076923077,29.817073170731707,67.88028648273084,333.20169647560016,79.27337622465961,244.89500940867916,475.1620053791159,2998.8152682804016,15696.128492482605,3918.3201505388665,69.95195314939751,532.9866948029461,1622.2712100141714,2315.6070977486884,9037.686583546698,6981.374997276749,352742.4063230093,38664.34011392919,5772.106479170247,181.31259214791743,101856.45200444048,1566.2137445442004,70.70409600654037,270.1216385705154,77.21925914980683,228.72140937513925,494.92867204578255,2431.094747134639,15289.413311661752,3659.542550002228,70.26041346685783,633.2108989248134,1607.797593181871,2342.786840176999,9039.845805768922,7978.370866723563,350731.432481364,38845.9412398488,5468.744820211101,161.69160077550046,101648.89759842632,1594.2835985369995
2020-05-01,,,,,,,,,,,,35431205.0,2384426.0,51533240.0,53641558.0,44820893.0,36501078.0,80939.0,28200597.0,790299.0,2356333.0,7835363.0,17664320.0,344460.0,10170815.0,750.0,40622317.0,27810235.0,21350.0,4098046.0,6812877.0,12131927.0,,-129603910.0,90499683.0,230661849.0,101057939.0,35847079.0,659.0,,2141.0,2767.5,5833.8,446.3,3521146.0,7554680.0,8039259.0,1965613.0,10.38,,,,,,,,,,,,0.0,0.0,0.0,0.0,0.0,0.0,0.0,0.0,0.0,0.0,0.0,0.0,0.0,0.0,0.0,0.0,0.0,0.0,0.0,0.0,0.0,0.0,0.0,0.0,0.0,0.0,0.0,0.0,0.0,0.0,0.0,,20.0,0.0,0.0,0.0,0.0,0.0,0.0,0.0,0.0,0.0,0.0,0.0,0.0,0.0,0.0,0.0,0.0,0.0,0.0,0.0,0.0,0.0,0.0,0.0,0.0,0.0,0.0,0.0,0.0,0.0,0.0,0.0,0.0,,0.0,0.0,0.0,0.0,0.0,0.0,0.0,0.0,0.0,0.0,0.0,0.0,0.0,0.0,0.0,0.0,0.0,0.0,0.0,0.0,0.0,0.0,0.0,0.0,0.0,0.0,0.0,0.0,0.0,0.0,0.0,0.0,0.0,,0.0,0.0,0.0,0.0,0.0,0.0,0.0,0.0,0.0,0.0,0.0,0.0,0.0,0.0,0.0,0.0,0.0,0.0,0.0,0.0,0.0,0.0,0.0,0.0,0.0,0.0,0.0,0.0,0.0,0.0,0.0,0.0,0.0,,20.0,0.0,20.0,20.0,0.0,0.0,9659.236491024494,102.0852991,29.378947368421056,2919.6150000000002,24271.0215,9105.655499999999,,,1.23019,3.4315892821999996,19.196812,23.858591282200003,4.2671,2.46038,9.55926243008,147.347385,159.36702743008001,-84783017.0,185840956.0,14.0,21.0,0.0,0.0,8.0,44.0,48.0,18.0,66.0,33.0,45.0,13.0,28.0,23.0,18.0,8.0,43.0,44.0,30.0,40.0,40.0,42.0,28.0,49.0,77.0,60.0,74.0,59.0,0.0,64.0,5.0,88.0,66.0,12.0,0.0,17.0,51.0,69.0,47.0,82.0,57.0,37.0,53.0,22.0,15.0,9.0,13.0,15.0,6.0,24.0,6.0,39.0,54.0,62.0,31.0,19.0,16.0,0.0,22.0,50.0,7.0,13.0,0.0,0.0,0.0,0.0,30.0,54.0,24.0,21.0,11.0,0.0,13.0,19.0,34.0,31.0,100.0,20.0,53.0,28.0,21.0,27.0,26.23076923076923,30.853658536585368,83.90409600654037,343.77583960578613,83.86973910072594,268.2564774530282,587.3286720457825,3093.9825564520747,16606.208341943737,4292.103639248451,73.06595314939752,604.8811030466806,1570.3995586130645,2220.1211709005725,9059.484583546699,7818.380736170379,343041.6875396902,37231.543316709336,6144.9058024225105,194.95153804152017,99287.77404402915,1555.6065716991816,74.68981029225465,309.320961310373,80.64729210931768,247.62297766587196,522.8286720457826,2783.8886517933565,15968.163837644901,3961.9676426539513,70.88703251447689,645.7720714855438,1592.7114177981048,2291.495552688205,9044.232139102254,8028.102731536798,347649.39172302827,38310.21473707813,5809.212201034498,178.0702603444543,100757.98533268635,1583.5595017784099
2020-06-01,1452723.0,10889954.0,34283365.0,5330973.0,6838507.0,82674296.0,98994394.0,54005649.0,97307776.0,36332948.0,428110585.0,95277499.0,3443046.0,49214626.0,102647875.0,20102223.0,23857359.0,132823.0,56963406.0,552791.0,6540963.0,11606213.0,30648349.0,783748.0,25466526.0,228941.0,35296178.0,30172029.0,3074649.0,540534.0,13377914.0,81313521.0,20937.0,-344240914.0,76647854.0,443144219.0,98903305.0,27898402.0,635.9,5294.0,2125.0,2678.1,5819.0,442.7,3523091.0,7556353.0,8088839.0,2051816.0,9.55,207.0,74.0,94.0,419232.0,162153.0,187461.0,8338.0,357952.0,550.0,1092.0,-711.9,0.0,0.0,0.0,185.0,2.0,98.0,10.0,110.0,16.0,78.0,91.0,91.0,0.0,0.0,30.0,0.0,0.0,43.0,13.0,39.0,118.0,0.0,25.0,0.0,123.0,63.0,0.0,11.0,0.0,0.0,50.0,,483.0,26.0,0.0,7.0,22.0,3.0,32.0,4.0,0.0,0.0,0.0,6.0,147.0,11.0,0.0,0.0,598.0,0.0,0.0,159.0,0.0,12.0,53.0,0.0,7.0,0.0,34.0,50.0,56.0,364.0,0.0,78.0,15.0,,549.0,23.0,0.0,0.0,0.0,0.0,0.0,0.0,0.0,0.0,0.0,0.0,0.0,0.0,0.0,0.0,0.0,0.0,0.0,0.0,0.0,0.0,0.0,0.0,0.0,0.0,0.0,0.0,0.0,0.0,0.0,0.0,0.0,,0.0,0.0,0.0,7.0,22.0,188.0,34.0,102.0,10.0,110.0,16.0,84.0,238.0,102.0,0.0,0.0,628.0,0.0,0.0,202.0,13.0,51.0,171.0,0.0,32.0,0.0,157.0,113.0,56.0,375.0,0.0,78.0,65.0,,1032.0,49.0,3935.0,1705.0,0.0,2230.0,10728.47895514965,101.6040762,40.26681818181818,3104.6609090909087,26062.269999999997,9839.97,2159.0,,,3.0887445203999997,15.947452,19.0361965204,46.187,6.261636363636364,54.62776502819999,253.645453,314.53485439183635,-324138691.0,423041996.0,20.0,58.0,0.0,0.0,11.0,59.0,58.0,18.0,63.0,34.0,47.0,15.0,26.0,20.0,19.0,10.0,31.0,56.0,40.0,39.0,66.0,44.0,37.0,60.0,72.0,81.0,77.0,47.0,0.0,74.0,5.0,69.0,86.0,15.0,0.0,20.0,60.0,79.0,49.0,76.0,58.0,46.0,61.0,16.0,15.0,13.0,18.0,26.0,7.0,33.0,8.0,44.0,64.0,70.0,35.0,25.0,43.0,14.0,29.0,57.0,12.0,15.0,0.0,0.0,0.0,0.0,42.0,70.0,31.0,20.0,11.0,0.0,13.0,15.0,44.0,50.0,40.0,21.0,69.0,41.0,28.0,39.0,30.692307692307693,35.170731707317074,80.6469531493975,344.00981899645,82.06359196539553,264.3321848454936,564.5286720457825,3096.0883709680497,16248.591209148317,4229.314957527898,73.11376267320703,486.9780125449055,1601.416373503909,2334.6836709005725,9059.819250213366,7232.143083404456,349562.92901747744,39064.54331670934,6034.630802422512,192.76313723918418,101229.85866695116,1576.208660591418,77.38822299066734,340.9768588212438,81.68150089610143,258.9762723567001,541.7175609346715,3068.791729391195,16172.93717742808,4143.620357707202,71.95009600654038,550.096967522987,1600.6874008997302,2304.7334762993164,9051.673583546699,7388.642204690477,348912.0429359833,38522.02151485591,5981.766706365287,189.7557137661782,100968.59505976908,1570.9662127238196
2020-07-01,,,,,,,,,,,,58103242.0,4747667.0,93371341.0,30482503.0,45845680.0,22296446.0,1179135.0,24856100.0,914581.0,241145.0,11504643.0,19327179.0,344295.0,17681957.0,1350.0,84843108.0,1750434.0,13309.0,2982552.0,5545681.0,18638597.0,13772.0,-83887170.0,121594589.0,217600273.0,133713103.0,67056426.0,631.2,,2096.0,2814.9,5819.2,398.8,3553194.0,7606684.0,8109797.0,2002774.0,10.76,,,,,,,,,,,,0.0,0.0,0.0,385.0,24.0,381.0,43.0,315.0,154.0,201.0,586.0,316.0,0.0,0.0,634.0,0.0,0.0,290.0,113.0,318.0,2466.0,0.0,62.0,0.0,1162.0,500.0,0.0,18.0,0.0,33.0,106.0,,7199.0,49.0,0.0,13.0,208.0,37.0,134.0,37.0,337.0,0.0,0.0,12.0,931.0,206.0,0.0,0.0,3861.0,0.0,0.0,562.0,0.0,10.0,0.0,0.0,0.0,0.0,13.0,155.0,129.0,1045.0,0.0,15.0,2.0,,700.0,0.0,0.0,0.0,0.0,0.0,0.0,0.0,0.0,0.0,0.0,0.0,0.0,0.0,0.0,0.0,51.0,0.0,0.0,0.0,0.0,0.0,0.0,0.0,0.0,0.0,0.0,7.0,0.0,0.0,0.0,0.0,0.0,,0.0,0.0,0.0,13.0,208.0,422.0,158.0,418.0,380.0,315.0,154.0,213.0,1517.0,522.0,0.0,0.0,4546.0,0.0,0.0,852.0,113.0,328.0,2466.0,0.0,62.0,0.0,1175.0,662.0,129.0,1063.0,0.0,48.0,108.0,,7899.0,49.0,23820.0,15355.0,58.0,8407.0,9224.03848990798,101.538026,43.24217391304348,3207.6190909090906,26385.83090909091,10499.862727272728,,,,13.496685881445456,13.702078,27.19876388144546,5.4152,2.5402454545454543,13.582471111554545,251.597989,267.72070556610004,-38041490.0,171754593.0,19.0,54.0,0.0,0.0,9.0,46.0,64.0,20.0,57.0,34.0,48.0,12.0,26.0,20.0,18.0,8.0,39.0,46.0,26.0,38.0,81.0,50.0,34.0,67.0,92.0,81.0,73.0,51.0,0.0,62.0,6.0,69.0,73.0,14.0,7.0,28.0,64.0,73.0,48.0,65.0,56.0,45.0,54.0,16.0,13.0,11.0,21.0,25.0,8.0,30.0,6.0,43.0,63.0,61.0,34.0,29.0,29.0,0.0,31.0,58.0,10.0,14.0,0.0,0.0,0.0,0.0,44.0,75.0,53.0,29.0,21.0,77.0,17.0,12.0,50.0,62.0,23.0,24.0,70.0,38.0,20.0,31.0,29.73076923076923,35.670731707317074,65.0279055303499,321.67709719239133,77.72849958730852,239.38046491940875,455.1953387124493,2895.0938747315213,15390.242918287086,3830.08743871054,67.33723886368323,551.2591038830075,1572.4323366949611,2369.973836626371,9019.3835835467,7525.738808397344,344963.82611750596,39249.273838922076,5642.654892610399,175.95349180736463,100189.55558709303,1579.9994327479444,76.1437785462229,336.2100113301895,81.08614476127357,257.5770944109045,533.0064498235604,3025.8901019717064,16055.056662732166,4121.233510574472,71.0894293398737,556.7151225409139,1583.4152640889713,2318.4358475918775,9045.648916880033,7606.50232043517,346062.0280415531,38646.28142318687,5933.796681275476,187.75425726214763,100340.1151755138,1575.1457733520376
2020-08-01,,,,,,,,,,,,51375461.0,1008556.0,46456160.0,20414355.0,15056353.0,12736647.0,104855.0,29034953.0,1483170.0,221141.0,6464801.0,34155854.0,211080.0,10303228.0,750.0,44131562.0,942871.0,20191.0,,2324598.0,5522108.0,,-101064172.0,60306218.0,168288353.0,67224181.0,29681471.0,714.0,,2095.0,2716.7,5824.0,387.9,3550071.0,7582070.0,8088445.0,2147868.0,10.38,,,,,,,,,,,,0.0,0.0,0.0,302.0,13.0,206.0,28.0,108.0,50.0,198.0,402.0,56.0,0.0,0.0,121.0,0.0,0.0,154.0,15.0,106.0,203.0,0.0,15.0,0.0,139.0,48.0,0.0,1.0,0.0,27.0,25.0,,1068.0,8.0,0.0,17.0,10.0,5.0,38.0,15.0,225.0,0.0,0.0,0.0,231.0,21.0,0.0,0.0,868.0,0.0,0.0,275.0,0.0,0.0,33.0,0.0,0.0,0.0,49.0,0.0,4.0,0.0,0.0,8.0,3.0,,290.0,0.0,0.0,0.0,0.0,0.0,0.0,0.0,0.0,0.0,0.0,0.0,0.0,0.0,0.0,0.0,0.0,0.0,0.0,0.0,0.0,0.0,0.0,0.0,0.0,0.0,0.0,0.0,0.0,0.0,0.0,0.0,0.0,,0.0,0.0,0.0,17.0,10.0,307.0,51.0,221.0,253.0,108.0,50.0,198.0,633.0,77.0,0.0,0.0,989.0,0.0,0.0,429.0,15.0,106.0,236.0,0.0,15.0,0.0,188.0,48.0,4.0,1.0,0.0,35.0,28.0,,1358.0,8.0,5385.0,3293.0,0.0,2092.0,8560.84800708294,102.0286847,44.736000000000004,3391.71,27821.36714285714,11212.290476190476,,,,72.84911097265713,25.044783,97.89389397265712,5.6727,2.6285333333333334,9.747764967342855,247.69697,260.0732683006762,-86007819.0,153232000.0,16.0,30.0,0.0,0.0,4.0,38.0,22.0,14.0,69.0,37.0,48.0,11.0,28.0,23.0,22.0,9.0,61.0,39.0,16.0,47.0,95.0,54.0,26.0,58.0,94.0,73.0,69.0,66.0,21.0,81.0,2.0,76.0,73.0,13.0,0.0,11.0,60.0,65.0,45.0,65.0,67.0,34.0,41.0,20.0,12.0,11.0,14.0,14.0,5.0,18.0,5.0,38.0,53.0,62.0,22.0,16.0,25.0,0.0,22.0,59.0,11.0,14.0,0.0,0.0,0.0,0.0,38.0,47.0,22.0,19.0,8.0,44.0,15.0,18.0,38.0,42.0,19.0,0.0,76.0,25.0,20.0,23.0,26.326923076923077,31.682926829268293,67.8279055303499,277.75793261654223,76.07555267463384,237.47281955650936,474.7953387124492,2499.82139354888,15062.959429577499,3799.56511290415,68.37271505415941,704.9914174433319,1551.041769683444,2178.6217843078207,9026.631916880031,8624.395533390232,338164.08697577525,36092.66296947526,5459.285318685745,164.78355259450882,97976.94434888019,1552.8689701020135,70.9358420382864,314.1904620868614,78.46789038778827,246.92895489477036,496.55089426800475,2827.7141587817523,15536.642296782076,3950.8632783163257,69.58144521288958,589.7723384509088,1584.2304144057587,2304.252736167143,9035.093027991143,7872.357919508454,345843.515674877,38292.71426392445,5702.94265703704,177.63078735192659,100260.92022157526,1576.3532687559782
2020-09-01,1869605.0,16656136.0,52371283.0,20888348.0,12644994.0,112152862.0,111600630.0,80545090.0,78073183.0,59012048.0,545814179.0,59640602.0,2751859.0,67674776.0,50120328.0,19635755.0,17107322.0,14928.0,44930001.0,1130984.0,325816.0,11511055.0,26981899.0,276353.0,24149986.0,116600.0,58157866.0,16940033.0,156082.0,2393175.0,7123735.0,16561582.0,2045.0,-160154334.0,87548885.0,260091170.0,99936836.0,37940751.0,697.3,25930.0,2094.0,2765.3,5833.7,389.3,3543357.0,7588271.0,8057667.0,2106193.0,11.27,363.0,139.0,172.0,492349.0,220653.0,200748.0,8117.0,429518.0,809.0,1129.0,-723.3,0.0,0.0,0.0,351.0,2.0,200.0,12.0,55.0,60.0,63.0,301.0,136.0,0.0,0.0,138.0,0.0,0.0,298.0,40.0,48.0,129.0,0.0,8.0,0.0,126.0,108.0,0.0,29.0,0.0,57.0,22.0,,971.0,0.0,0.0,20.0,0.0,2.0,25.0,0.0,141.0,0.0,0.0,4.0,127.0,12.0,0.0,0.0,897.0,0.0,0.0,330.0,0.0,8.0,0.0,0.0,0.0,0.0,16.0,0.0,6.0,88.0,0.0,29.0,0.0,,157.0,0.0,0.0,0.0,0.0,0.0,0.0,0.0,0.0,0.0,0.0,0.0,0.0,0.0,0.0,0.0,0.0,0.0,0.0,0.0,0.0,0.0,0.0,0.0,0.0,0.0,0.0,0.0,0.0,0.0,0.0,0.0,0.0,,0.0,0.0,0.0,20.0,0.0,353.0,27.0,200.0,153.0,55.0,60.0,67.0,428.0,148.0,0.0,0.0,1035.0,0.0,0.0,628.0,40.0,56.0,129.0,0.0,8.0,0.0,142.0,108.0,6.0,117.0,0.0,86.0,22.0,,1128.0,0.0,5016.0,3154.0,0.0,1862.0,8985.77352488041,101.90602,40.90954545454545,3365.516666666667,27733.39619047619,11088.740476190476,2306.6,,,8.762184132747619,32.055776,40.81796013274762,7.217,2.5893619047619048,44.432320451414284,237.880802,284.90248435617616,-140518579.0,240455415.0,14.0,66.0,0.0,0.0,9.0,48.0,41.0,25.0,65.0,34.0,39.0,11.0,24.0,23.0,27.0,13.0,47.0,32.0,41.0,42.0,52.0,32.0,24.0,43.0,53.0,66.0,73.0,62.0,0.0,68.0,3.0,58.0,68.0,11.0,0.0,23.0,54.0,74.0,41.0,56.0,62.0,42.0,51.0,16.0,12.0,14.0,22.0,30.0,7.0,33.0,6.0,38.0,59.0,65.0,32.0,29.0,29.0,0.0,27.0,48.0,8.0,11.0,0.0,0.0,0.0,0.0,41.0,59.0,23.0,25.0,7.0,0.0,11.0,16.0,43.0,44.0,42.0,23.0,66.0,27.0,18.0,22.0,27.596153846153847,31.341463414634145,72.10409600654037,311.0591902031474,74.09223929080028,235.13117231187414,504.72867204578256,2799.5327118283262,14670.263379578455,3762.098756989986,67.82419124463561,503.83340017930385,1552.1372682280312,2197.216744052456,9022.792250213364,7098.907475064009,339520.7320758037,36960.05051948949,5434.1558801106385,173.09667445309054,98150.62058014264,1525.6230370641247,68.20568330812766,304.10404233377494,76.04864287502593,238.18266938849155,477.4397831568937,2736.9363810039745,15057.631289255136,3810.9227102158648,67.88968330812767,586.6511466747206,1557.2364635395702,2233.15981610666,9023.25069465781,7749.289161172751,340657.01012395497,37186.886887073386,5520.732540907968,171.63525947635503,98654.10921671473,1548.6845807762027
2020-10-01,,,,,,,,,,,,56902482.0,3598465.0,89051899.0,54976608.0,36808826.0,16966104.0,18563.0,51144418.0,119135.0,1996714.0,10310099.0,43451319.0,379418.0,20119804.0,2459.0,83051950.0,2444383.0,25453.0,1833436.0,4166513.0,20351464.0,8276.0,-163960989.0,109635031.0,286318439.0,122357450.0,63460110.0,751.3,,2081.0,2650.6,5792.2,324.8,3507584.0,7543671.0,7981217.0,2290753.0,11.04,,,,,,,,,,,,0.0,0.0,0.0,475.0,21.0,248.0,0.0,149.0,107.0,156.0,313.0,230.0,0.0,0.0,169.0,0.0,0.0,387.0,46.0,113.0,370.0,0.0,21.0,0.0,361.0,214.0,0.0,14.0,0.0,88.0,22.0,,1995.0,3.0,0.0,0.0,0.0,4.0,38.0,2.0,22.0,0.0,0.0,0.0,66.0,13.0,0.0,0.0,611.0,0.0,0.0,767.0,0.0,0.0,8.0,0.0,12.0,0.0,4.0,0.0,27.0,221.0,0.0,5.0,0.0,,364.0,0.0,0.0,0.0,0.0,0.0,0.0,0.0,0.0,0.0,0.0,0.0,0.0,0.0,0.0,0.0,0.0,0.0,0.0,0.0,0.0,0.0,0.0,0.0,0.0,0.0,0.0,0.0,0.0,0.0,0.0,0.0,0.0,,0.0,0.0,0.0,0.0,0.0,479.0,59.0,250.0,22.0,149.0,107.0,156.0,379.0,243.0,0.0,0.0,780.0,0.0,0.0,1154.0,46.0,113.0,378.0,0.0,33.0,0.0,365.0,214.0,27.0,235.0,0.0,93.0,22.0,,2359.0,3.0,7666.0,5502.0,0.0,2164.0,9371.536657124758,102.5193433,40.18954545454546,3418.701363636363,28005.105000000003,11435.292727272727,,,,12.107011926209521,16.662899,28.76991092620952,19.5648,3.893928571428571,32.37400302371428,178.841784,215.10971559514286,-127152163.0,249509613.0,15.0,37.0,0.0,0.0,9.0,39.0,39.0,11.0,61.0,32.0,48.0,11.0,24.0,21.0,20.0,11.0,55.0,33.0,30.0,50.0,56.0,38.0,25.0,55.0,66.0,49.0,69.0,72.0,20.0,64.0,4.0,67.0,91.0,12.0,0.0,20.0,53.0,63.0,41.0,44.0,53.0,33.0,44.0,13.0,10.0,10.0,17.0,23.0,7.0,18.0,4.0,41.0,53.0,54.0,27.0,24.0,20.0,0.0,27.0,57.0,6.0,11.0,26.0,0.0,0.0,0.0,38.0,54.0,24.0,20.0,8.0,0.0,0.0,16.0,38.0,37.0,45.0,17.0,47.0,24.0,22.0,24.0,27.01923076923077,29.841463414634145,69.00409600654037,306.38267001197477,70.64123815309033,213.30718484549362,483.0286720457826,2757.4440301077734,13986.965154311885,3412.914957527898,69.42704838749275,469.71256726413407,1688.133127750678,2222.787900537673,9034.012250213365,6886.798011177491,366922.80242303776,37464.16705560297,5160.088203498334,164.83379725427477,105076.9449350079,1562.607216344959,69.69933410177846,298.4900544006783,73.44290850625477,228.20661801080917,487.8953387124493,2686.4104896061044,14541.695884238445,3651.3058881729467,68.54255632400069,568.6487639586712,1597.9558733898646,2205.0030110215384,9027.82080576892,7587.267716728306,348307.8818007966,36926.33407041147,5341.8269001824865,167.45972875488016,100462.32609842632,1549.9362571019797
2020-11-01,,,,,,,,,,,,58060054.0,8147789.0,60979134.0,72933746.0,50290969.0,13033086.0,14903.0,29215115.0,-231034.0,11995543.0,12434921.0,28735014.0,384576.0,16231928.0,778.0,55439107.0,1726479.0,39509.0,1908841.0,3631186.0,11441726.0,500.0,-161373258.0,82174912.0,268403997.0,107030739.0,39462612.0,796.2,,2092.0,2724.7,5797.5,324.5,3489469.0,7525647.0,7940504.0,2224964.0,10.38,,,,,,,,,,,,0.0,0.0,0.0,1073.0,0.0,263.0,23.0,276.0,137.0,151.0,323.0,195.0,0.0,0.0,252.0,0.0,0.0,316.0,63.0,150.0,1318.0,0.0,33.0,0.0,795.0,627.0,0.0,8.0,0.0,58.0,136.0,,5075.0,0.0,0.0,0.0,18.0,27.0,31.0,1.0,18.0,0.0,0.0,0.0,124.0,39.0,0.0,0.0,740.0,0.0,0.0,180.0,0.0,9.0,12.0,0.0,0.0,0.0,22.0,0.0,24.0,241.0,0.0,14.0,0.0,,609.0,0.0,0.0,0.0,0.0,0.0,0.0,0.0,0.0,0.0,0.0,0.0,0.0,0.0,0.0,0.0,0.0,0.0,0.0,0.0,0.0,0.0,0.0,0.0,0.0,0.0,0.0,0.0,0.0,0.0,0.0,0.0,0.0,,0.0,0.0,0.0,0.0,18.0,1100.0,31.0,264.0,41.0,276.0,137.0,151.0,447.0,234.0,0.0,0.0,992.0,0.0,0.0,496.0,63.0,159.0,1330.0,0.0,33.0,0.0,817.0,627.0,24.0,249.0,0.0,72.0,136.0,,5684.0,0.0,13381.0,11272.0,0.0,2109.0,9593.732019841673,102.4532931,42.69238095238095,3548.9925000000003,29124.0365,11794.5155,,,,10.620047114811111,17.852207,28.47225411481111,5.6768,2.639666666666667,20.706707814544444,197.608489,220.9548634812111,-111082289.0,218113028.0,14.0,37.0,0.0,0.0,8.0,34.0,41.0,20.0,67.0,34.0,44.0,9.0,22.0,19.0,19.0,9.0,46.0,55.0,46.0,100.0,54.0,41.0,23.0,55.0,59.0,49.0,84.0,93.0,27.0,67.0,7.0,54.0,85.0,11.0,0.0,19.0,51.0,67.0,38.0,51.0,47.0,44.0,40.0,22.0,9.0,9.0,15.0,22.0,6.0,24.0,5.0,38.0,50.0,52.0,28.0,26.0,22.0,0.0,18.0,42.0,8.0,11.0,0.0,0.0,0.0,0.0,36.0,52.0,26.0,19.0,9.0,47.0,0.0,18.0,38.0,45.0,40.0,14.0,52.0,19.0,21.0,20.0,27.153846153846153,31.134146341463413,66.88504838749274,301.4103959976687,70.41103532372853,223.47453948259425,468.19533871244926,2712.693563979018,13941.384994098249,3575.592631721508,68.35476267320703,578.836602628517,1561.7413306696533,2180.1555556115877,9026.506250213366,7489.002200056898,342182.16069804487,36307.15937503556,5174.466632127806,165.54525479787105,98751.20713083768,1529.7506100468577,69.2294928319372,306.2038384906834,71.66505226735008,224.58647912192026,484.60644982356035,2755.8345464161507,14189.680348935315,3593.383665950724,68.56142933987371,535.6719367981774,1604.4189077477815,2194.843077228978,9027.952916880033,7290.47627228386,350220.74948599754,36858.7531620805,5255.876252781438,167.92121567797273,100849.48295931048,1543.056053849417
2020-12-01,2264888.0,20377582.0,65245689.0,19481497.0,15123708.0,119207405.0,142573585.0,95596859.0,83961252.0,80806319.0,644638784.0,58145639.0,4798015.0,82359834.0,38301878.0,15518739.0,21024551.0,40076.0,40141012.0,918248.0,2569131.0,13903382.0,23668200.0,357171.0,17209847.0,1850.0,71240584.0,2019471.0,18032723.0,1886508.0,9232742.0,11024475.0,1925.0,-63858851.0,108222476.0,206947509.0,143088658.0,48776774.0,773.1,-62565.0,2092.0,2524.4,5766.1,323.8,3472120.0,7505689.0,7864180.0,2382157.0,9.69,410.0,172.0,201.0,404293.0,174927.0,198736.0,8112.0,381775.0,899.0,1287.0,-891.4,0.0,0.0,0.0,2139.0,10.0,438.0,0.0,306.0,232.0,275.0,528.0,387.0,0.0,0.0,364.0,0.0,0.0,495.0,132.0,294.0,3384.0,0.0,183.0,0.0,2038.0,1229.0,0.0,35.0,0.0,43.0,212.0,,17271.0,14.0,0.0,0.0,28.0,103.0,42.0,19.0,0.0,0.0,0.0,13.0,298.0,71.0,0.0,0.0,1072.0,0.0,0.0,332.0,0.0,0.0,35.0,0.0,14.0,0.0,38.0,0.0,67.0,242.0,0.0,41.0,0.0,,1254.0,3.0,0.0,0.0,0.0,0.0,0.0,0.0,0.0,0.0,0.0,0.0,0.0,0.0,0.0,0.0,0.0,0.0,0.0,0.0,0.0,0.0,0.0,0.0,0.0,0.0,0.0,0.0,0.0,0.0,0.0,0.0,0.0,,0.0,0.0,0.0,0.0,28.0,2242.0,52.0,457.0,0.0,306.0,232.0,288.0,826.0,458.0,0.0,0.0,1436.0,0.0,0.0,827.0,132.0,294.0,3419.0,0.0,197.0,0.0,2076.0,1229.0,67.0,277.0,0.0,84.0,212.0,,18525.0,17.0,33681.0,30009.0,0.0,3672.0,9589.342192411425,102.6137007,49.99363636363637,3695.3100000000004,30148.58,12619.050909090909,2454.4,,1.3434285714285714,64.214545356,21.006429,86.56440292742857,4.6878,5.373714285714286,18.6541231968,300.872392,324.9002294825143,-48340112.0,191428770.0,17.0,55.0,0.0,0.0,8.0,57.0,58.0,16.0,71.0,39.0,52.0,9.0,26.0,19.0,17.0,8.0,44.0,63.0,70.0,58.0,100.0,57.0,27.0,74.0,82.0,74.0,75.0,81.0,0.0,86.0,8.0,59.0,73.0,13.0,0.0,39.0,58.0,70.0,48.0,55.0,68.0,45.0,47.0,35.0,10.0,12.0,17.0,24.0,7.0,19.0,6.0,37.0,56.0,61.0,25.0,38.0,23.0,0.0,20.0,37.0,5.0,10.0,0.0,15.0,0.0,0.0,40.0,63.0,24.0,21.0,13.0,0.0,0.0,13.0,41.0,50.0,54.0,25.0,75.0,28.0,17.0,27.0,28.25,35.048780487804876,74.11838172082608,330.2763820789488,71.44303709684355,213.13489788316653,518.8286720457825,2972.4874387105397,14145.721345175025,3410.1583661306645,69.94728648273085,770.0529902629154,1578.9532942652852,2320.9697009744873,9037.653916880032,8925.015591716452,344545.37113412993,38370.22963614193,5261.798955515503,172.24317469494625,100219.56756971708,1605.2573262691708,70.09933410177845,312.76039024299274,70.69783758197464,216.86607206549047,490.6953387124492,2814.8435121869343,13998.171841230978,3469.8571530478475,69.24088965733402,606.4982385703739,1610.0733847272534,2246.238656698061,9032.709139102255,7769.616267650281,351277.01723969966,37522.78571300247,5193.391961294552,167.60590849805908,101400.53208986367,1568.244543258861
2021-01-01,,,,,,,,,,,,55050324.0,13560183.0,104778951.0,34111669.0,44703441.0,27105881.0,206446.0,33226613.0,902348.0,546153.0,10927472.0,39029568.0,518406.0,16384486.0,22975042.0,90369075.0,8520479.0,42219.0,3126976.0,11282900.0,9215040.0,22184.0,-60443434.0,145651461.0,241143968.0,180700534.0,74699927.0,785.2,,2074.0,2576.0,5775.1,323.5,3484153.0,7526469.0,7902431.0,2325011.0,9.91,,,,,,,,,,,,0.0,24.0,0.0,1377.0,8.0,266.0,0.0,218.0,181.0,218.0,357.0,237.0,0.0,0.0,451.0,0.0,0.0,161.0,85.0,153.0,2213.0,0.0,47.0,0.0,1286.0,630.0,0.0,42.0,0.0,53.0,180.0,,12610.0,19.0,0.0,0.0,38.0,42.0,47.0,4.0,0.0,2.0,0.0,2.0,184.0,77.0,0.0,0.0,1140.0,0.0,0.0,110.0,0.0,0.0,36.0,0.0,3.0,0.0,48.0,0.0,60.0,320.0,0.0,54.0,0.0,,626.0,10.0,0.0,0.0,0.0,0.0,0.0,0.0,0.0,0.0,0.0,0.0,0.0,0.0,0.0,0.0,0.0,0.0,0.0,0.0,0.0,0.0,0.0,0.0,0.0,0.0,0.0,0.0,0.0,0.0,0.0,0.0,0.0,,0.0,0.0,0.0,24.0,38.0,1419.0,55.0,270.0,0.0,220.0,181.0,220.0,541.0,314.0,0.0,0.0,1591.0,0.0,0.0,271.0,85.0,153.0,2249.0,0.0,50.0,0.0,1334.0,630.0,60.0,362.0,0.0,107.0,180.0,,13236.0,29.0,23619.0,20816.0,0.0,2803.0,9394.992775082588,103.519532,54.774,3793.748421052632,30821.352631578946,13186.605789473684,,,,51.03670938123333,23.758873,74.79558238123333,3.2082,21.826222222222224,62.9286733747,160.584236,245.33913159692224,-15739993.0,196440527.0,24.0,53.0,0.0,0.0,10.0,53.0,42.0,18.0,62.0,28.0,43.0,14.0,20.0,19.0,20.0,7.0,28.0,29.0,31.0,39.0,79.0,37.0,40.0,56.0,64.0,57.0,62.0,74.0,0.0,64.0,7.0,63.0,72.0,17.0,5.0,38.0,55.0,61.0,37.0,42.0,58.0,36.0,44.0,64.0,13.0,14.0,16.0,23.0,7.0,16.0,5.0,43.0,55.0,50.0,30.0,38.0,37.0,0.0,25.0,39.0,8.0,11.0,27.0,0.0,0.0,0.0,41.0,63.0,31.0,26.0,19.0,0.0,0.0,13.0,36.0,41.0,26.0,21.0,57.0,30.0,16.0,44.0,27.903846153846153,31.621951219512194,75.59933410177847,324.1541253286707,70.79050399703287,219.93487846113507,529.1953387124493,2917.387127958036,14016.51979141251,3518.958055378161,69.60709600654036,617.4904725807239,1635.0220628788409,2356.6273569892705,9035.272583546699,7741.908997276749,356121.87748136395,38845.774100028444,5245.515078365289,172.61971047215428,102936.20829055396,1594.355389774058,72.28663568908006,319.9387335126372,70.64961254215665,220.0986850583374,506.00644982356033,2879.448601613735,13988.623283347017,3521.5789609333983,69.32881029225466,656.9514599562692,1590.0999029461811,2301.904694186854,9033.324583546699,8033.739195423317,347227.2898146973,38128.508215773145,5223.914323929427,170.74341670055284,100605.71545236012,1579.9543933137927
2021-02-01,,,,,,,,,,,,59580461.0,15353071.0,77601531.0,30128287.0,15382601.0,23279494.0,15213.0,36081110.0,230569.0,787221.0,16536392.0,27529647.0,568431.0,28937584.0,5788876.0,56845339.0,1209911.0,319138.0,2291288.0,18464904.0,10151995.0,6145.0,-68976653.0,116249309.0,209232165.0,140255512.0,47898289.0,727.8,,1958.0,2635.0,5774.9,335.1,3474762.0,7519640.0,7884720.0,2257645.0,10.13,,,,,,,,,,,,0.0,0.0,0.0,1827.0,14.0,297.0,0.0,298.0,244.0,173.0,535.0,209.0,0.0,0.0,468.0,0.0,0.0,142.0,140.0,145.0,3190.0,0.0,128.0,0.0,1841.0,667.0,0.0,51.0,0.0,100.0,187.0,,15060.0,3.0,0.0,28.0,45.0,43.0,17.0,0.0,0.0,0.0,0.0,3.0,242.0,76.0,0.0,0.0,1208.0,0.0,0.0,172.0,4.0,0.0,72.0,0.0,110.0,0.0,54.0,65.0,30.0,595.0,0.0,116.0,24.0,,848.0,29.0,0.0,0.0,0.0,0.0,0.0,0.0,0.0,0.0,0.0,0.0,0.0,0.0,0.0,0.0,5.0,0.0,0.0,0.0,0.0,0.0,0.0,0.0,0.0,0.0,0.0,5.0,0.0,0.0,0.0,0.0,0.0,,0.0,0.0,0.0,28.0,45.0,1870.0,31.0,297.0,0.0,298.0,244.0,176.0,777.0,285.0,0.0,0.0,1681.0,0.0,0.0,314.0,144.0,145.0,3262.0,0.0,238.0,0.0,1895.0,737.0,30.0,646.0,0.0,216.0,211.0,,15908.0,32.0,29510.0,25719.0,10.0,3781.0,9426.978062957523,103.6421966,62.2765,3883.432105263158,31283.910000000003,13737.404736842105,,,,13.915102338947367,16.57813,30.49323233894737,88.5058,1.3867052631578947,61.838452403999995,183.868651,247.09380866715787,-53594052.0,193849564.0,28.0,54.0,0.0,0.0,10.0,43.0,52.0,28.0,52.0,23.0,37.0,15.0,21.0,18.0,16.0,5.0,37.0,22.0,35.0,34.0,51.0,34.0,38.0,61.0,58.0,57.0,62.0,66.0,22.0,69.0,5.0,50.0,65.0,17.0,18.0,34.0,56.0,64.0,45.0,48.0,71.0,36.0,50.0,68.0,13.0,12.0,16.0,18.0,7.0,28.0,6.0,42.0,53.0,52.0,32.0,41.0,19.0,0.0,23.0,44.0,9.0,13.0,0.0,15.0,0.0,0.0,43.0,59.0,38.0,32.0,27.0,0.0,0.0,11.0,45.0,42.0,30.0,0.0,42.0,33.0,20.0,44.0,27.692307692307693,31.51219512195122,67.38504838749276,280.1837204302444,73.8539661861149,233.33736404577976,471.69533871244926,2521.6534838721996,14623.085304850752,3733.3978247324762,67.35109600654037,619.879731003656,1581.6509484387414,2263.7052523521697,9019.4805835467,7573.456258383118,345744.3528869243,37169.06436113482,5337.45798804197,163.69002476240797,99876.58852249723,1549.8106222628103,72.35488965733403,312.129433970646,71.47161029748774,221.8337447917661,506.4842276013382,2809.164905735814,14151.378838902572,3549.3399166682575,69.06247695892132,659.6236448626787,1596.087846529867,2323.393176433715,9031.460250213366,7994.4701713476625,348317.9246119171,38314.02721113956,5254.0919722269955,169.44741967930847,100914.47056115442,1583.07280219664
2021-03-01,2234625.0,19097256.0,70687099.0,26913722.0,18475740.0,117795030.0,152683507.0,96014907.0,119641534.0,75863510.0,699406930.0,57079173.0,42625483.0,124864989.0,49756004.0,20906811.0,35876725.0,45427.0,41372624.0,668027.0,314589.0,18314341.0,27563344.0,549917.0,23944024.0,13679728.0,70598830.0,8851322.0,37083.0,,54266159.0,20628696.0,15973.0,-14445620.0,203412624.0,250770025.0,236324405.0,61093939.0,795.9,60104.0,1964.0,2658.6,5757.0,324.8,3499375.0,7528897.0,7909527.0,2250708.0,10.5,382.0,156.0,138.0,359396.0,125678.0,186035.0,8120.0,319833.0,1050.0,2480.0,-614.4,0.0,0.0,0.0,3304.0,24.0,474.0,0.0,369.0,111.0,311.0,841.0,385.0,0.0,0.0,851.0,0.0,0.0,308.0,194.0,362.0,5893.0,0.0,117.0,0.0,4062.0,1029.0,0.0,52.0,0.0,40.0,219.0,,37404.0,21.0,0.0,12.0,44.0,132.0,71.0,2.0,0.0,0.0,0.0,3.0,389.0,89.0,0.0,0.0,2497.0,0.0,0.0,203.0,0.0,1.0,0.0,0.0,0.0,0.0,179.0,287.0,111.0,487.0,0.0,151.0,5.0,,1689.0,7.0,0.0,0.0,0.0,0.0,0.0,0.0,0.0,0.0,0.0,0.0,0.0,0.0,0.0,0.0,28.0,0.0,0.0,0.0,0.0,0.0,0.0,0.0,0.0,0.0,0.0,7.0,0.0,0.0,0.0,0.0,0.0,,0.0,0.0,0.0,12.0,44.0,3436.0,95.0,476.0,0.0,369.0,111.0,314.0,1230.0,474.0,0.0,0.0,3376.0,0.0,0.0,511.0,194.0,363.0,5893.0,0.0,117.0,0.0,4241.0,1323.0,111.0,539.0,0.0,191.0,224.0,,39093.0,28.0,62765.0,56371.0,35.0,6359.0,9548.467793881891,103.6988111,65.41,3910.508260869565,32373.290869565215,13168.811304347824,2507.2,,,24.86258196162608,24.350963,49.213544961626084,5.7474,4.158978260869565,68.72092166833043,228.213834,301.09373392919997,6461191.0,229863214.0,40.0,60.0,0.0,0.0,11.0,45.0,56.0,23.0,49.0,27.0,32.0,18.0,17.0,16.0,15.0,4.0,29.0,32.0,28.0,34.0,82.0,29.0,54.0,62.0,67.0,52.0,57.0,67.0,18.0,71.0,6.0,49.0,65.0,24.0,25.0,38.0,50.0,63.0,41.0,36.0,59.0,42.0,58.0,48.0,17.0,16.0,15.0,19.0,6.0,24.0,5.0,42.0,52.0,54.0,25.0,41.0,37.0,0.0,24.0,42.0,12.0,14.0,26.0,0.0,0.0,0.0,44.0,63.0,44.0,30.0,27.0,0.0,10.0,11.0,43.0,39.0,21.0,17.0,51.0,41.0,26.0,67.0,29.557692307692307,32.97560975609756,69.44219124463561,301.85837150553715,77.50395990828655,239.9894085350502,486.09533871244923,2716.7253435498346,15345.784061840739,3839.830536560803,65.98333410177847,599.2022141577916,1565.6838726811657,2427.3070968078205,9009.906250213366,7767.27073617038,342582.87188692426,40071.62796947527,5597.108820165957,172.19848279837737,99857.91921069582,1596.213204721636,70.56282616527052,303.3380414178987,73.71254158165351,230.47460235224935,493.9397831568937,2730.0423727610887,14595.083233167397,3687.5936376359896,67.68720711765148,602.4244108523288,1590.788588730548,2364.1271554435702,9021.833361324476,7606.314441721193,347553.6056647021,38902.45218706391,5376.664756680342,169.52200287926803,100771.05141370292,1580.1759722086285
2021-04-01,,,,,,,,,,,,56692968.0,21722894.0,132296139.0,44510212.0,74894014.0,29792015.0,18560.0,36255047.0,204014.0,1164685.0,12501189.0,42639837.0,577626.0,25237182.0,363015.0,106136992.0,5630722.0,18919.0,12870451.0,13288696.0,18519905.0,5871.0,-106122988.0,183829608.0,304583901.0,198460913.0,97116930.0,780.0,,1946.0,2727.4,5759.4,325.1,3541460.0,7573187.0,7968848.0,2258741.0,8.84,,,,,,,,,,,,0.0,0.0,0.0,3668.0,29.0,461.0,80.0,506.0,501.0,248.0,967.0,437.0,0.0,0.0,860.0,0.0,0.0,414.0,298.0,313.0,5162.0,0.0,275.0,0.0,4230.0,1384.0,0.0,6.0,0.0,48.0,212.0,,40183.0,23.0,0.0,14.0,30.0,143.0,228.0,22.0,0.0,0.0,0.0,8.0,436.0,93.0,0.0,0.0,3963.0,0.0,0.0,402.0,0.0,0.0,110.0,0.0,26.0,0.0,99.0,374.0,30.0,888.0,0.0,220.0,26.0,,1175.0,7.0,0.0,0.0,0.0,0.0,0.0,0.0,0.0,0.0,0.0,0.0,0.0,0.0,0.0,0.0,184.0,0.0,0.0,0.0,0.0,0.0,0.0,0.0,0.0,0.0,0.0,8.0,0.0,0.0,0.0,0.0,0.0,,0.0,0.0,0.0,14.0,30.0,3811.0,257.0,483.0,80.0,506.0,501.0,256.0,1403.0,530.0,0.0,0.0,5007.0,0.0,0.0,816.0,298.0,313.0,5272.0,0.0,301.0,0.0,4329.0,1766.0,30.0,894.0,0.0,268.0,238.0,,41358.0,30.0,68791.0,60305.0,192.0,8294.0,9827.828061044216,104.0384978,64.8065,4141.176190476191,33803.28619047619,13900.438095238096,,,11.075963636363637,16.415718052581816,31.766669,59.258350688945455,21.7706,23.53642272727273,48.973368846172725,171.060739,243.57053057344547,-31228974.0,229689887.0,52.0,59.0,0.0,0.0,10.0,44.0,47.0,25.0,53.0,26.0,36.0,19.0,20.0,14.0,16.0,5.0,38.0,37.0,22.0,33.0,64.0,34.0,49.0,58.0,64.0,50.0,56.0,56.0,22.0,64.0,5.0,55.0,76.0,28.0,26.0,31.0,52.0,61.0,40.0,34.0,54.0,39.0,50.0,52.0,16.0,14.0,17.0,33.0,6.0,24.0,6.0,42.0,56.0,51.0,24.0,44.0,28.0,0.0,29.0,47.0,10.0,14.0,31.0,19.0,0.0,0.0,42.0,67.0,46.0,30.0,27.0,0.0,13.0,0.0,48.0,37.0,26.0,16.0,49.0,41.0,24.0,61.0,30.5,33.09756097560975,65.94695314939752,300.84294516144774,74.04642875808162,218.02205389794955,461.62867204578265,2707.5865064530294,14661.192894100157,3488.3528623671928,69.73961981606418,627.6547129033011,1585.5244999185948,2571.34162735217,9036.200250213366,7738.409127829934,347176.1623063853,42091.246361134814,5329.69023374154,164.7145952417191,101510.50451139084,1633.7067112925788,67.55965156209592,295.6738208683306,74.98309166039677,230.72171638674308,472.9175609346714,2661.0643878149754,14846.652148758558,3691.5474621878893,67.70052457796893,615.245824293188,1578.4005761739797,2435.8876830645363,9021.9265835467,7690.047818572255,345449.03196378483,39987.30194076603,5418.045389924024,167.2345701193916,100537.07707666745,1596.7987160836444
2021-05-01,,,,,,,,,,,,59598525.0,16439359.0,101052414.0,39062833.0,49398502.0,32366108.0,603128.0,34501939.0,-128608.0,338691.0,22804470.0,39779169.0,706075.0,16333469.0,1100.0,86773705.0,26793364.0,59094.0,3557759.0,10720950.0,28233116.0,20000.0,-119181870.0,150461009.0,293572309.0,174390439.0,74064187.0,818.6,,1951.0,2640.2,5739.1,330.7,3614526.0,7634068.0,8027127.0,2377522.0,9.79,,,,,,,,,,,,0.0,0.0,0.0,4863.0,15.0,642.0,103.0,442.0,536.0,256.0,806.0,265.0,0.0,0.0,1554.0,0.0,0.0,432.0,234.0,336.0,6900.0,0.0,333.0,0.0,6823.0,1915.0,0.0,61.0,0.0,51.0,265.0,,54264.0,72.0,0.0,34.0,176.0,168.0,467.0,0.0,463.0,0.0,0.0,5.0,560.0,252.0,0.0,0.0,5458.0,0.0,0.0,690.0,0.0,0.0,123.0,0.0,19.0,0.0,94.0,547.0,36.0,1721.0,0.0,125.0,18.0,,1304.0,19.0,0.0,0.0,0.0,0.0,0.0,0.0,0.0,0.0,0.0,0.0,0.0,0.0,0.0,0.0,419.0,0.0,0.0,0.0,0.0,0.0,0.0,0.0,0.0,0.0,0.0,10.0,0.0,0.0,0.0,0.0,0.0,,0.0,0.0,0.0,34.0,176.0,5031.0,482.0,642.0,566.0,442.0,536.0,261.0,1366.0,517.0,0.0,0.0,7431.0,0.0,0.0,1122.0,234.0,336.0,7023.0,0.0,352.0,0.0,6917.0,2472.0,36.0,1782.0,0.0,176.0,283.0,,55568.0,91.0,93876.0,81168.0,429.0,12279.0,9589.254970699549,104.5197207,68.53421052631579,4167.8495,34270.3085,13520.229000000001,,,,2.73188142061,20.329434,23.06131542061,3.3874,2.8167,35.36425367824,275.110091,313.29104467824,-69783368.0,244173807.0,52.0,69.0,0.0,0.0,9.0,43.0,35.0,27.0,55.0,30.0,38.0,22.0,20.0,18.0,16.0,4.0,29.0,39.0,29.0,38.0,77.0,43.0,55.0,72.0,63.0,66.0,57.0,58.0,24.0,70.0,5.0,52.0,64.0,32.0,22.0,35.0,53.0,64.0,39.0,34.0,61.0,39.0,49.0,65.0,19.0,12.0,18.0,25.0,5.0,25.0,7.0,42.0,59.0,54.0,35.0,50.0,23.0,0.0,24.0,52.0,13.0,14.0,30.0,23.0,0.0,0.0,49.0,67.0,56.0,34.0,34.0,56.0,18.0,11.0,39.0,49.0,41.0,18.0,53.0,32.0,21.0,66.0,31.057692307692307,35.926829268292686,70.18504838749276,274.55092957007383,76.83218871245604,213.89915665331435,491.2953387124493,2470.9583661306647,15212.773365066298,3422.3865064530296,70.91757219701657,514.9230462366345,1515.5341760916172,2606.1546264113017,9044.445916880033,6723.824127829934,334552.79260919394,42268.34221668089,5399.35339409061,158.86683083083426,98147.3512176462,1592.646807361543,68.49615949860387,291.1873665871882,76.05450814785279,222.60827967079967,479.47311649022697,2620.6862992846936,15058.79261327485,3561.732474732795,68.88438172082608,590.1725403425705,1551.1564390889728,2545.367762690431,9030.213583546698,7464.3882630167,340656.22035917017,41644.00518243032,5430.1711259456415,164.58657847611113,99698.70684704097,1610.6608177289027
2021-06-01,3653671.0,27156804.0,73044672.0,34771116.0,21748632.0,178841708.0,184346023.0,131447209.0,152017596.0,96556875.0,903584306.0,70602006.0,8704706.0,186137287.0,148809905.0,34058345.0,47495454.0,275079.0,73347386.0,195831.0,14829064.0,27954129.0,52356990.0,1016949.0,33320516.0,1677.0,166315761.0,19377579.0,18721248.0,4976893.0,14844633.0,104562972.0,2.0,-231338535.0,242612526.0,536631530.0,305292995.0,98851264.0,780.7,65704.0,1973.0,2606.0,5723.8,324.1,3727839.0,7773316.0,8227743.0,2576083.0,9.85,474.0,171.0,158.0,431126.0,156431.0,217162.0,8018.0,381611.0,1094.0,2741.0,-584.2,0.0,0.0,0.0,5326.0,39.0,793.0,27.0,516.0,573.0,528.0,391.0,563.0,0.0,0.0,1407.0,0.0,0.0,440.0,126.0,331.0,8661.0,0.0,208.0,0.0,8465.0,2343.0,0.0,81.0,0.0,45.0,279.0,,81931.0,116.0,0.0,12.0,225.0,158.0,311.0,14.0,277.0,0.0,0.0,18.0,575.0,124.0,0.0,0.0,9042.0,0.0,0.0,471.0,0.0,0.0,117.0,0.0,4.0,0.0,46.0,1147.0,274.0,2254.0,0.0,147.0,13.0,,1383.0,13.0,0.0,0.0,0.0,0.0,0.0,0.0,0.0,0.0,0.0,0.0,0.0,0.0,0.0,3708.0,434.0,0.0,0.0,0.0,0.0,0.0,0.0,0.0,0.0,0.0,0.0,1136.0,0.0,0.0,0.0,0.0,0.0,,0.0,0.0,0.0,12.0,225.0,5484.0,350.0,807.0,304.0,516.0,573.0,546.0,966.0,687.0,0.0,3708.0,10883.0,0.0,0.0,911.0,126.0,331.0,8778.0,0.0,212.0,0.0,8511.0,4626.0,274.0,2335.0,0.0,192.0,292.0,,83314.0,129.0,135092.0,113189.0,5278.0,16625.0,9648.567261636255,104.3781846,73.1640909090909,4238.489545454546,34289.90727272727,14097.16909090909,2934.2,,,30.594259659790907,21.192404,51.786663659790904,23.0014,2.804945454545454,39.63153409186363,222.462759,264.8992385464091,-197280190.0,502573185.0,51.0,60.0,0.0,0.0,12.0,54.0,47.0,26.0,53.0,30.0,43.0,28.0,23.0,17.0,14.0,7.0,31.0,41.0,30.0,34.0,79.0,41.0,58.0,65.0,78.0,53.0,58.0,57.0,0.0,62.0,5.0,55.0,70.0,30.0,30.0,44.0,53.0,68.0,35.0,37.0,71.0,46.0,55.0,42.0,25.0,13.0,18.0,20.0,7.0,30.0,5.0,42.0,50.0,48.0,32.0,55.0,30.0,0.0,30.0,43.0,9.0,13.0,46.0,18.0,0.0,19.0,50.0,73.0,69.0,35.0,32.0,0.0,21.0,10.0,53.0,42.0,36.0,19.0,46.0,41.0,21.0,75.0,33.36538461538461,36.207317073170735,62.413619816064184,252.83974940285086,77.73602355280036,271.120087096805,436.89533871244925,2275.557744625658,15391.732663454472,4337.92139354888,68.79581029225466,515.3033080048748,1547.0483036956114,2394.3822639449213,9029.593583546699,7297.114677844159,339082.9852924846,39734.7867083689,5610.526785085365,166.02736996713008,98786.12006556109,1574.174239825053,66.01203251447689,273.7788939269152,76.25339403268745,233.01630786297892,462.0842276013381,2464.0100453422365,15098.172018472116,3728.2609258076627,69.8116674351118,562.4427444644379,1543.885468830836,2503.9663600694644,9036.7045835467,7309.798132463515,339216.5682480591,41044.9014287282,5438.131804305838,162.26515708426462,99151.99309819937,1595.4197301482
2021-07-01,,,,,,,,,,,,55754080.0,7485705.0,171000756.0,49892781.0,47880218.0,36546996.0,345253.0,28674252.0,2309109.0,1291818.0,22952502.0,30624101.0,507614.0,16104202.0,780.0,161881558.0,1036518.0,56500.0,3159388.0,5959810.0,7362796.0,6902.0,556769.0,215378710.0,239638057.0,240194826.0,141975676.0,806.3,,1968.0,2676.6,5724.6,335.9,3768826.0,7848971.0,8274903.0,2602596.0,10.58,,,,,,,,,,,,0.0,0.0,0.0,5734.0,64.0,709.0,118.0,457.0,420.0,468.0,515.0,604.0,0.0,0.0,1397.0,0.0,0.0,480.0,133.0,315.0,8489.0,0.0,82.0,0.0,9221.0,2872.0,0.0,77.0,0.0,77.0,152.0,,101524.0,21.0,0.0,11.0,258.0,120.0,445.0,14.0,192.0,2.0,2.0,5.0,1023.0,285.0,0.0,0.0,7422.0,0.0,0.0,432.0,0.0,17.0,128.0,0.0,21.0,0.0,36.0,1092.0,24.0,2888.0,0.0,6.0,17.0,,1085.0,0.0,0.0,0.0,0.0,0.0,0.0,0.0,0.0,0.0,0.0,0.0,0.0,0.0,0.0,4913.0,569.0,174.0,0.0,0.0,0.0,0.0,0.0,0.0,0.0,0.0,0.0,4685.0,0.0,0.0,5395.0,0.0,0.0,,16188.0,2202.0,0.0,11.0,258.0,5854.0,509.0,723.0,310.0,459.0,422.0,473.0,1538.0,889.0,0.0,4913.0,9388.0,174.0,0.0,912.0,133.0,332.0,8617.0,0.0,103.0,0.0,9257.0,8649.0,24.0,2965.0,5395.0,83.0,169.0,,118797.0,2223.0,183580.0,133929.0,34126.0,15525.0,9715.559607088566,105.0292508,75.1659090909091,4363.7128571428575,34798.80428571429,14639.072857142855,,,,28.388634973085715,41.181302,69.56993697308572,24.1214,2.761561904761905,33.35582320704762,203.54453,239.66191511180955,48436987.0,191757839.0,53.0,68.0,0.0,0.0,11.0,81.0,58.0,30.0,58.0,27.0,44.0,31.0,19.0,19.0,14.0,6.0,35.0,47.0,34.0,38.0,73.0,40.0,64.0,61.0,71.0,64.0,57.0,56.0,0.0,66.0,8.0,49.0,77.0,32.0,36.0,35.0,57.0,71.0,34.0,41.0,68.0,43.0,56.0,26.0,26.0,14.0,17.0,25.0,7.0,19.0,5.0,38.0,55.0,54.0,28.0,63.0,24.0,0.0,17.0,50.0,9.0,11.0,60.0,20.0,0.0,19.0,53.0,76.0,71.0,35.0,40.0,75.0,27.0,7.0,40.0,49.0,30.0,15.0,69.0,44.0,22.0,67.0,34.36538461538461,38.28048780487805,65.58028648273084,276.9694480885923,76.82859148752193,266.65097368955657,459.062005379116,2492.725032797331,15212.061114529342,4266.415579032905,67.07900076844513,723.1331392473905,1649.087168635328,2371.5803259744876,9017.575916880034,8692.692997276748,357387.11990354833,39179.99963614193,5607.565932934674,171.5073249371004,103569.34711346176,1626.9538349438128,66.0358420382864,267.6920549782937,77.10164776444792,248.37281955650934,462.25089426800486,2409.2284948046436,15266.126257360687,3973.9651129041495,68.90434997479434,593.8084050976528,1564.632286037851,2447.238509610237,9030.353361324476,7623.74842227912,342659.59182859806,40232.23385373057,5527.892689834371,164.80059108438434,99886.48186648305,1595.5630633031797
2021-08-01,,,,,,,,,,,,66252389.0,7256576.0,113270779.0,28374991.0,19984797.0,45924535.0,1212282.0,35042348.0,900488.0,370091.0,11812111.0,27035279.0,530067.0,19597412.0,1250.0,102573045.0,6967930.0,338436.0,4225645.0,6472089.0,17983731.0,55240.0,-41364072.0,167664172.0,222139365.0,180775293.0,85624125.0,786.9,,2058.0,2739.5,5706.3,324.5,3736364.0,7809302.0,8231065.0,2749253.0,10.08,,,,,,,,,,,,0.0,0.0,0.0,2526.0,2.0,390.0,45.0,260.0,182.0,307.0,279.0,334.0,0.0,0.0,971.0,0.0,0.0,291.0,57.0,181.0,3787.0,0.0,51.0,0.0,5374.0,1603.0,0.0,38.0,0.0,54.0,120.0,,69333.0,0.0,0.0,17.0,25.0,21.0,95.0,0.0,98.0,119.0,0.0,3.0,319.0,47.0,0.0,0.0,3588.0,0.0,0.0,244.0,0.0,0.0,52.0,0.0,0.0,0.0,45.0,1323.0,6.0,882.0,0.0,12.0,20.0,,596.0,0.0,0.0,0.0,0.0,0.0,0.0,0.0,0.0,0.0,0.0,0.0,0.0,0.0,0.0,21757.0,8262.0,1572.0,0.0,0.0,0.0,0.0,0.0,0.0,0.0,0.0,0.0,7528.0,0.0,0.0,13638.0,0.0,309.0,,42277.0,926.0,0.0,17.0,25.0,2547.0,97.0,390.0,143.0,379.0,182.0,310.0,598.0,381.0,0.0,21757.0,12821.0,1572.0,0.0,535.0,57.0,181.0,3839.0,0.0,51.0,0.0,5419.0,10454.0,6.0,920.0,13638.0,66.0,449.0,,112206.0,926.0,189966.0,86185.0,96269.0,7512.0,9685.409729897976,105.8973391,70.74714285714286,4454.206363636364,35243.965454545454,14856.517727272729,,,1.3796818181818182,7.309508610613635,24.766935,33.45612542879545,33.5556,31.73268181818182,65.23151396701363,245.807168,342.77136378519543,-21379275.0,202154568.0,41.0,57.0,0.0,0.0,11.0,55.0,58.0,25.0,54.0,26.0,39.0,24.0,21.0,18.0,15.0,7.0,38.0,39.0,30.0,43.0,56.0,36.0,44.0,47.0,55.0,59.0,57.0,48.0,38.0,64.0,5.0,53.0,69.0,26.0,27.0,29.0,53.0,70.0,39.0,44.0,63.0,42.0,49.0,26.0,22.0,12.0,17.0,25.0,7.0,27.0,5.0,38.0,52.0,52.0,21.0,53.0,25.0,0.0,26.0,49.0,9.0,12.0,35.0,21.0,0.0,14.0,50.0,69.0,59.0,26.0,22.0,67.0,22.0,7.0,34.0,45.0,44.0,25.0,55.0,28.0,23.0,45.0,31.692307692307693,34.670731707317074,65.07552457796893,288.0361838113709,76.70937647991606,248.2259348454936,455.5286720457826,2592.3256543023376,15188.45654302338,3971.614957527898,67.56800076844513,766.9092141577917,1624.8977807592566,2206.8212232191227,9020.998916880031,9276.63373617038,353452.42339523626,37113.722186156156,5551.9814567248495,169.51175492868737,102215.9445586107,1606.043024721305,65.11679441923879,268.6396031065192,77.55161122522,253.15431182800833,455.8175609346715,2417.756427958673,15355.21902259356,4050.4689892481333,69.0687309271753,635.8262144365673,1571.1987815231703,2374.2478782930375,9031.504027991143,8160.2054269127,343833.12055822456,39317.65850558875,5569.8155001837595,166.11558014474656,100085.6221296793,1597.6972303825755
2021-09-01,3910068.0,32539951.0,103497302.0,36731667.0,19855897.0,182895012.0,154984109.0,132697444.0,186105677.0,101499865.0,954716992.0,59345458.0,5895180.0,97534363.0,55956088.0,24322146.0,33131331.0,671996.0,53428161.0,324958.0,14712178.0,23214304.0,29881764.0,261702.0,16766701.0,13795.0,84574100.0,8494102.0,13903.0,3072796.0,9887467.0,22492446.0,2627.0,-95560445.0,137232870.0,271011824.0,175451379.0,67762278.0,775.2,61839.0,2081.0,2764.6,5715.0,320.4,3706417.0,7809098.0,8223827.0,2709866.0,9.58,380.0,150.0,171.0,611559.0,265088.0,276063.0,15568.0,556719.0,918.0,2288.0,-445.0,0.0,0.0,0.0,811.0,20.0,261.0,16.0,150.0,71.0,182.0,179.0,356.0,0.0,0.0,694.0,0.0,0.0,236.0,70.0,77.0,1294.0,0.0,39.0,0.0,2809.0,1119.0,0.0,32.0,0.0,62.0,46.0,,34821.0,3.0,0.0,23.0,2.0,18.0,14.0,4.0,84.0,6.0,0.0,7.0,178.0,46.0,0.0,0.0,3488.0,0.0,0.0,296.0,0.0,0.0,0.0,0.0,3.0,0.0,28.0,180.0,150.0,876.0,0.0,25.0,10.0,,490.0,0.0,0.0,0.0,0.0,0.0,0.0,0.0,0.0,0.0,0.0,0.0,0.0,0.0,2549.0,30187.0,12329.0,2271.0,0.0,0.0,0.0,0.0,0.0,0.0,0.0,0.0,0.0,3545.0,0.0,0.0,13092.0,0.0,0.0,,44569.0,842.0,0.0,23.0,2.0,829.0,34.0,265.0,100.0,156.0,71.0,189.0,357.0,402.0,2549.0,30187.0,16511.0,2271.0,0.0,532.0,70.0,77.0,1294.0,0.0,42.0,0.0,2837.0,4844.0,150.0,908.0,13092.0,87.0,56.0,,79880.0,845.0,158660.0,43348.0,109384.0,5928.0,9997.41736149788,106.1049255,74.48863636363636,4445.543333333333,34688.421428571426,15023.538571428571,2931.4,,1.3732047619047618,4.464449586828572,51.995314,57.83296834873333,26.0019,1.3732047619047618,99.35336422245713,223.534386,324.2609549843619,-71238299.0,246689678.0,40.0,44.0,0.0,0.0,8.0,35.0,69.0,18.0,55.0,26.0,41.0,20.0,18.0,16.0,17.0,6.0,36.0,37.0,24.0,35.0,55.0,37.0,38.0,44.0,58.0,44.0,54.0,50.0,28.0,51.0,5.0,49.0,67.0,26.0,24.0,27.0,50.0,64.0,32.0,33.0,57.0,42.0,43.0,25.0,19.0,13.0,16.0,25.0,8.0,19.0,4.0,35.0,50.0,48.0,27.0,43.0,21.0,0.0,18.0,44.0,6.0,11.0,0.0,21.0,0.0,0.0,43.0,62.0,36.0,23.0,11.0,0.0,17.0,7.0,37.0,39.0,23.0,25.0,40.0,27.0,23.0,40.0,27.51923076923077,29.621951219512194,67.09457219701656,292.46088667874756,75.58993125074308,233.97903071244642,469.6620053791159,2632.147980108728,14966.80638764713,3743.6644913991427,69.45800076844513,628.844473417051,1642.281813682577,2249.149650067239,9034.228916880033,8034.051069503712,357369.35207580373,37695.998983376005,5453.070216133529,167.2811052097384,103033.40776139087,1586.0430315135984,64.68663568908005,269.972732596761,77.25850327022256,251.25604470211417,452.8064498235604,2429.754593370849,15297.183647504065,4020.0967152338267,68.83147695892133,615.9094923537328,1579.2097777932174,2358.4463090054046,9029.843250213367,8012.614272283862,345007.72634617717,39128.15208521996,5549.960351483075,165.79347906454444,100294.58398847359,1592.060212893106
2021-10-01,,,,,,,,,,,,55949480.0,4412430.0,125368677.0,31166637.0,73277300.0,39367031.0,611900.0,30399555.0,237027.0,234851.0,14658729.0,15321701.0,649008.0,25020052.0,500.0,117625571.0,895934.0,195509.0,1739889.0,6003217.0,8989937.0,,-55600988.0,169760038.0,241257623.0,185656635.0,104140829.0,800.1,,2085.0,2811.4,5672.3,320.2,3666642.0,7753843.0,8177141.0,2576532.0,10.49,,,,,,,,,,,,0.0,0.0,0.0,1985.0,0.0,335.0,11.0,405.0,275.0,162.0,252.0,288.0,0.0,0.0,697.0,0.0,0.0,211.0,80.0,171.0,2175.0,0.0,44.0,0.0,4203.0,1373.0,0.0,34.0,0.0,41.0,48.0,,44083.0,2.0,0.0,41.0,2.0,51.0,25.0,3.0,47.0,0.0,0.0,2.0,189.0,14.0,0.0,0.0,2625.0,0.0,0.0,187.0,0.0,0.0,8.0,0.0,5.0,0.0,64.0,471.0,77.0,358.0,0.0,13.0,2.0,,629.0,3.0,8358.0,0.0,0.0,0.0,0.0,0.0,0.0,0.0,0.0,0.0,0.0,0.0,1363.0,41356.0,14150.0,2314.0,0.0,0.0,0.0,0.0,0.0,3165.0,0.0,0.0,0.0,11683.0,0.0,0.0,20993.0,0.0,0.0,,95869.0,0.0,8358.0,41.0,2.0,2036.0,25.0,338.0,58.0,405.0,275.0,164.0,441.0,302.0,1363.0,41356.0,17472.0,2314.0,0.0,398.0,80.0,171.0,2183.0,3165.0,49.0,0.0,4267.0,13527.0,77.0,392.0,20993.0,54.0,50.0,,140581.0,5.0,260942.0,56875.0,199251.0,4816.0,10233.750285625458,112.74,83.53809523809524,4460.7071428571435,35055.5180952381,14879.012380952381,,,,7.903238801625,54.732488,62.635726801625,50.6685,2.74018,26.43579831336,384.782299,413.95827731336004,17676312.0,167980323.0,45.0,35.0,0.0,0.0,11.0,50.0,58.0,30.0,60.0,25.0,38.0,28.0,19.0,17.0,17.0,6.0,31.0,35.0,31.0,46.0,38.0,41.0,43.0,64.0,71.0,60.0,60.0,73.0,42.0,67.0,5.0,55.0,72.0,27.0,45.0,42.0,44.0,70.0,32.0,30.0,63.0,40.0,54.0,31.0,25.0,11.0,17.0,27.0,6.0,32.0,6.0,34.0,48.0,47.0,27.0,47.0,20.0,0.0,23.0,37.0,11.0,11.0,31.0,15.0,0.0,0.0,43.0,66.0,45.0,24.0,18.0,52.0,14.0,11.0,30.0,38.0,32.0,16.0,41.0,30.0,20.0,42.0,30.403846153846153,33.51219512195122,66.31361981606418,287.9917393669264,74.68845913714162,225.73004324606592,464.19533871244926,2591.925654302338,14788.314909154045,3611.6806919370547,71.59552457796894,602.5090108722515,1591.2370831568908,2190.6378797043394,9049.191583546699,7892.0099389505285,347832.3636258179,36949.76672226963,5364.0291485264715,163.68096539154953,100430.83296764619,1558.9302943430664,64.98346108590545,272.47438636019734,76.39920119390703,253.6345104503259,454.8842276013382,2452.269477241776,15127.041836393593,4058.1521672052145,69.1971912446356,613.6600292513821,1594.8969365908713,2318.6601148745826,9032.403250213365,7960.7097602460335,348050.4650998793,38618.21035559349,5523.08692711048,166.87288977258393,100915.44711648305,1586.5838517988054
2021-11-01,,,,,,,,,,,,60643545.0,2942286.0,102657435.0,45921966.0,57942210.0,42358175.0,657658.0,37192326.0,373674.0,5906913.0,16463745.0,15774450.0,712356.0,9951605.0,1600.0,89423520.0,1893694.0,59206.0,5553309.0,7680606.0,9219463.0,2567.0,-67075538.0,148615554.0,238912933.0,171837395.0,78650773.0,776.3,,2149.0,2865.8,5651.0,319.4,3624425.0,7680512.0,8158415.0,2485750.0,9.88,,,,,,,,,,,,0.0,0.0,0.0,3476.0,25.0,419.0,45.0,454.0,427.0,371.0,377.0,313.0,0.0,0.0,880.0,0.0,0.0,577.0,150.0,393.0,5449.0,0.0,119.0,0.0,5539.0,1981.0,0.0,58.0,0.0,42.0,294.0,,68826.0,13.0,0.0,8.0,43.0,180.0,112.0,0.0,30.0,0.0,0.0,3.0,273.0,55.0,0.0,0.0,1631.0,0.0,0.0,377.0,0.0,0.0,73.0,0.0,11.0,0.0,105.0,630.0,118.0,482.0,0.0,46.0,26.0,,1653.0,2.0,16170.0,0.0,0.0,0.0,0.0,0.0,0.0,0.0,0.0,0.0,0.0,0.0,7228.0,94059.0,11565.0,11881.0,0.0,0.0,0.0,0.0,0.0,9206.0,0.0,0.0,0.0,8127.0,0.0,0.0,24085.0,0.0,0.0,,113725.0,872.0,16170.0,8.0,43.0,3656.0,137.0,419.0,75.0,454.0,427.0,374.0,650.0,368.0,7228.0,94059.0,14076.0,11881.0,0.0,954.0,150.0,393.0,5522.0,9206.0,130.0,0.0,5644.0,10738.0,118.0,540.0,24085.0,88.0,320.0,,184204.0,887.0,393004.0,90228.0,296918.0,5858.0,10350.21013379097,113.16,81.05,4667.386666666666,35848.57095238095,15814.932857142858,,,2.69252,18.522987270359998,28.249218,49.46472527036,44.1797,2.69252,26.684139977010002,346.317911,375.69457097700996,-9133328.0,180970723.0,50.0,47.0,0.0,3.0,10.0,52.0,50.0,25.0,60.0,30.0,38.0,31.0,19.0,20.0,14.0,6.0,40.0,41.0,29.0,64.0,84.0,36.0,49.0,45.0,68.0,43.0,64.0,73.0,33.0,64.0,7.0,46.0,70.0,29.0,37.0,38.0,47.0,66.0,35.0,35.0,53.0,41.0,52.0,37.0,27.0,12.0,16.0,25.0,7.0,19.0,5.0,35.0,46.0,45.0,20.0,49.0,20.0,0.0,15.0,34.0,7.0,13.0,33.0,0.0,0.0,0.0,48.0,65.0,63.0,28.0,30.0,44.0,17.0,10.0,38.0,41.0,21.0,20.0,46.0,35.0,27.0,53.0,30.923076923076923,34.08536585365854,70.79933410177846,284.57617491061325,71.84377348493045,217.79183585360047,495.59533871244923,2561.1855741955196,14225.06715001623,3484.6693736576076,70.31833410177846,563.6035474911249,1579.4161875720101,2356.221909778254,9040.251250213365,7446.88273617038,345681.7823647115,39124.22104170223,5191.629359145451,161.25277958773066,100323.28434819938,1577.5068205632974,65.42631822876258,274.6225114896415,75.54015242757258,250.80707018375466,457.9842276013382,2471.6026034067736,14956.950180659369,4012.9131229400746,68.70581029225465,652.6928500996486,1593.052406587432,2289.927254077094,9028.963583546698,8280.345803763761,347780.2261915484,38285.12195930035,5474.862533651889,166.59901308243283,100843.6643845398,1589.7940686123911
2021-12-01,5156341.0,28840695.0,89267636.0,40585101.0,19700947.0,161427105.0,139419844.0,119453167.0,200022078.0,121024680.0,924897594.0,59312275.0,8827237.0,89250456.0,39084428.0,16361904.0,28434175.0,740695.0,40296540.0,38859.0,26974122.0,25106411.0,17001294.0,260543.0,11589891.0,10010.0,76598531.0,3489202.0,16774.0,,12651925.0,14871292.0,194732.0,-22226080.0,127252563.0,202045685.0,179819605.0,66386608.0,779.8,67070.0,2228.0,2933.1,5680.7,315.2,3715501.0,7773042.0,8220700.0,2432764.0,10.56,342.0,124.0,158.0,500776.0,199669.0,257098.0,15528.0,472295.0,1353.0,4638.0,-790.3000000000001,0.0,0.0,0.0,4972.0,20.0,699.0,19.0,562.0,409.0,358.0,438.0,418.0,0.0,0.0,1234.0,0.0,0.0,512.0,178.0,401.0,7007.0,0.0,201.0,0.0,7006.0,2298.0,0.0,5.0,0.0,19.0,198.0,,91532.0,34.0,0.0,14.0,94.0,265.0,147.0,6.0,76.0,0.0,0.0,21.0,452.0,169.0,0.0,0.0,3366.0,0.0,0.0,323.0,0.0,0.0,223.0,0.0,28.0,0.0,83.0,498.0,191.0,895.0,0.0,122.0,6.0,,2022.0,3.0,22567.0,0.0,0.0,0.0,0.0,0.0,0.0,0.0,0.0,0.0,0.0,0.0,19048.0,97637.0,15944.0,13740.0,0.0,0.0,0.0,0.0,0.0,27252.0,0.0,0.0,229.0,8468.0,0.0,0.0,30819.0,0.0,0.0,,137585.0,0.0,22567.0,14.0,94.0,5237.0,167.0,705.0,95.0,562.0,409.0,379.0,890.0,587.0,19048.0,97637.0,20544.0,13740.0,0.0,835.0,178.0,401.0,7230.0,27252.0,229.0,0.0,7318.0,11264.0,191.0,900.0,30819.0,141.0,204.0,,231139.0,37.0,500813.0,118520.0,373289.0,9004.0,10965.243555158377,113.24,74.1704761904762,4674.772727272727,35641.33409090909,15474.431818181818,2911.8,,2.660590476190476,6.915540558823809,110.127116,119.70324703501429,123.4215,2.660590476190476,55.53230343898571,254.445723,312.63861691517616,-5864176.0,185683781.0,41.0,28.0,0.0,0.0,10.0,54.0,59.0,27.0,74.0,38.0,55.0,31.0,21.0,19.0,16.0,10.0,43.0,51.0,58.0,40.0,80.0,43.0,49.0,58.0,61.0,54.0,55.0,71.0,48.0,66.0,8.0,45.0,61.0,28.0,56.0,45.0,46.0,62.0,30.0,27.0,52.0,36.0,50.0,42.0,28.0,11.0,18.0,26.0,8.0,29.0,6.0,35.0,42.0,35.0,21.0,60.0,23.0,21.0,14.0,44.0,7.0,14.0,31.0,15.0,0.0,11.0,69.0,59.0,50.0,22.0,30.0,50.0,20.0,7.0,38.0,44.0,33.0,24.0,65.0,34.0,29.0,51.0,32.5,36.24390243902439,74.61838172082608,286.6416185187307,72.62162523632134,210.69280954315704,522.3286720457826,2579.774566668576,14379.081796791626,3371.0849526905126,71.9829531493975,633.4182692951837,1594.9005427528505,2420.5795454301383,9051.903583546698,7980.2372000568985,348557.7286258179,40248.92124448238,5213.0674970491245,161.1436087547588,101459.69766347598,1613.9430630474424,67.88346108590544,280.4239729193382,74.81348301028413,238.41050356191397,475.18422760133814,2523.8157562740444,14813.06963603626,3814.5680569906235,69.69988965733401,654.4331584628483,1603.0454963488455,2348.4200279906213,9035.922139102255,8232.689890799218,349632.2205878415,39062.70962133344,5406.659419225567,165.38285514436043,101490.88555976911,1603.2069970757984
2022-01-01,,,,,,,,,,,,61130016.0,9422647.0,139983006.0,43600202.0,55250755.0,34385593.0,1116855.0,29702214.0,208931.0,501294.0,15291598.0,15515456.0,347512.0,24440218.0,27009265.0,122157927.0,1729531.0,34884.0,8589167.0,9235912.0,9590887.0,5635.0,-13067781.0,184908101.0,241168210.0,228100429.0,119313761.0,785.0,,2198.0,2959.8,5676.4,315.0,3820003.0,7875862.0,8329673.0,2400319.0,10.24,,,,,,,,,,,,0.0,0.0,0.0,3235.0,7.0,304.0,7.0,431.0,373.0,192.0,277.0,281.0,0.0,0.0,546.0,0.0,0.0,160.0,160.0,143.0,5007.0,0.0,130.0,0.0,5507.0,1906.0,0.0,29.0,0.0,32.0,136.0,,55193.0,11.0,0.0,9.0,71.0,78.0,79.0,5.0,0.0,2.0,0.0,70.0,241.0,82.0,0.0,0.0,1522.0,0.0,0.0,83.0,0.0,0.0,65.0,0.0,0.0,0.0,101.0,541.0,80.0,356.0,0.0,85.0,178.0,,1019.0,2.0,12387.0,0.0,0.0,0.0,0.0,0.0,0.0,0.0,0.0,0.0,0.0,0.0,7957.0,57239.0,475.0,8820.0,0.0,0.0,0.0,0.0,0.0,14907.0,73.0,0.0,0.0,7044.0,0.0,0.0,18264.0,0.0,545.0,,108253.0,0.0,12387.0,9.0,71.0,3313.0,86.0,309.0,7.0,433.0,373.0,262.0,518.0,363.0,7957.0,57239.0,2543.0,8820.0,0.0,243.0,160.0,143.0,5072.0,14907.0,203.0,0.0,5608.0,9491.0,80.0,385.0,18264.0,117.0,859.0,,164465.0,13.0,318343.0,74069.0,235964.0,8310.0,10426.195181787014,113.93,86.50523809523808,4573.8155,35456.145000000004,14531.377499999999,,,,67.853955338925,53.574165,121.428120338925,4.0434,2.71105,66.5139944235,276.525657,345.7507014235,42182974.0,185917455.0,57.0,36.0,0.0,0.0,8.0,73.0,81.0,17.0,65.0,34.0,50.0,38.0,23.0,20.0,21.0,8.0,39.0,49.0,26.0,32.0,46.0,38.0,72.0,50.0,64.0,48.0,60.0,63.0,30.0,59.0,6.0,53.0,65.0,35.0,37.0,41.0,42.0,59.0,36.0,32.0,49.0,41.0,43.0,48.0,31.0,10.0,23.0,29.0,9.0,26.0,9.0,43.0,53.0,48.0,27.0,60.0,23.0,0.0,18.0,49.0,8.0,16.0,50.0,16.0,0.0,0.0,61.0,70.0,56.0,30.0,31.0,85.0,14.0,6.0,36.0,35.0,15.0,21.0,48.0,56.0,25.0,86.0,34.76923076923077,36.792682926829265,79.5517150541594,274.40026624871535,77.05233782455947,208.68617671387713,556.8620053791159,2469.6023962384374,15256.362889262771,3338.978827422034,72.62452457796894,665.8218248507393,1611.5258439095776,2351.091900067239,9056.3945835467,8271.869200056897,350899.75793134974,39327.074983376006,5405.45152957559,159.92262396032783,101888.77417458234,1610.7576046726917,70.48187378431814,279.78715123474467,76.18979614974101,233.68906454983318,493.373116490227,2518.0843611127025,15085.57963764872,3739.025032797331,70.43301664146101,663.8213249901271,1617.2833652339323,2304.4367019153556,9041.054027991144,8285.524045428057,352039.747153572,38485.61378059586,5459.015537012245,165.03697142965927,101962.98475189676,1598.8805779865238
2022-02-01,,,,,,,,,,,,61306958.0,17210363.0,119854423.0,41292849.0,20963640.0,38628059.0,3033941.0,40834513.0,164869.0,542067.0,16699996.0,17661226.0,447988.0,26655385.0,952450.0,90335540.0,3729047.0,15588.0,4595514.0,24923369.0,17887462.0,5112.0,-33060117.0,178726786.0,230495949.0,197435832.0,85788055.0,725.3,,2247.0,2979.8,5667.8,314.5,3836661.0,7907270.0,8351595.0,2451599.0,10.78,,,,,,,,,,,,0.0,0.0,0.0,4997.0,18.0,349.0,23.0,509.0,575.0,388.0,515.0,315.0,0.0,0.0,942.0,0.0,0.0,360.0,147.0,366.0,6510.0,0.0,153.0,0.0,6348.0,2126.0,0.0,46.0,0.0,32.0,223.0,0.0,79496.0,15.0,0.0,10.0,56.0,170.0,56.0,0.0,14.0,0.0,0.0,2.0,436.0,148.0,0.0,0.0,2721.0,0.0,0.0,124.0,0.0,0.0,83.0,0.0,14.0,0.0,157.0,667.0,142.0,627.0,0.0,108.0,6.0,0.0,1721.0,42.0,14118.0,0.0,0.0,0.0,0.0,0.0,0.0,0.0,0.0,0.0,0.0,0.0,12951.0,73793.0,15709.0,9677.0,0.0,0.0,0.0,0.0,0.0,21581.0,0.0,0.0,0.0,9622.0,0.0,0.0,23138.0,0.0,0.0,133.0,121994.0,71.0,14118.0,10.0,56.0,5167.0,74.0,349.0,37.0,509.0,575.0,390.0,951.0,463.0,12951.0,73793.0,19372.0,9677.0,0.0,484.0,147.0,366.0,6593.0,21581.0,167.0,0.0,6505.0,12415.0,142.0,673.0,23138.0,140.0,229.0,133.0,203211.0,128.0,414545.0,104454.0,302787.0,7304.0,10011.675547659395,113.99,97.12899999999999,4435.98052631579,34648.48052631579,13898.728421052632,,,1.354021052631579,5.207579759410526,31.718031,38.279631812042105,29.0079,2.708042105263158,91.68454738189475,316.276747,410.6693364871579,-12096477.0,209532309.0,58.0,56.0,0.0,0.0,10.0,52.0,46.0,26.0,59.0,31.0,45.0,93.0,22.0,21.0,19.0,10.0,31.0,47.0,33.0,29.0,34.0,37.0,69.0,61.0,86.0,52.0,52.0,51.0,32.0,67.0,6.0,49.0,64.0,36.0,35.0,51.0,47.0,60.0,35.0,35.0,57.0,38.0,47.0,42.0,76.0,14.0,26.0,24.0,10.0,36.0,8.0,41.0,58.0,54.0,31.0,66.0,25.0,0.0,14.0,60.0,10.0,18.0,47.0,26.0,0.0,13.0,65.0,67.0,56.0,30.0,43.0,58.0,20.0,0.0,31.0,46.0,23.0,23.0,65.0,61.0,30.0,87.0,36.61538461538461,38.9390243902439,86.05647695892132,290.86577891294456,81.49760877871715,229.19695678779226,602.3953387124493,2617.7920102165012,16136.526538185995,3667.151308604676,76.03190553034989,640.5872322581467,1610.0960662078294,2414.6243468078205,9080.246250213364,8044.757866723564,350996.57407580374,39868.70396947526,5755.966298929906,171.90420535959385,101997.57054055398,1613.8859972770736,73.83266743511179,289.4737863402746,76.90710894344822,231.82099604625668,516.8286720457826,2605.2640770624716,15227.60757080275,3709.135936740107,71.30695314939751,648.1779115492681,1603.9643942290818,2331.046021046177,9047.1715835467,8176.392668576997,349877.4810563616,38784.72551022233,5514.709064162777,168.00863969127283,101471.4427046769,1598.0111217930455
2022-03-01,4240274.0,27175561.0,87556653.0,32347481.0,20693254.0,156609805.0,149224963.0,117334048.0,136683725.0,106920106.0,838785870.0,58613151.0,42984173.0,137628664.0,67703129.0,17819192.0,47782375.0,660644.0,55726865.0,1885068.0,14327710.0,24253570.0,30810263.0,523287.0,38915946.0,14580485.0,87851574.0,6881976.0,3425808.0,6532889.0,43244201.0,16578585.0,3075.0,-8764384.0,229055856.0,294934175.0,286169791.0,85413994.0,740.9,103093.0,2230.0,2686.2,5639.5,314.7,4017833.0,8125635.0,8586009.0,3001556.0,10.86,351.0,146.0,126.0,470703.0,161130.0,235822.0,15347.0,412299.0,763.0,2107.0,-199.89999999999984,0.0,0.0,0.0,7293.0,28.0,719.0,67.0,778.0,244.0,323.0,832.0,382.0,0.0,0.0,1750.0,0.0,0.0,402.0,257.0,441.0,9401.0,0.0,205.0,0.0,8688.0,3470.0,0.0,130.0,0.0,51.0,206.0,0.0,115452.0,24.0,0.0,10.0,28.0,201.0,116.0,2.0,42.0,7.0,0.0,6.0,714.0,131.0,0.0,0.0,4850.0,6.0,0.0,268.0,0.0,51.0,140.0,0.0,3.0,0.0,144.0,993.0,188.0,1134.0,0.0,226.0,62.0,0.0,2054.0,5.0,16491.0,0.0,0.0,0.0,0.0,0.0,0.0,0.0,0.0,0.0,0.0,0.0,24299.0,127878.0,5564.0,14294.0,0.0,0.0,0.0,0.0,0.0,19901.0,0.0,0.0,0.0,22211.0,0.0,0.0,43921.0,0.0,0.0,0.0,190131.0,0.0,16491.0,10.0,28.0,7494.0,144.0,721.0,109.0,785.0,244.0,329.0,1546.0,513.0,24299.0,127878.0,12164.0,14300.0,0.0,670.0,257.0,492.0,9541.0,19901.0,208.0,0.0,8832.0,26674.0,188.0,1264.0,43921.0,277.0,268.0,0.0,307637.0,29.0,627220.0,151148.0,464690.0,11382.0,10477.09099805355,115.09,117.24521739130434,4391.265217391305,34029.74043478261,13623.26304347826,2963.0,,,7.807200022713044,122.344207,130.15140702271304,6.306,3.9504391304347823,129.56489753728695,493.807941,627.3232776677218,9054808.0,277114983.0,51.0,48.0,0.0,0.0,13.0,45.0,61.0,24.0,62.0,31.0,46.0,59.0,22.0,23.0,20.0,8.0,33.0,60.0,28.0,29.0,63.0,47.0,73.0,51.0,86.0,58.0,51.0,52.0,36.0,76.0,9.0,43.0,51.0,29.0,35.0,45.0,46.0,61.0,40.0,33.0,52.0,44.0,47.0,44.0,48.0,11.0,25.0,30.0,12.0,29.0,9.0,50.0,53.0,45.0,28.0,68.0,24.0,0.0,18.0,53.0,11.0,17.0,55.0,31.0,61.0,12.0,61.0,77.0,69.0,36.0,45.0,43.0,27.0,7.0,32.0,46.0,27.0,33.0,67.0,60.0,35.0,92.0,37.61538461538461,40.02439024390244,82.37552457796893,292.57502090817593,83.5967502172898,241.31091041678602,576.6286720457825,2633.1751881735827,16552.15654302338,3860.9745666685762,74.09690553034989,745.4077697133472,1582.4711833442484,2236.6695245968053,9066.701250213366,9083.12073617038,346191.6934952647,37306.360911149044,5905.733742477831,174.96455153005516,100411.96909819938,1596.1422816211443,74.69615949860386,290.5591753685514,77.26943556811807,228.6609168907965,522.873116490227,2615.032578316962,15299.348242487378,3658.574670252744,71.8459531493975,669.2235041418606,1606.5511799265585,2302.1329066980607,9050.9445835467,8365.80300191033,350706.25806562876,38417.093713002476,5523.957151886828,167.79642183151748,101635.02484102207,1598.709458727395
2022-04-01,,,,,,,,,,,,62337036.0,23384538.0,157111379.0,50155497.0,81877744.0,48906940.0,711010.0,32705222.0,548258.0,666316.0,17040579.0,15299055.0,365753.0,15925984.0,800.0,122481924.0,10061949.0,86208615.0,6289327.0,28340128.0,19367373.0,59080.0,46177442.0,230113867.0,288278118.0,334455560.0,121048953.0,725.6,,2279.0,2815.6,5615.4,313.7,4056566.0,8202123.0,8734628.0,2938638.0,11.22,,,,,,,,,,,,0.0,0.0,0.0,7545.0,38.0,647.0,41.0,763.0,728.0,369.0,697.0,500.0,0.0,0.0,1575.0,0.0,0.0,570.0,338.0,472.0,8585.0,0.0,199.0,0.0,8110.0,4540.0,0.0,48.0,0.0,43.0,220.0,0.0,111054.0,17.0,0.0,0.0,52.0,91.0,230.0,3.0,161.0,1.0,0.0,0.0,692.0,67.0,0.0,0.0,4376.0,0.0,0.0,369.0,0.0,0.0,117.0,0.0,5.0,0.0,150.0,713.0,221.0,753.0,0.0,216.0,14.0,0.0,1969.0,12.0,20965.0,0.0,0.0,0.0,0.0,0.0,0.0,0.0,0.0,0.0,0.0,0.0,13685.0,136459.0,11827.0,12844.0,0.0,0.0,0.0,0.0,0.0,7935.0,0.0,0.0,0.0,23678.0,0.0,0.0,22291.0,0.0,0.0,0.0,181725.0,0.0,20965.0,0.0,52.0,7636.0,268.0,650.0,202.0,764.0,728.0,369.0,1389.0,567.0,13685.0,136459.0,17778.0,12844.0,0.0,939.0,338.0,472.0,8702.0,7935.0,204.0,0.0,8260.0,28931.0,221.0,801.0,22291.0,259.0,234.0,0.0,294748.0,29.0,588721.0,147099.0,431409.0,10213.0,11809.25574991107,115.94,104.57526315789474,4391.296,34314.990000000005,13394.163,,,1.2933428571428571,5.312247044695237,151.351612,157.9572019018381,36.1969,2.5866857142857143,27.36060508638095,338.135737,368.0830278006667,128055186.0,206400374.0,45.0,35.0,0.0,0.0,14.0,58.0,67.0,17.0,56.0,28.0,42.0,54.0,22.0,21.0,16.0,7.0,34.0,72.0,21.0,31.0,76.0,39.0,61.0,55.0,96.0,81.0,60.0,65.0,35.0,68.0,7.0,49.0,48.0,26.0,38.0,48.0,41.0,55.0,33.0,35.0,54.0,41.0,51.0,45.0,47.0,14.0,22.0,33.0,9.0,33.0,8.0,49.0,67.0,58.0,31.0,71.0,26.0,0.0,28.0,53.0,10.0,17.0,69.0,32.0,0.0,14.0,56.0,74.0,76.0,32.0,43.0,49.0,24.0,6.0,30.0,51.0,19.0,24.0,59.0,51.0,36.0,69.0,36.28846153846154,39.47560975609756,80.6469531493975,302.87498638012,83.89943911161212,244.20607520171686,564.5286720457826,2725.8748774210794,16612.088944099203,3907.2972032274697,75.28500076844513,701.740602628517,1570.4653198219296,2345.1391074597045,9075.017916880031,8595.138200056897,344384.4007119456,38851.91817225541,5952.4474241983835,177.90686346071163,100226.61875028448,1604.7516318553849,75.50409600654037,288.4223306652539,78.54674535777107,226.20743172055333,528.5286720457825,2595.8009759872853,15552.255580838673,3619.3189075288533,73.16834997479434,656.6904794505025,1591.0760822961327,2295.6229624104276,9060.201361324476,8253.005779688108,347705.5074230377,38376.253292633686,5573.976034100148,167.17015093752968,100848.741964171,1591.4798436237143
2022-05-01,,,,,,,,,,,,57002766.0,8602306.0,124415171.0,55112621.0,50924799.0,51595436.0,657753.0,12078037.0,194582.0,2681973.0,18851987.0,57417150.0,402840.0,39841781.0,3701.0,112913227.0,4270395.0,21491.0,3968049.0,7533895.0,11327327.0,33000.0,-80847425.0,185270666.0,288169458.0,207322033.0,94540659.0,697.3,,2431.0,2817.9,5626.9,353.1,4177481.0,8305739.0,8847066.0,3004133.0,10.97,,,,,,,,,,,,0.0,0.0,0.0,6981.0,59.0,700.0,49.0,556.0,663.0,300.0,553.0,493.0,0.0,0.0,2233.0,0.0,0.0,391.0,213.0,279.0,6811.0,0.0,62.0,0.0,6751.0,2961.0,0.0,79.0,0.0,40.0,290.0,0.0,99423.0,81.0,0.0,19.0,164.0,162.0,395.0,15.0,149.0,1.0,0.0,7.0,769.0,145.0,0.0,0.0,6812.0,0.0,0.0,400.0,0.0,5.0,13.0,0.0,3.0,0.0,152.0,1469.0,450.0,1716.0,0.0,77.0,239.0,0.0,1606.0,18.0,12724.0,0.0,0.0,0.0,0.0,0.0,0.0,0.0,0.0,0.0,0.0,0.0,10639.0,136327.0,15250.0,12217.0,0.0,0.0,0.0,0.0,0.0,5348.0,0.0,0.0,0.0,18315.0,0.0,0.0,24305.0,0.0,0.0,0.0,126712.0,0.0,12724.0,19.0,164.0,7143.0,454.0,715.0,198.0,557.0,663.0,307.0,1322.0,638.0,10639.0,136327.0,24295.0,12217.0,0.0,791.0,213.0,284.0,6824.0,5348.0,65.0,0.0,6903.0,22745.0,450.0,1795.0,24305.0,117.0,529.0,0.0,227741.0,99.0,506595.0,129971.0,361837.0,14787.0,11255.355117499828,116.87,113.33761904761906,4040.3599999999997,32379.462857142855,11829.729523809525,,,,17.30210690210476,130.093299,147.39540590210476,5.3911,3.731514285714286,79.69308938370952,432.984652,516.4092556694238,-29922626.0,237244659.0,44.0,48.0,0.0,0.0,13.0,56.0,72.0,18.0,61.0,30.0,44.0,52.0,20.0,19.0,15.0,7.0,27.0,56.0,24.0,29.0,79.0,46.0,64.0,62.0,84.0,59.0,52.0,53.0,29.0,71.0,7.0,47.0,56.0,26.0,43.0,45.0,45.0,64.0,38.0,34.0,53.0,41.0,56.0,47.0,45.0,15.0,26.0,30.0,11.0,30.0,8.0,49.0,56.0,49.0,30.0,64.0,26.0,0.0,22.0,61.0,9.0,15.0,64.0,12.0,42.0,10.0,61.0,79.0,68.0,37.0,30.0,34.0,21.0,5.0,34.0,48.0,33.0,21.0,65.0,48.0,33.0,73.0,36.15384615384615,39.02439024390244,72.09933410177847,302.432988052774,84.74977110357759,246.21788723128287,504.69533871244926,2721.896892474966,16780.45467850836,3939.486195700526,73.47947695892134,704.1110281362794,1614.2295487021288,2474.3487852486883,9062.379250213366,8521.49399727675,352669.805900825,41204.207113929195,5986.6332763490755,176.37499512235325,102864.47156556108,1649.4704635051871,76.36441346685783,293.8832091598935,80.32271551906291,232.74053573040865,534.5508942680048,2644.948882439042,15903.897672774456,3723.8485716865384,73.18644521288957,694.3123557149368,1597.200424933076,2377.1992850918778,9060.328027991143,8528.283977834675,349139.74267396925,39586.496423186865,5701.81150529201,170.82771846905572,101578.71277574547,1619.8519360579244
2022-06-01,4628617.0,36162816.0,96856660.0,31192629.0,18449959.0,166757190.0,134750000.0,104402861.0,111022976.0,105540037.0,809763745.0,79552735.0,8550268.0,114240972.0,130750209.0,85167741.0,64703450.0,665211.0,99776904.0,1468377.0,14572289.0,18687479.0,13482745.0,419612.0,79772555.0,7675.0,96911016.0,9396767.0,197567.0,3575514.0,13754442.0,69293510.0,37331.0,-346570615.0,188159901.0,568661543.0,222090928.0,85165218.0,689.0,83908.0,2584.0,2685.0,5609.0,352.5,4288626.0,8451685.0,8982051.0,3235842.0,11.45,431.0,144.0,175.0,559015.0,195953.0,261487.0,15397.0,472837.0,977.0,2832.0,-60.79999999999996,0.0,0.0,0.0,7194.0,99.0,1029.0,0.0,548.0,504.0,415.0,619.0,552.0,0.0,0.0,1481.0,0.0,0.0,345.0,157.0,494.0,7747.0,0.0,93.0,0.0,8007.0,2983.0,0.0,92.0,0.0,52.0,246.0,0.0,111811.0,130.0,0.0,9.0,375.0,176.0,578.0,19.0,57.0,23.0,0.0,6.0,1145.0,165.0,0.0,0.0,9395.0,0.0,0.0,470.0,1.0,0.0,152.0,0.0,3.0,0.0,552.0,2391.0,466.0,2234.0,0.0,40.0,3.0,0.0,1759.0,22.0,25354.0,0.0,0.0,0.0,0.0,0.0,0.0,0.0,0.0,0.0,0.0,0.0,12644.0,116070.0,16072.0,13210.0,0.0,0.0,0.0,0.0,0.0,5274.0,0.0,0.0,0.0,27554.0,0.0,0.0,31625.0,0.0,0.0,0.0,154906.0,0.0,25354.0,9.0,375.0,7370.0,677.0,1048.0,57.0,571.0,504.0,421.0,1764.0,717.0,12644.0,116070.0,26948.0,13210.0,0.0,815.0,158.0,494.0,7899.0,5274.0,96.0,0.0,8559.0,32928.0,466.0,2326.0,31625.0,92.0,249.0,0.0,268476.0,152.0,567406.0,144604.0,402709.0,20093.0,10712.354080826044,117.51,122.71095238095238,3898.9466666666667,31446.712857142855,11418.919047619047,3212.9,,1.2320428571428572,21.38415446350952,179.28223,201.8984273206524,88.6682,2.4640857142857144,52.551730885590466,359.697065,414.7128815998762,-261402874.0,483493802.0,42.0,39.0,0.0,0.0,17.0,56.0,65.0,20.0,58.0,33.0,48.0,57.0,22.0,22.0,17.0,10.0,41.0,68.0,34.0,29.0,88.0,44.0,67.0,56.0,95.0,65.0,55.0,62.0,16.0,76.0,7.0,49.0,66.0,26.0,52.0,42.0,47.0,63.0,33.0,32.0,58.0,47.0,62.0,50.0,48.0,17.0,27.0,27.0,11.0,34.0,8.0,48.0,57.0,50.0,35.0,70.0,31.0,0.0,21.0,64.0,10.0,16.0,37.0,13.0,45.0,21.0,61.0,80.0,62.0,38.0,34.0,53.0,41.0,0.0,35.0,47.0,27.0,27.0,52.0,45.0,32.0,77.0,37.82692307692308,40.69512195121951,,,,,,,,,,,,,,,,,,,,,,,,,,,,,,,,,,,,,,,,
2022-07-01,,,,,,,,,,,,62125291.0,8685292.0,156029619.0,38172769.0,49980096.0,66727804.0,618467.0,33910031.0,569394.0,12785731.0,14934240.0,16202936.0,300636.0,15361725.0,1125.0,149594194.0,959736.0,199686.0,1874153.0,4561272.0,1789399.0,22673.0,41259873.0,232061182.0,219071377.0,260331250.0,140113419.0,661.9,,2605.0,2595.6,5602.8,352.9,4213592.0,8367064.0,8898061.0,3313434.0,10.92,,,,,,,,,,,,0.0,0.0,0.0,8591.0,111.0,1059.0,20.0,482.0,521.0,466.0,581.0,707.0,0.0,0.0,2122.0,0.0,0.0,463.0,151.0,428.0,8426.0,0.0,129.0,0.0,9226.0,3919.0,0.0,72.0,0.0,43.0,58.0,0.0,124243.0,58.0,0.0,6.0,250.0,128.0,832.0,8.0,487.0,2.0,0.0,0.0,888.0,220.0,0.0,0.0,10447.0,0.0,0.0,331.0,0.0,0.0,85.0,0.0,7.0,0.0,25.0,2433.0,294.0,2766.0,0.0,22.0,1.0,0.0,1542.0,0.0,34624.0,0.0,0.0,0.0,0.0,0.0,0.0,0.0,0.0,0.0,0.0,0.0,30670.0,122303.0,25201.0,24508.0,0.0,0.0,0.0,0.0,0.0,8316.0,0.0,0.0,0.0,34161.0,0.0,0.0,27605.0,0.0,0.0,0.0,193291.0,0.0,34624.0,6.0,250.0,8719.0,943.0,1067.0,507.0,484.0,521.0,466.0,1469.0,927.0,30670.0,122303.0,37770.0,24508.0,0.0,794.0,151.0,428.0,8511.0,8316.0,136.0,0.0,9251.0,40513.0,294.0,2838.0,27605.0,65.0,59.0,0.0,319076.0,58.0,683339.0,161883.0,500679.0,20777.0,10843.80146932602,119.25,111.92571428571429,3911.7295,31535.3235,11622.6315,,,1.198665,4.088540457425,52.045382,57.332587457425,18.4566,1.198665,29.4966859642,542.136664,572.8320149642,91239969.0,169091281.0,42.0,38.0,0.0,0.0,16.0,73.0,73.0,24.0,62.0,33.0,49.0,58.0,22.0,23.0,16.0,8.0,37.0,55.0,30.0,37.0,76.0,43.0,71.0,53.0,96.0,66.0,59.0,59.0,40.0,78.0,14.0,55.0,83.0,26.0,54.0,46.0,57.0,72.0,40.0,40.0,54.0,46.0,58.0,36.0,50.0,14.0,25.0,33.0,12.0,41.0,8.0,48.0,62.0,56.0,29.0,76.0,31.0,12.0,30.0,56.0,11.0,16.0,24.0,21.0,74.0,16.0,60.0,80.0,74.0,36.0,35.0,0.0,38.0,8.0,27.0,40.0,30.0,38.0,58.0,48.0,75.0,74.0,41.42307692307692,42.48780487804878,69.28981029225466,303.0731172642401,82.22193145440103,247.27243672722943,485.02867204578257,2727.658055378161,16279.942427971402,3956.358987635671,71.71281029225466,749.9791392473907,1582.4566044477585,2432.533232930138,9050.012583546699,8934.30699727675,347328.54326195986,40440.18024448237,5862.247035757754,175.4643239345313,101438.26077181642,1641.813886297776,76.49615949860384,293.4494566310251,81.05790279685755,233.38822954760784,535.473116490227,2641.0451096792262,16049.464753777793,3734.2116727617254,73.20744521288958,705.8471889088822,1588.149256059755,2376.2547468190273,9060.475027991144,8600.438132463514,347537.5673017517,39539.724466704596,5740.048663177243,171.0979371185236,101184.55123222774,1619.1077076086176
2022-08-01,,,,,,,,,,,,64561875.0,5276223.0,113999975.0,38539669.0,23083773.0,57873591.0,642406.0,47910527.0,1247369.0,1629387.0,17747364.0,17287755.0,372159.0,20120317.0,650.0,100668984.0,1616196.0,198766.0,7080185.0,6250806.0,23088272.0,6300.0,-39701432.0,177792195.0,237455753.0,197754321.0,89561373.0,644.1,,2567.0,2615.3,5606.8,352.9,4256865.0,8386949.0,8965690.0,3268069.0,11.1,,,,,,,,,,,,0.0,0.0,0.0,4352.0,32.0,599.0,33.0,398.0,229.0,391.0,396.0,444.0,0.0,0.0,1338.0,0.0,0.0,396.0,97.0,193.0,4180.0,0.0,97.0,0.0,5651.0,3245.0,0.0,68.0,0.0,27.0,118.0,0.0,96884.0,5.0,0.0,12.0,67.0,109.0,156.0,13.0,467.0,1.0,0.0,5.0,366.0,85.0,0.0,0.0,8900.0,0.0,0.0,391.0,0.0,0.0,49.0,0.0,4.0,0.0,37.0,1897.0,244.0,1684.0,0.0,49.0,2.0,0.0,910.0,0.0,24972.0,0.0,0.0,0.0,0.0,0.0,0.0,0.0,0.0,0.0,0.0,0.0,24184.0,137352.0,25825.0,16394.0,0.0,0.0,0.0,0.0,0.0,2391.0,0.0,0.0,0.0,34278.0,0.0,0.0,24871.0,0.0,0.0,0.0,195033.0,0.0,24972.0,12.0,67.0,4461.0,188.0,612.0,500.0,399.0,229.0,396.0,762.0,529.0,24184.0,137352.0,36063.0,16394.0,0.0,787.0,97.0,193.0,4229.0,2391.0,101.0,0.0,5688.0,39420.0,244.0,1752.0,24871.0,76.0,120.0,0.0,292827.0,5.0,619928.0,119179.0,485300.0,15449.0,10785.472398877144,119.33,100.44636363636364,4158.563043478261,33009.56478260869,12570.260434782609,,,1.1983,3.965960281173913,289.421157,294.58541728117393,4.8919,3.5949,82.26068005891304,505.214921,591.070501058913,-16617659.0,214371980.0,41.0,38.0,0.0,0.0,19.0,62.0,61.0,23.0,63.0,34.0,47.0,56.0,22.0,22.0,15.0,7.0,35.0,70.0,35.0,41.0,69.0,52.0,57.0,46.0,87.0,65.0,61.0,69.0,38.0,80.0,8.0,52.0,61.0,26.0,38.0,46.0,54.0,81.0,42.0,41.0,66.0,54.0,75.0,30.0,49.0,15.0,25.0,37.0,11.0,32.0,8.0,50.0,61.0,56.0,32.0,74.0,35.0,0.0,26.0,57.0,9.0,15.0,72.0,23.0,0.0,21.0,60.0,81.0,59.0,34.0,27.0,40.0,24.0,7.0,37.0,39.0,30.0,32.0,54.0,42.0,32.0,70.0,38.51923076923077,41.03658536585366,,,,,,,,,,,,,,,,,,,,,,,,,,,,,,,,,,,,,,,,
2022-09-01,4119875.0,39253739.0,95277722.0,39754246.0,21556702.0,184025016.0,197410145.0,152556632.0,248686963.0,134820813.0,1117461853.0,66186801.0,6909264.0,117723316.0,44383036.0,29617097.0,39703804.0,530819.0,18642023.0,1992704.0,421313.0,15992785.0,17060259.0,418406.0,14352820.0,2445.0,109647975.0,3559653.0,14839760.0,3829470.0,4245871.0,24309239.0,56970.0,-23492015.0,164867203.0,220103632.0,196611617.0,101314860.0,637.0,115769.0,2633.0,2695.4,5634.9,352.4,4274115.0,8429223.0,9046427.0,3199668.0,11.02,424.0,133.0,166.0,667488.0,268506.0,301268.0,15441.0,585215.0,765.0,2245.0,-306.0,0.0,0.0,0.0,1950.0,18.0,231.0,4.0,206.0,63.0,285.0,150.0,403.0,0.0,0.0,1042.0,0.0,0.0,307.0,32.0,168.0,1288.0,0.0,40.0,0.0,2950.0,1986.0,0.0,49.0,0.0,43.0,59.0,0.0,58759.0,17.0,0.0,0.0,2.0,40.0,56.0,3.0,160.0,1.0,0.0,0.0,150.0,22.0,0.0,0.0,4672.0,0.0,0.0,386.0,0.0,0.0,13.0,0.0,0.0,0.0,31.0,1035.0,90.0,858.0,0.0,15.0,2.0,0.0,637.0,1.0,24574.0,0.0,0.0,0.0,0.0,0.0,0.0,0.0,0.0,0.0,0.0,0.0,2780.0,138357.0,24660.0,18485.0,0.0,0.0,0.0,0.0,0.0,0.0,0.0,0.0,0.0,25106.0,0.0,0.0,13846.0,0.0,0.0,0.0,141319.0,0.0,24574.0,0.0,2.0,1990.0,74.0,234.0,164.0,207.0,63.0,285.0,300.0,425.0,2780.0,138357.0,30374.0,18485.0,0.0,693.0,32.0,168.0,1301.0,0.0,40.0,0.0,2981.0,28127.0,90.0,907.0,13846.0,58.0,61.0,0.0,200715.0,18.0,467354.0,70053.0,389127.0,8174.0,9969.820602476597,119.74,89.7647619047619,3850.520476190476,30649.559523809523,11402.85,3187.8,,,5.942508766666666,147.188855,153.13136376666665,5.9992,2.2639428571428573,33.39155418869048,452.352029,488.00752604583334,6125082.0,190486535.0,30.0,36.0,0.0,0.0,15.0,62.0,72.0,12.0,65.0,31.0,52.0,55.0,20.0,21.0,16.0,9.0,35.0,67.0,35.0,32.0,64.0,46.0,61.0,55.0,100.0,76.0,59.0,72.0,38.0,79.0,5.0,52.0,73.0,22.0,42.0,43.0,54.0,65.0,37.0,41.0,58.0,47.0,63.0,28.0,45.0,16.0,25.0,29.0,9.0,34.0,8.0,47.0,59.0,57.0,33.0,69.0,33.0,0.0,27.0,49.0,8.0,12.0,50.0,22.0,49.0,12.0,56.0,78.0,49.0,35.0,17.0,78.0,24.0,10.0,30.0,38.0,25.0,28.0,59.0,35.0,39.0,57.0,37.42307692307692,40.19512195121951,72.51361981606418,281.00458148169366,82.52435179761379,261.4429066533143,507.59533871244923,2529.041233335243,16339.82165592753,4183.086506453029,73.05466743511178,692.0088059140573,1566.2161405860227,2410.485649596805,9059.4055835467,8412.57399727675,343827.99732028606,40087.41891114904,5889.886183607063,174.3713649371715,100346.84895306463,1617.7249901773366,77.12314362558799,288.6904242335613,82.40073539976468,240.75547599697995,539.8620053791159,2598.2138181020523,16315.345609153408,3852.0876159516793,73.97236584781021,703.1262629829564,1588.6444241356758,2355.5352745968053,9065.82947243559,8575.949799130181,347667.2699249006,39208.21291114904,5826.377262146563,172.2424448139735,101129.31552690385,1613.60260416863
2022-10-01,,,,,,,,,,,,64863882.0,7703966.0,135638174.0,63170711.0,76384163.0,60770153.0,1225336.0,34606396.0,357538.0,4581554.0,16773857.0,21831542.0,426330.0,27002087.0,5375.0,126011474.0,559865.0,19901.0,3982600.0,5644100.0,13382821.0,131989.0,-74871370.0,205337629.0,302159005.0,227287635.0,116616819.0,629.6,,2585.0,2784.7,5644.5,350.6,4173432.0,8307660.0,8873812.0,3025454.0,10.67,,,,,,,,,,,,0.0,0.0,0.0,3763.0,2.0,374.0,64.0,350.0,261.0,334.0,237.0,272.0,0.0,0.0,956.0,0.0,0.0,308.0,85.0,132.0,2689.0,0.0,100.0,0.0,4017.0,2640.0,0.0,49.0,0.0,35.0,81.0,0.0,71257.0,26.0,0.0,0.0,7.0,102.0,46.0,2.0,158.0,0.0,0.0,2.0,200.0,18.0,0.0,0.0,2710.0,0.0,0.0,81.0,0.0,0.0,53.0,0.0,0.0,0.0,71.0,1079.0,83.0,325.0,0.0,9.0,0.0,0.0,802.0,12.0,20805.0,0.0,0.0,0.0,0.0,0.0,0.0,0.0,0.0,0.0,0.0,0.0,13487.0,151551.0,33978.0,28586.0,0.0,0.0,0.0,0.0,0.0,10128.0,0.0,0.0,0.0,22666.0,0.0,0.0,32677.0,0.0,0.0,0.0,165245.0,0.0,20805.0,0.0,7.0,3865.0,48.0,376.0,222.0,350.0,261.0,336.0,437.0,290.0,13487.0,151551.0,37644.0,28586.0,0.0,389.0,85.0,132.0,2742.0,10128.0,100.0,0.0,4088.0,26385.0,83.0,374.0,32677.0,44.0,81.0,0.0,237304.0,38.0,572920.0,88036.0,479123.0,5761.0,10288.711300253868,120.07,93.33190476190477,3726.050952380953,30570.68380952381,10801.494285714285,,,1.133225,23.988546791085,25.354478,50.476249791084996,81.4124,2.26645,81.394277022685,332.283091,415.94381802268504,1512793.0,225774842.0,29.0,40.0,0.0,0.0,14.0,60.0,69.0,12.0,66.0,29.0,49.0,42.0,17.0,22.0,16.0,8.0,35.0,71.0,34.0,39.0,56.0,54.0,47.0,46.0,95.0,69.0,63.0,66.0,31.0,79.0,9.0,59.0,79.0,20.0,48.0,44.0,56.0,80.0,40.0,38.0,52.0,48.0,70.0,19.0,38.0,20.0,25.0,36.0,11.0,30.0,8.0,43.0,58.0,53.0,31.0,68.0,42.0,0.0,21.0,38.0,9.0,12.0,41.0,22.0,0.0,0.0,56.0,78.0,54.0,36.0,19.0,42.0,19.0,0.0,38.0,36.0,28.0,19.0,45.0,34.0,30.0,52.0,35.09615384615385,37.951219512195124,75.17552457796893,252.19775107550495,78.96491634090074,256.8143891130187,526.2286720457826,2269.7797596795444,15635.053435498347,4109.030225808299,73.74695314939751,658.8402133214646,1553.6069344140885,2401.596243111588,9064.251583546698,8114.0566639434155,341616.30859529314,39850.21037503556,5635.023023257993,165.78814527684835,99661.2068044547,1603.1069938120563,76.55012775257212,282.4019200121516,82.43714588725604,248.11439558702918,535.8508942680048,2541.6172801093644,16322.554885676695,3969.830329392467,73.77444521288957,702.7863370570304,1583.4358888201552,2370.8715176523606,9064.444027991143,8572.890465796847,346825.9359971276,39453.59280003793,5842.463347361632,172.37589730975225,100979.21582273839,1616.2399129794626
2022-11-01,,,,,,,,,,,,69876367.0,16331371.0,94302524.0,40965781.0,67250706.0,42521960.0,1173468.0,32402752.0,326989.0,13328279.0,16440799.0,17531201.0,398621.0,19820740.0,200.0,85844708.0,6527729.0,2665611.0,3833755.0,4624061.0,20591981.0,55500.0,-88072113.0,154329323.0,275294246.0,187222133.0,77337493.0,628.3,,2615.0,2861.1,5645.6,350.9,4136309.0,8268818.0,8711425.0,2909216.0,11.76,,,,,,,,,,,,0.0,0.0,0.0,5567.0,23.0,462.0,15.0,462.0,403.0,457.0,310.0,294.0,0.0,0.0,1027.0,0.0,0.0,399.0,147.0,248.0,5609.0,0.0,172.0,0.0,5738.0,3055.0,0.0,85.0,0.0,36.0,269.0,0.0,95336.0,1380.0,0.0,0.0,61.0,130.0,89.0,2.0,46.0,3.0,0.0,8.0,333.0,77.0,0.0,0.0,2882.0,0.0,0.0,252.0,0.0,0.0,5.0,0.0,7.0,0.0,87.0,1200.0,194.0,653.0,0.0,25.0,0.0,0.0,1543.0,4.0,31160.0,0.0,0.0,0.0,0.0,0.0,0.0,0.0,0.0,0.0,0.0,0.0,21654.0,142432.0,34206.0,21912.0,0.0,0.0,0.0,0.0,0.0,15225.0,0.0,0.0,0.0,42344.0,0.0,0.0,46540.0,0.0,0.0,0.0,245726.0,0.0,31160.0,0.0,61.0,5697.0,112.0,464.0,61.0,465.0,403.0,465.0,643.0,371.0,21654.0,142432.0,38115.0,21912.0,0.0,651.0,147.0,248.0,5614.0,15225.0,179.0,0.0,5825.0,46599.0,194.0,738.0,46540.0,61.0,269.0,0.0,342605.0,1384.0,730295.0,121495.0,601199.0,7601.0,9272.00945442915,119.95,91.41545454545455,3917.488571428571,33417.95809523809,10973.638095238095,,,,14.29176197973,177.261535,191.55329697973002,5.5819,2.3454699999999997,26.09642008221,854.472319,882.9142090822099,-20821407.0,208043540.0,34.0,33.0,0.0,0.0,15.0,54.0,65.0,14.0,73.0,31.0,47.0,54.0,19.0,21.0,17.0,6.0,38.0,100.0,36.0,63.0,65.0,42.0,54.0,50.0,87.0,68.0,72.0,96.0,40.0,72.0,13.0,44.0,75.0,23.0,46.0,49.0,65.0,75.0,41.0,39.0,54.0,48.0,65.0,40.0,44.0,14.0,20.0,27.0,9.0,29.0,7.0,39.0,56.0,52.0,26.0,69.0,34.0,0.0,14.0,44.0,7.0,13.0,55.0,20.0,0.0,0.0,44.0,72.0,53.0,38.0,25.0,78.0,23.0,8.0,40.0,41.0,29.0,21.0,61.0,40.0,33.0,66.0,35.94230769230769,40.170731707317074,75.31361981606416,253.19652801695568,78.9178060905479,254.37132708345268,527.1953387124493,2278.768752152601,15625.725605928485,4069.941233335243,73.87238172082608,629.0731392473905,1549.9984217688184,2371.6208782930375,9065.129583546697,7846.152997276749,340806.84505917964,39275.62650558875,5625.407732532194,165.4498202517551,99248.43853639797,1585.6966595569534,76.5358420382864,283.0821669257319,82.39795736041073,247.76173247099044,535.7508942680048,2547.7395023315867,16314.795557361327,3964.187719535847,73.80373092717528,693.9337938471539,1581.0982869873108,2370.9523926523607,9064.649027991143,8493.217576907959,346458.06886657444,39454.88680003794,5840.618418374192,172.44442469885485,100867.70556787787,1613.5898386553713
2022-12-01,3408422.0,35915962.0,81673941.0,37685966.0,22846778.0,182990368.0,203262092.0,142970729.0,189811453.0,173082796.0,1073648507.0,71808737.0,14595441.0,99232907.0,49694277.0,34558099.0,46698136.0,1616709.0,51990270.0,22620.0,-753962.0,18345464.0,16712875.0,315089.0,35784415.0,500.0,81584906.0,3444875.0,7956955.0,5536743.0,12111258.0,18025011.0,17063.0,-92936005.0,162143193.0,282041179.0,189105174.0,73828356.0,610.2,94202.0,2645.0,3209.6,5755.5,347.4,4296761.0,8459695.0,8983267.0,2611023.0,11.17,378.0,119.0,233.0,537177.0,221879.0,262521.0,15079.0,499479.0,664.0,2306.0,-665.9000000000001,0.0,0.0,0.0,8494.0,31.0,770.0,41.0,550.0,415.0,605.0,442.0,454.0,0.0,0.0,1556.0,0.0,0.0,671.0,204.0,392.0,8940.0,0.0,229.0,0.0,7857.0,5898.0,0.0,44.0,0.0,19.0,312.0,0.0,118495.0,1827.0,0.0,0.0,81.0,90.0,102.0,14.0,34.0,2.0,0.0,4.0,555.0,210.0,0.0,0.0,4461.0,2.0,0.0,350.0,0.0,0.0,90.0,0.0,10.0,0.0,101.0,2048.0,195.0,673.0,2.0,17.0,0.0,0.0,1533.0,21.0,28429.0,0.0,0.0,0.0,0.0,0.0,0.0,0.0,0.0,0.0,0.0,0.0,27531.0,158271.0,28881.0,42197.0,0.0,0.0,0.0,0.0,0.0,39891.0,0.0,0.0,0.0,50013.0,0.0,0.0,65811.0,0.0,0.0,0.0,294168.0,0.0,28429.0,0.0,81.0,8584.0,133.0,784.0,75.0,552.0,415.0,609.0,997.0,664.0,27531.0,158271.0,34898.0,42199.0,0.0,1021.0,204.0,392.0,9030.0,39891.0,239.0,0.0,7958.0,57959.0,195.0,717.0,65813.0,36.0,312.0,0.0,414196.0,1848.0,904040.0,158253.0,735192.0,10595.0,9992.507026433945,119.44,80.924,3912.3809523809523,33482.25714285715,10838.995714285715,3137.8,,,2.7944956693333336,361.661833,364.45632866933335,49.6315,2.4360380952380956,17.3160704288,572.479738,592.2318465240381,-58377906.0,247483080.0,38.0,31.0,0.0,0.0,17.0,63.0,77.0,13.0,83.0,34.0,57.0,61.0,23.0,23.0,14.0,7.0,30.0,84.0,78.0,47.0,78.0,57.0,59.0,68.0,98.0,64.0,68.0,87.0,44.0,82.0,65.0,49.0,74.0,24.0,51.0,47.0,64.0,83.0,48.0,36.0,50.0,42.0,67.0,20.0,50.0,15.0,23.0,30.0,6.0,32.0,6.0,38.0,57.0,50.0,29.0,73.0,15.0,0.0,12.0,47.0,8.0,13.0,37.0,19.0,0.0,11.0,41.0,81.0,56.0,31.0,35.0,100.0,19.0,11.0,42.0,44.0,53.0,32.0,70.0,42.0,36.0,71.0,37.21153846153846,43.170731707317074,78.65647695892132,235.67607132644545,78.49361298204755,244.9486572918457,550.5953387124493,2121.084641938009,15541.735370445414,3919.1785166695313,75.08876267320703,650.5061952211095,1575.6637356088302,2358.22224217072,9073.644250213365,8134.028533390231,345223.730973052,38776.31423058164,5533.14846694135,159.44370463981502,100301.9294968093,1591.7724193217605,76.19774680019115,280.54139165693516,81.53832784935358,245.47572307359732,533.3842276013382,2524.8725249124163,16144.588914172007,3927.611569177557,74.02885791130227,700.741979032339,1576.1952199595062,2378.6315275201873,9066.224916880032,8554.491243574626,345645.5583156524,39356.137549106475,5782.614308965829,170.93829734501932,100655.6030063034,1612.7793124916407
2023-01-01,,,,,,,,,,,,64437871.0,17433336.0,155490768.0,39656640.0,50680913.0,50679046.0,43622.0,32982208.0,792397.0,4755201.0,17871641.0,19207198.0,308393.0,31249788.0,20000500.0,141987503.0,2811882.0,313932.0,6003292.0,7499973.0,22024838.0,16819.0,3074023.0,223646772.0,263843735.0,266917758.0,132113875.0,598.8,,2639.0,3171.1,5752.6,346.7,4263367.0,8450741.0,8922312.0,2593865.0,10.58,,,,,,,,,,,,0.0,0.0,0.0,5312.0,4.0,417.0,13.0,451.0,469.0,345.0,337.0,300.0,0.0,0.0,1065.0,0.0,0.0,250.0,168.0,269.0,6818.0,0.0,138.0,0.0,7323.0,4570.0,0.0,23.0,0.0,28.0,229.0,0.0,102256.0,1741.0,0.0,0.0,91.0,157.0,109.0,1.0,92.0,0.0,0.0,24.0,495.0,243.0,0.0,0.0,2635.0,0.0,0.0,154.0,0.0,3.0,38.0,0.0,12.0,0.0,124.0,1070.0,220.0,897.0,0.0,82.0,5.0,0.0,830.0,18.0,33415.0,0.0,0.0,0.0,0.0,0.0,0.0,0.0,0.0,0.0,0.0,0.0,31733.0,131083.0,24086.0,43559.0,0.0,0.0,0.0,0.0,0.0,34384.0,0.0,0.0,0.0,39568.0,0.0,0.0,64343.0,0.0,0.0,0.0,304597.0,0.0,33415.0,0.0,91.0,5469.0,113.0,418.0,105.0,451.0,469.0,369.0,832.0,543.0,31733.0,131083.0,27786.0,43559.0,0.0,404.0,168.0,272.0,6856.0,34384.0,150.0,0.0,7447.0,45208.0,220.0,920.0,64343.0,110.0,234.0,0.0,407683.0,1759.0,846594.0,132526.0,706768.0,7300.0,9962.285709738731,119.39,82.50142857142858,3960.6565,33656.0005,11013.991,,0.12011473699895692,,4.6679657389499996,301.322078,306.11015847594894,2.379886753091938,2.44747,20.985581481359997,523.11386,548.926798234452,53754936.0,213162822.0,53.0,41.0,0.0,0.0,17.0,63.0,70.0,15.0,76.0,28.0,50.0,94.0,19.0,21.0,18.0,6.0,41.0,61.0,32.0,32.0,75.0,49.0,100.0,47.0,70.0,51.0,62.0,69.0,42.0,73.0,36.0,45.0,67.0,32.0,33.0,47.0,53.0,75.0,33.0,39.0,53.0,45.0,66.0,24.0,76.0,15.0,24.0,29.0,9.0,27.0,6.0,47.0,58.0,53.0,35.0,73.0,34.0,0.0,23.0,41.0,9.0,15.0,72.0,22.0,57.0,15.0,58.0,76.0,76.0,38.0,31.0,78.0,31.0,6.0,32.0,32.0,28.0,25.0,69.0,65.0,37.0,98.0,42.19230769230769,43.207317073170735,81.55647695892132,259.1273116490227,81.50693259484699,187.6100476480689,570.8953387124492,2332.145804841204,16138.372653779703,3001.7607623691024,74.16066743511182,620.8551400837175,1601.4869401732926,2425.3429509744874,9067.147583546699,7962.147069503713,350431.7035091655,40040.20163614194,5510.793639925615,152.450192212715,101875.29994958946,1613.089874015291,76.38663568908005,266.5456608525056,80.71391640064297,226.2573669804484,534.7064498235603,2398.9109476725507,15981.355447327307,3620.1178716871746,73.68654045098482,657.0289299283987,1590.6693027126648,2402.365982302893,9063.82869465781,8224.392489872504,348416.4486684279,39704.229481513095,5633.772679127647,162.47589498066924,101352.22483361782,1612.4618586756274
2023-02-01,,,,,,,,,,,,64189536.0,19936870.0,138039383.0,53136248.0,27230255.0,65121008.0,529679.0,31342245.0,390852.0,821666.0,17179662.0,18234549.0,505822.0,16846776.0,9000500.0,106034816.0,3133129.0,404513.0,10147560.0,21857007.0,18505908.0,29491.0,18595976.0,223626940.0,233009498.0,251605474.0,98428657.0,541.2,,2602.0,3083.1,5764.0,347.8,4237827.0,8454869.0,9001719.0,2685045.0,10.84,,,,,,,,,,,,0.0,0.0,0.0,6922.0,27.0,400.0,31.0,537.0,491.0,476.0,413.0,307.0,0.0,0.0,1277.0,0.0,0.0,416.0,218.0,338.0,7894.0,0.0,195.0,0.0,8291.0,4888.0,0.0,39.0,0.0,32.0,311.0,0.0,115611.0,1567.0,0.0,0.0,92.0,103.0,89.0,22.0,149.0,0.0,0.0,29.0,516.0,122.0,0.0,0.0,4497.0,0.0,0.0,225.0,0.0,0.0,54.0,0.0,2.0,0.0,204.0,1478.0,198.0,964.0,0.0,87.0,543.0,0.0,1097.0,0.0,30449.0,0.0,0.0,0.0,0.0,0.0,0.0,0.0,0.0,0.0,0.0,0.0,41636.0,131731.0,35059.0,32057.0,0.0,0.0,0.0,0.0,0.0,40755.0,0.0,0.0,0.0,31900.0,0.0,0.0,51762.0,0.0,0.0,0.0,263822.0,260.0,30449.0,0.0,92.0,7025.0,116.0,422.0,180.0,537.0,491.0,505.0,929.0,429.0,41636.0,131731.0,40833.0,32057.0,0.0,641.0,218.0,338.0,7948.0,40755.0,197.0,0.0,8495.0,38266.0,198.0,1003.0,51762.0,119.0,854.0,0.0,380530.0,1827.0,820583.0,150681.0,659431.0,10471.0,10608.704540789127,119.29,82.58500000000001,4079.684736842105,33648.25631578948,11785.074210526316,,0.4617087854913037,,56.78452484979473,37.224469,94.47070263528603,2.5999858778058575,1.2084000000000001,32.56818651317368,359.530678,395.9072503909796,45826231.0,205779243.0,52.0,28.0,0.0,0.0,15.0,64.0,63.0,14.0,55.0,25.0,38.0,77.0,18.0,19.0,14.0,5.0,40.0,70.0,36.0,30.0,57.0,42.0,73.0,44.0,77.0,41.0,64.0,64.0,60.0,75.0,22.0,46.0,68.0,29.0,50.0,53.0,57.0,72.0,45.0,38.0,58.0,45.0,71.0,22.0,69.0,15.0,21.0,24.0,9.0,30.0,8.0,51.0,60.0,53.0,36.0,82.0,27.0,0.0,22.0,48.0,14.0,18.0,64.0,22.0,0.0,0.0,46.0,87.0,74.0,39.0,40.0,46.0,31.0,8.0,31.0,36.0,26.0,31.0,50.0,51.0,31.0,88.0,39.0,40.53658536585366,81.08028648273084,236.59027461198565,80.96529137077988,200.64212157272308,567.5620053791158,2129.312471507871,16031.127691414418,3210.2739451635694,77.99242933987371,742.7533425329307,1594.804735722875,2180.1082561156413,9093.969916880034,8774.2967944966,349583.51718973287,37351.160938950525,5484.569028366243,149.81949350955486,101200.736210015,1593.5203258584852,80.08187378431815,245.8120891480248,80.04222179418738,211.53638661532366,560.573116490227,2212.308802332223,15848.359915249104,3384.5821858451786,75.52261981606418,678.557318399124,1593.4920975870357,2335.150045430138,9076.681250213365,8323.169953759021,348880.3840212033,38882.049244482376,5501.456004979183,154.3681428354635,101290.57111741453,1603.4039077151597
2023-03-01,4204761.0,36921732.0,88432832.0,39542716.0,21696888.0,198308301.0,204948002.0,140666118.0,150785799.0,141724945.0,1027232094.0,65977476.0,30331093.0,183997239.0,64237107.0,32999750.0,61084678.0,28437.0,46650784.0,286937.0,1334571.0,20076087.0,26100178.0,601333.0,29907557.0,4606865.0,115318106.0,3980339.0,25086.0,6240387.0,62438746.0,25635325.0,106215.0,6416851.0,275441447.0,295775453.0,302192304.0,106095097.0,588.9,107682.0,2397.0,3170.7,5748.8,344.8,4257219.0,8508229.0,9014468.0,2668157.0,11.23,328.0,122.0,180.0,476657.0,174647.0,247781.0,7165.0,429593.0,633.0,1740.0,-81.70000000000005,0.0,0.0,0.0,10041.0,40.0,790.0,65.0,606.0,642.0,709.0,738.0,421.0,0.0,0.0,2038.0,0.0,0.0,520.0,269.0,611.0,9768.0,0.0,219.0,0.0,9786.0,5882.0,0.0,78.0,0.0,44.0,255.0,0.0,141420.0,1839.0,0.0,6.0,81.0,202.0,200.0,5.0,104.0,0.0,0.0,33.0,740.0,113.0,0.0,0.0,8097.0,0.0,0.0,303.0,0.0,0.0,122.0,0.0,12.0,0.0,201.0,1857.0,221.0,942.0,0.0,196.0,53.0,0.0,1505.0,36.0,30750.0,0.0,0.0,0.0,0.0,0.0,0.0,0.0,0.0,0.0,0.0,0.0,48442.0,147852.0,41423.0,35991.0,0.0,0.0,0.0,0.0,0.0,22724.0,0.0,0.0,0.0,51071.0,0.0,0.0,55733.0,0.0,0.0,0.0,315515.0,0.0,30750.0,6.0,81.0,10243.0,240.0,795.0,169.0,606.0,642.0,742.0,1478.0,534.0,48442.0,147852.0,51558.0,35991.0,0.0,823.0,269.0,611.0,9890.0,22724.0,231.0,0.0,9987.0,58810.0,221.0,1020.0,55733.0,240.0,308.0,0.0,458440.0,1875.0,951311.0,186781.0,749501.0,15029.0,11049.296611487864,119.82,78.43434782608696,3968.5591304347827,32483.478260869564,11637.092173913043,3256.0,1.7531791273843453,,48.24424908728695,101.623723,151.6211512146713,62.598552218080826,3.6413347826086953,77.22706330731303,390.612341,534.0792913080026,39416601.0,262775703.0,48.0,46.0,0.0,0.0,14.0,58.0,70.0,12.0,57.0,23.0,40.0,83.0,15.0,20.0,15.0,6.0,37.0,51.0,23.0,30.0,69.0,45.0,68.0,48.0,81.0,59.0,62.0,73.0,56.0,77.0,20.0,44.0,71.0,26.0,42.0,52.0,53.0,82.0,35.0,39.0,57.0,52.0,83.0,15.0,67.0,15.0,27.0,27.0,9.0,27.0,6.0,51.0,62.0,63.0,31.0,82.0,32.0,0.0,20.0,31.0,10.0,15.0,58.0,26.0,43.0,0.0,46.0,85.0,81.0,42.0,40.0,51.0,24.0,8.0,35.0,53.0,15.0,27.0,48.0,50.0,30.0,76.0,39.40384615384615,41.09756097560975,89.11838172082608,224.33278088443842,78.43592558388858,229.93411280257527,623.8286720457826,2018.995027959946,15530.313265609939,3678.9458048412043,80.83181029225466,708.0422503585016,1565.4759310851,2502.194138004053,9113.8455835467,8556.87499727675,344156.32600085344,41079.86456391496,5463.020692614218,155.4553002479321,100726.72778639795,1639.5991567420588,83.77234997479432,240.58612869404294,79.99261393694705,206.23118799300605,586.4064498235604,2165.2751582463866,15838.537559515516,3299.6990078880967,77.57365156209592,699.4220157906004,1592.507838365791,2394.385510707916,9091.038472435588,8479.292886165636,348875.45676009695,39829.81668892682,5472.47954386839,152.6455701496976,101568.90120190625,1623.0560588042422
2023-04-01,,,,,,,,,,,,66064937.0,18954086.0,170202549.0,35760938.0,70483965.0,70010435.0,369077.0,38106151.0,80830.0,356563.0,16749712.0,18300421.0,452319.0,23476150.0,500.0,136106461.0,8600928.0,28792.0,,34096088.0,12036885.0,24311.0,4239739.0,259536147.0,272911205.0,277150944.0,127262750.0,586.4,,2444.0,3198.0,5756.8,343.6,4276269.0,8553669.0,9094129.0,2700249.0,10.69,,,,,,,,,,,,0.0,0.0,0.0,10130.0,16.0,638.0,9.0,624.0,591.0,649.0,798.0,614.0,0.0,0.0,1461.0,0.0,0.0,620.0,335.0,470.0,8530.0,0.0,240.0,0.0,8858.0,5284.0,0.0,43.0,0.0,32.0,261.0,0.0,128791.0,1614.0,0.0,0.0,109.0,150.0,257.0,1.0,248.0,2.0,0.0,0.0,821.0,113.0,0.0,0.0,7064.0,0.0,0.0,366.0,0.0,1.0,83.0,0.0,2.0,0.0,261.0,1719.0,309.0,1240.0,0.0,47.0,251.0,0.0,1267.0,15.0,23907.0,0.0,0.0,0.0,0.0,0.0,0.0,0.0,0.0,0.0,0.0,0.0,43885.0,170041.0,26356.0,38299.0,0.0,0.0,0.0,0.0,0.0,21758.0,0.0,0.0,0.0,37817.0,0.0,0.0,42222.0,0.0,0.0,0.0,276221.0,0.0,23907.0,0.0,109.0,10280.0,273.0,639.0,257.0,626.0,591.0,649.0,1619.0,727.0,43885.0,170041.0,34881.0,38299.0,0.0,986.0,335.0,471.0,8613.0,21758.0,242.0,0.0,9119.0,44820.0,309.0,1283.0,42222.0,79.0,512.0,0.0,406279.0,1629.0,865440.0,170608.0,680506.0,14326.0,11646.980075776575,120.58,84.63833333333334,4121.467368421053,33731.28052631579,12073.464736842105,,0.047395431622663894,,39.8951038962,165.841691,205.78419032782267,31.107489617324234,2.48915,73.4503043988,384.349123,491.3960670161242,74723704.0,202427240.0,37.0,33.0,0.0,0.0,15.0,65.0,85.0,13.0,59.0,24.0,42.0,75.0,17.0,20.0,14.0,6.0,37.0,61.0,33.0,31.0,80.0,51.0,63.0,53.0,69.0,50.0,65.0,73.0,50.0,70.0,13.0,47.0,75.0,22.0,44.0,47.0,49.0,82.0,31.0,36.0,60.0,44.0,70.0,20.0,59.0,15.0,24.0,29.0,10.0,27.0,7.0,51.0,61.0,50.0,37.0,78.0,31.0,0.0,14.0,45.0,12.0,15.0,56.0,21.0,44.0,15.0,46.0,86.0,81.0,47.0,42.0,78.0,21.0,7.0,28.0,42.0,24.0,25.0,55.0,44.0,31.0,77.0,39.21153846153846,41.048780487804876,88.7374293398737,240.61925818428475,86.45307309663164,249.99252382403444,621.1620053791158,2165.5733236585625,17117.70847313306,3999.880381184551,81.96690553034988,749.9587137396281,1547.7265726513008,2388.231555141154,9121.791250213366,9029.101200056897,341401.77728976135,39446.4193028086,5976.081045838822,166.45057111120616,99749.77226071004,1623.999777324158,86.30885791130227,233.86739482308087,81.84018709504849,227.2181729504055,604.1620053791158,2104.806553407728,16204.357044819602,3635.490767206488,80.22069918114354,742.676997132694,1573.215439215689,2366.9147190412496,9109.567805768922,8836.92837412781,345657.08926659345,39390.28402226015,5637.204092703233,157.30865319495928,100748.4673671876,1622.7208465823178
2023-05-01,,,,,,,,,,,,67567253.0,6859245.0,148484928.0,71925651.0,71247922.0,64975812.0,825157.0,34755611.0,729949.0,15449027.0,19340480.0,20821900.0,579514.0,28970887.0,3325.0,108704533.0,5639565.0,40747.0,10144543.0,29323267.0,30839364.0,29089.0,-75895776.0,221145142.0,332498101.0,256602325.0,98927387.0,588.2,,2498.0,3082.3,5775.1,343.6,4278691.0,8542382.0,9101679.0,2886298.0,11.37,,,,,,,,,,,,0.0,0.0,0.0,9849.0,45.0,845.0,188.0,580.0,490.0,720.0,612.0,427.0,0.0,0.0,2284.0,0.0,0.0,578.0,224.0,352.0,7890.0,0.0,178.0,0.0,7331.0,4073.0,0.0,65.0,0.0,34.0,268.0,0.0,111036.0,1703.0,0.0,0.0,125.0,143.0,542.0,18.0,728.0,0.0,0.0,0.0,766.0,115.0,0.0,0.0,8858.0,0.0,0.0,580.0,0.0,0.0,44.0,0.0,4.0,0.0,174.0,1640.0,549.0,2073.0,0.0,104.0,26.0,0.0,878.0,39.0,32013.0,0.0,0.0,0.0,0.0,0.0,0.0,0.0,0.0,0.0,0.0,0.0,40142.0,139454.0,44183.0,54894.0,0.0,0.0,0.0,0.0,0.0,6197.0,0.0,0.0,0.0,34310.0,0.0,0.0,38434.0,0.0,0.0,0.0,199468.0,0.0,32013.0,0.0,125.0,9992.0,587.0,863.0,916.0,580.0,490.0,720.0,1378.0,542.0,40142.0,139454.0,55325.0,54894.0,0.0,1158.0,224.0,352.0,7934.0,6197.0,182.0,0.0,7505.0,40023.0,549.0,2138.0,38434.0,138.0,294.0,0.0,311382.0,1742.0,756273.0,149772.0,589095.0,17406.0,11613.707623660564,121.07,75.466,4146.173181818182,33316.80227272728,12446.530454545455,,0.10361322778723091,,4.629495918436363,172.446474,177.1795831462236,9.73092180217504,2.4967454545454544,38.51698557190909,463.953497,514.6981498286297,-4647854.0,261250179.0,41.0,40.0,0.0,0.0,15.0,69.0,65.0,11.0,61.0,26.0,41.0,73.0,17.0,18.0,12.0,5.0,31.0,59.0,41.0,30.0,77.0,42.0,58.0,42.0,69.0,62.0,69.0,64.0,50.0,77.0,11.0,45.0,77.0,23.0,47.0,46.0,54.0,81.0,34.0,38.0,62.0,47.0,78.0,18.0,60.0,17.0,23.0,28.0,9.0,31.0,6.0,48.0,62.0,59.0,37.0,77.0,33.0,0.0,18.0,44.0,8.0,11.0,50.0,22.0,42.0,18.0,47.0,85.0,73.0,36.0,35.0,41.0,23.0,8.0,40.0,53.0,36.0,36.0,63.0,46.0,34.0,80.0,38.94230769230769,41.03658536585366,84.59457219701656,253.50933560366693,88.88486348166458,275.73461216404394,592.1620053791158,2281.5840204330025,17599.20296936959,4411.753794624703,83.38828648273083,702.2919738352144,1512.7876510291665,2510.4806287634715,9131.740916880031,8790.056605617194,334958.76097032876,41687.33857781571,6221.175697451603,175.68084586159802,98641.97426766044,1644.5942369954691,87.15965156209592,238.71428538462388,84.44552446154127,250.98152737466233,610.1175609346715,2148.4285684616148,16720.213843385172,4015.7044379945974,81.99195314939752,718.6441521506209,1546.7331714040613,2466.387517025115,9121.9665835467,8778.929489872502,341141.7651545746,40728.57403706865,5873.616102694014,165.32524719573087,99942.8088162656,1636.7621946294562
2023-06-01,4544792.0,40992988.0,76846404.0,42108411.0,20601866.0,193236567.0,218948085.0,132428717.0,225319018.0,139155229.0,1094182077.0,77532672.0,8495000.0,116393410.0,132029792.0,39598428.0,49258668.0,68842.0,61355925.0,253990.0,9866442.0,19578195.0,18089285.0,663531.0,49802694.0,10556670.0,99865391.0,4641558.0,28087629.0,5215116.0,11312903.0,71735957.0,24390.0,-212032464.0,174215920.0,455040301.0,243007837.0,90439979.0,579.1,98912.0,2557.0,3285.2,5799.8,339.0,4363433.0,8653462.0,9245732.0,2697725.0,11.19,417.0,137.0,194.0,491634.0,211110.0,277991.0,7174.0,496275.0,786.0,2404.0,-97.5,0.0,0.0,0.0,10619.0,66.0,1205.0,117.0,512.0,346.0,749.0,493.0,525.0,0.0,0.0,1999.0,0.0,0.0,554.0,227.0,296.0,9109.0,0.0,155.0,0.0,8936.0,4487.0,0.0,58.0,0.0,51.0,323.0,0.0,125493.0,1517.0,0.0,0.0,274.0,103.0,834.0,25.0,875.0,0.0,0.0,5.0,1157.0,171.0,0.0,0.0,12778.0,0.0,0.0,457.0,0.0,0.0,78.0,0.0,13.0,0.0,77.0,2647.0,501.0,3255.0,0.0,62.0,13.0,0.0,702.0,2.0,29250.0,0.0,0.0,0.0,0.0,0.0,0.0,0.0,0.0,0.0,0.0,0.0,25395.0,138349.0,49307.0,39173.0,0.0,0.0,0.0,0.0,0.0,3309.0,0.0,0.0,0.0,32624.0,0.0,0.0,40356.0,0.0,0.0,0.0,245253.0,0.0,29250.0,0.0,274.0,10722.0,900.0,1230.0,992.0,512.0,346.0,754.0,1650.0,696.0,25395.0,138349.0,64084.0,39173.0,0.0,1011.0,227.0,296.0,9187.0,3309.0,168.0,0.0,9013.0,39758.0,501.0,3313.0,40356.0,113.0,336.0,0.0,371448.0,1519.0,794882.0,167837.0,603016.0,24029.0,11239.537233710287,121.13,74.83909090909091,4345.372857142857,33904.97619047619,13463.77761904762,3246.2,2.19177028451001,,2.336821962942857,170.424325,174.9529172474529,8.38172813487882,2.525438095238095,26.56797928457143,385.349124,422.82426951468835,-172434036.0,415441873.0,45.0,30.0,0.0,0.0,16.0,64.0,69.0,8.0,63.0,31.0,45.0,80.0,19.0,19.0,13.0,5.0,36.0,71.0,40.0,31.0,70.0,49.0,60.0,50.0,74.0,65.0,70.0,59.0,72.0,76.0,8.0,49.0,65.0,25.0,66.0,50.0,50.0,81.0,30.0,42.0,62.0,48.0,79.0,25.0,63.0,17.0,26.0,34.0,11.0,31.0,7.0,48.0,57.0,56.0,38.0,86.0,40.0,0.0,19.0,60.0,10.0,14.0,67.0,25.0,62.0,21.0,46.0,92.0,81.0,41.0,31.0,52.0,42.0,7.0,35.0,47.0,20.0,39.0,56.0,51.0,35.0,78.0,42.19230769230769,43.353658536585364,92.81361981606416,243.0870788533888,91.78298697194172,277.34090100810687,649.6953387124493,2187.783709680499,18173.031420444455,4437.45441612971,83.20071505415942,654.7278437874212,1544.556975944991,2299.271513474487,9130.427916880031,8267.001402837046,341249.08730366203,38023.05863614193,6361.9912212417785,176.2561466623754,99167.39381488026,1580.7059900902923,88.5485404509848,243.9984283356474,88.92696133565194,267.5328663419171,619.8397831568936,2195.985855020826,17607.538344459084,4280.525861470674,82.82622299066736,702.1494981084089,1536.9765766555013,2404.2080969646317,9127.806472435586,8693.796291725934,339653.19021199306,39765.36266021759,6175.9724610268695,172.2516991160503,99310.03890909304,1617.676259450458
2023-07-01,,,,,,,,,,,,67674025.0,9234960.0,177558885.0,36544867.0,51888844.0,58598774.0,364283.0,36501466.0,130175.0,302148.0,17472491.0,22144276.0,394540.0,21328068.0,300.0,168563262.0,1635326.0,20273.0,4175828.0,4819795.0,11141868.0,56700.0,15014439.0,245756902.0,248988915.0,264003354.0,146927635.0,564.5,,2636.0,3299.5,5801.7,339.6,4380399.0,8678468.0,9229990.0,2750450.0,10.94,,,,,,,,,,,,0.0,0.0,0.0,10372.0,118.0,976.0,30.0,585.0,322.0,978.0,417.0,686.0,0.0,0.0,2187.0,0.0,0.0,399.0,154.0,413.0,8944.0,0.0,91.0,0.0,9517.0,5010.0,0.0,38.0,0.0,42.0,115.0,0.0,132640.0,1590.0,0.0,0.0,421.0,125.0,961.0,20.0,622.0,0.0,0.0,3.0,874.0,223.0,0.0,0.0,14036.0,0.0,0.0,532.0,0.0,0.0,25.0,0.0,9.0,0.0,54.0,2916.0,471.0,3340.0,0.0,50.0,6.0,0.0,805.0,14.0,25746.0,0.0,0.0,0.0,0.0,0.0,0.0,0.0,0.0,0.0,0.0,0.0,29014.0,158305.0,49622.0,47137.0,0.0,0.0,0.0,0.0,0.0,9194.0,0.0,0.0,0.0,40655.0,0.0,0.0,43003.0,0.0,0.0,0.0,256797.0,0.0,25746.0,0.0,421.0,10497.0,1079.0,996.0,652.0,585.0,322.0,981.0,1291.0,909.0,29014.0,158305.0,65845.0,47137.0,0.0,931.0,154.0,413.0,8969.0,9194.0,100.0,0.0,9571.0,48581.0,471.0,3378.0,43003.0,92.0,121.0,0.0,390242.0,1604.0,860604.0,175624.0,659473.0,25507.0,10770.751973748207,121.91,80.10809523809523,4508.0755,34777.2,14033.091,,0.34003103474377416,,41.64119554517,55.449224,97.43045057991378,32.88501551737189,2.57869,63.085287523439995,351.954697,450.5036900408119,66903283.0,197100071.0,39.0,30.0,0.0,0.0,21.0,85.0,100.0,17.0,67.0,28.0,45.0,68.0,19.0,20.0,15.0,7.0,36.0,71.0,34.0,38.0,78.0,56.0,58.0,47.0,78.0,81.0,64.0,61.0,50.0,91.0,12.0,47.0,74.0,22.0,67.0,56.0,52.0,94.0,35.0,42.0,71.0,50.0,91.0,18.0,56.0,16.0,21.0,31.0,9.0,38.0,7.0,50.0,60.0,56.0,33.0,84.0,33.0,0.0,23.0,56.0,10.0,14.0,51.0,32.0,89.0,19.0,47.0,94.0,72.0,39.0,32.0,0.0,39.0,0.0,34.0,43.0,28.0,35.0,58.0,44.0,31.0,73.0,42.46153846153846,43.80487804878049,83.70409600654035,287.6094391878347,89.29696788320022,248.0775188173583,585.9286720457826,2588.4849526905123,17680.799640873644,3969.240301077733,80.55981029225465,581.1311400837177,1517.849612232598,2373.224034307821,9111.941583546699,7604.631069503713,335581.1171592081,39206.29896947527,6206.113391671918,177.1720054737334,97875.99719543345,1572.9781902220543,87.1421912446356,259.55297618509724,89.75765105633356,266.79592022858066,609.9953387124492,2335.9767856658746,17772.014909154044,4268.7347236572905,82.37604838749276,646.0116278774265,1525.9436277090474,2403.379635237482,9124.655250213365,8220.214803763762,337405.3476323618,39783.76661669986,6246.6804392974145,175.81218467866177,98633.4960757597,1601.8580512121257
2023-08-01,,,,,,,,,,,,70186496.0,5646058.0,116506346.0,39476330.0,27497243.0,58031625.0,1164256.0,27541687.0,604358.0,931163.0,19337036.0,19234589.0,502418.0,17137940.0,584225.0,107876534.0,9279903.0,840773.0,2969053.0,5660759.0,24534709.0,248051.0,-31701304.0,181348285.0,235493255.0,203791951.0,98902161.0,565.2,,2674.0,3306.8,5804.9,340.2,4345102.0,8635987.0,9184681.0,2734866.0,11.55,,,,,,,,,,,,0.0,0.0,0.0,4801.0,43.0,614.0,0.0,279.0,191.0,500.0,238.0,360.0,0.0,0.0,1641.0,0.0,0.0,515.0,71.0,146.0,3839.0,,111.0,0.0,5173.0,3223.0,0.0,26.0,0.0,40.0,78.0,0.0,105909.0,692.0,0.0,0.0,117.0,20.0,125.0,0.0,520.0,0.0,0.0,0.0,317.0,101.0,0.0,0.0,9102.0,0.0,0.0,349.0,0.0,0.0,23.0,,10.0,0.0,12.0,1699.0,190.0,1657.0,0.0,5.0,9.0,0.0,403.0,27.0,21876.0,0.0,0.0,0.0,0.0,0.0,0.0,0.0,0.0,0.0,0.0,0.0,18637.0,157423.0,57216.0,44990.0,0.0,0.0,0.0,0.0,0.0,,0.0,0.0,0.0,42485.0,0.0,0.0,38627.0,0.0,0.0,0.0,220177.0,0.0,21876.0,0.0,117.0,4821.0,168.0,614.0,520.0,279.0,191.0,500.0,555.0,461.0,18637.0,157423.0,67959.0,44990.0,0.0,864.0,71.0,146.0,3862.0,,121.0,0.0,5185.0,47407.0,190.0,1683.0,38627.0,45.0,87.0,0.0,326489.0,719.0,744607.0,128490.0,601431.0,14686.0,10387.614475667477,122.12,86.14772727272727,4457.358695652174,34880.656956521736,13739.49652173913,,0.43796483157738536,,8.050976677,59.062212,67.55115350857739,3.808470099421279,1.2706217391304349,23.292603434,362.15627,390.52796527255174,-4204061.0,207996012.0,29.0,35.0,0.0,0.0,15.0,80.0,81.0,0.0,70.0,30.0,46.0,50.0,18.0,20.0,14.0,6.0,35.0,75.0,49.0,40.0,76.0,52.0,54.0,67.0,67.0,86.0,71.0,73.0,47.0,91.0,6.0,46.0,70.0,19.0,59.0,36.0,55.0,95.0,34.0,46.0,73.0,53.0,91.0,18.0,43.0,22.0,25.0,35.0,9.0,35.0,7.0,57.0,65.0,62.0,34.0,88.0,39.0,0.0,20.0,58.0,12.0,16.0,69.0,25.0,63.0,15.0,51.0,94.0,55.0,35.0,24.0,0.0,41.0,7.0,32.0,51.0,24.0,39.0,61.0,41.0,31.0,60.0,40.82692307692308,42.96341463414634,82.01838172082608,264.56679480315825,82.28553374342383,226.94236844778277,574.1286720457825,2381.101153228424,16292.535681197916,3631.0778951645243,80.84295314939752,680.1533812426219,1580.7960236776926,2589.3154824597045,9113.9235835467,8590.809272283861,347189.7043341868,42758.74017225542,5719.710850409161,163.95326967879774,101913.2943405682,1670.6070157350098,86.13584203828638,264.03776519345126,87.69710006614555,251.33276275774932,602.9508942680047,2376.3398867410615,17364.025813096818,4021.324204123989,81.5551277525721,639.5788747910067,1546.7675816173048,2435.7503850806706,9118.90880576892,8162.320025985986,341148.57837679674,40238.37992595754,6091.160199557468,172.30086751390814,99667.04678362729,1611.8742671839354
2023-09-01,3923449.0,36392574.0,90160811.0,39275433.0,27171609.0,180546677.0,232191661.0,150574811.0,115352941.0,145122950.0,1020712916.0,70618078.0,6491339.0,114704873.0,42983110.0,34755349.0,55389385.0,20787.0,29820634.0,64941.0,304867.0,18196967.0,17867513.0,497116.0,26415068.0,60300.0,103891154.0,1123333.0,21147.0,2501649.0,8312070.0,16941072.0,47844.0,-44854473.0,176606384.0,240589098.0,195734625.0,92043793.0,560.8,93964.0,2687.0,3381.8,5830.6,335.6,4290727.0,8569397.0,9076669.0,2576758.0,10.8,465.0,112.0,179.0,700033.0,291398.0,300305.0,7214.0,598917.0,621.0,2114.0,-356.5,0.0,0.0,0.0,1715.0,5.0,328.0,0.0,231.0,44.0,250.0,136.0,332.0,0.0,0.0,1193.0,0.0,0.0,387.0,61.0,67.0,1142.0,0.0,206.0,0.0,2659.0,2054.0,0.0,14.0,0.0,41.0,18.0,0.0,59542.0,,0.0,0.0,7.0,31.0,18.0,3.0,221.0,0.0,0.0,0.0,157.0,48.0,0.0,0.0,5578.0,5.0,0.0,246.0,0.0,1.0,7.0,1.0,0.0,0.0,14.0,1223.0,68.0,349.0,0.0,20.0,0.0,0.0,266.0,,33939.0,0.0,0.0,0.0,0.0,0.0,0.0,0.0,0.0,0.0,0.0,0.0,0.0,168990.0,19256.0,34977.0,0.0,0.0,0.0,0.0,0.0,7190.0,0.0,0.0,0.0,38191.0,0.0,0.0,24451.0,0.0,0.0,0.0,163922.0,,33939.0,0.0,7.0,1746.0,23.0,331.0,221.0,231.0,44.0,250.0,293.0,380.0,0.0,168990.0,26027.0,34982.0,0.0,633.0,61.0,68.0,1149.0,7191.0,206.0,0.0,2673.0,41468.0,68.0,363.0,24451.0,61.0,18.0,0.0,223730.0,,569604.0,70425.0,490916.0,8263.0,10304.601517021656,122.36,93.72238095238096,4409.094999999999,34318.890999999996,13585.8415,3212.8,1.6449545488138346,,7.0661882763,88.900794,97.61193682511384,2.203364865863572,2.47629,40.731326043075,365.53067,410.9416509089385,-10099124.0,205833749.0,26.0,31.0,0.0,0.0,17.0,72.0,50.0,10.0,74.0,27.0,50.0,47.0,16.0,21.0,16.0,6.0,39.0,70.0,45.0,35.0,64.0,46.0,45.0,51.0,70.0,89.0,67.0,66.0,55.0,96.0,6.0,43.0,63.0,17.0,49.0,41.0,56.0,94.0,37.0,37.0,70.0,57.0,89.0,14.0,39.0,19.0,28.0,30.0,11.0,31.0,7.0,59.0,71.0,60.0,40.0,75.0,41.0,0.0,24.0,41.0,10.0,12.0,62.0,22.0,71.0,0.0,54.0,85.0,41.0,32.0,16.0,0.0,15.0,0.0,35.0,45.0,31.0,29.0,55.0,34.0,32.0,52.0,37.69230769230769,40.03658536585366,84.31361981606418,245.6859248509514,85.93996958028553,219.49269301096825,590.1953387124493,2211.173323658563,17016.113976896533,3511.883088175492,80.33004838749275,812.3288783154773,1564.6366824074605,2407.4104088373865,9110.333250213365,9115.542519489487,342185.5721480306,39563.3248972483,5832.341431860759,158.85805181456735,99993.69320374544,1628.8080006861428,83.30250870495307,264.9040471926388,85.74942760226016,232.0500267587031,583.1175609346715,2384.1364247337497,16978.38666524751,3712.8004281392496,80.59823886368322,692.1125529670254,1553.4608171047946,2471.7966835349707,9112.2105835467,8445.167064870133,341460.7399915863,40751.802012992994,5914.610269763795,166.50150256463877,99942.47991324903,1627.9082707158855
2023-10-01,,,,,,,,,,,,67967029.0,5123366.0,156985779.0,46897512.0,86368440.0,58124519.0,11318.0,42959055.0,4005.0,8934801.0,18443221.0,23382701.0,534309.0,27306502.0,400.0,136531793.0,339581.0,24513.0,5920905.0,14533081.0,14700469.0,57363.0,-61685705.0,220244982.0,309925294.0,248239589.0,126760195.0,544.5,,2796.0,3341.9,5837.8,331.0,4237462.0,8467745.0,8965334.0,2508620.0,11.48,,,,,,,,,,,,0.0,0.0,0.0,3406.0,2.0,321.0,45.0,342.0,288.0,286.0,231.0,322.0,0.0,0.0,829.0,0.0,0.0,324.0,92.0,144.0,2263.0,0.0,147.0,0.0,3640.0,2375.0,0.0,37.0,0.0,27.0,53.0,0.0,76163.0,532.0,0.0,0.0,11.0,83.0,13.0,0.0,0.0,0.0,0.0,118.0,115.0,39.0,0.0,0.0,3854.0,15.0,0.0,132.0,0.0,0.0,19.0,0.0,0.0,0.0,25.0,1394.0,77.0,319.0,0.0,9.0,0.0,0.0,355.0,90.0,13569.0,0.0,0.0,0.0,0.0,0.0,0.0,115.0,0.0,0.0,0.0,0.0,0.0,157687.0,40303.0,30624.0,0.0,0.0,0.0,0.0,0.0,4449.0,0.0,0.0,0.0,33935.0,0.0,0.0,36303.0,0.0,0.0,0.0,196356.0,0.0,13569.0,0.0,11.0,3489.0,15.0,321.0,45.0,457.0,288.0,404.0,346.0,361.0,0.0,157687.0,44986.0,30639.0,0.0,456.0,92.0,144.0,2282.0,4449.0,147.0,0.0,3665.0,37704.0,77.0,356.0,36303.0,36.0,53.0,0.0,272874.0,622.0,611878.0,91869.0,513341.0,6668.0,10465.081514954569,122.51,90.59590909090909,4269.4009090909085,33319.49272727273,13199.427727272727,,0.3321375437572929,,19.31966736137143,69.929601,89.58140590512872,23.040370478413067,3.652571428571429,82.17030160685715,435.222752,544.0859955138417,24682735.0,223556854.0,25.0,36.0,0.0,0.0,12.0,98.0,72.0,0.0,70.0,25.0,39.0,45.0,20.0,19.0,17.0,6.0,41.0,64.0,33.0,36.0,66.0,54.0,46.0,47.0,71.0,55.0,71.0,73.0,58.0,86.0,10.0,50.0,73.0,16.0,59.0,42.0,49.0,90.0,35.0,39.0,59.0,59.0,91.0,11.0,38.0,18.0,29.0,30.0,13.0,19.0,6.0,54.0,67.0,59.0,37.0,78.0,31.0,0.0,23.0,49.0,9.0,12.0,57.0,21.0,53.0,21.0,48.0,84.0,42.0,38.0,20.0,55.0,25.0,11.0,37.0,45.0,24.0,29.0,64.0,33.0,30.0,53.0,38.13461538461539,40.609756097560975,86.72314362558798,268.8502489846873,81.1479098349832,202.776733736767,607.0620053791158,2419.6522408621863,16067.286147326673,3244.427739788272,79.41742933987369,708.9677507766652,1639.4809305528918,2516.4801278226037,9103.944916880031,8660.18253339023,356149.930989676,41403.41843336178,5584.607033339062,159.87450904550636,103829.36921832702,1662.3141851374526,84.26123886368322,258.69131684614734,83.23949180341332,216.24698728739486,589.8286720457826,2328.221851615326,16481.419377075836,3459.9517965983177,80.15182616527053,742.6777071486251,1587.06028740909,2503.686048039898,9109.08569465781,8868.59410838786,346942.03937952,41230.37250095517,5714.855424333816,160.6097587001597,101537.52292088022,1653.9570262961504
2023-11-01,,,,,,,,,,,,69346089.0,7115303.0,114218663.0,44263210.0,55756868.0,61737320.0,339624.0,31918298.0,195687.0,502990.0,19993830.0,17894782.0,534277.0,22666435.0,350.0,106511286.0,4904351.0,25636.0,,7707377.0,27137552.0,40440.0,-69574839.0,183410910.0,274083272.0,204508433.0,96785485.0,544.8,,2841.0,3429.0,5841.8,341.3,4295356.0,8547633.0,9044564.0,2475432.0,10.89,,,,,,,,,,,,0.0,0.0,0.0,6640.0,16.0,477.0,14.0,556.0,365.0,442.0,217.0,335.0,0.0,0.0,1015.0,0.0,0.0,512.0,138.0,307.0,5602.0,0.0,146.0,0.0,5720.0,3912.0,0.0,46.0,0.0,19.0,137.0,0.0,102794.0,1631.0,0.0,0.0,74.0,316.0,158.0,13.0,0.0,0.0,0.0,0.0,263.0,83.0,0.0,0.0,3254.0,0.0,0.0,300.0,0.0,0.0,10.0,0.0,14.0,0.0,20.0,1612.0,100.0,699.0,0.0,65.0,0.0,0.0,869.0,10.0,25956.0,0.0,0.0,0.0,0.0,0.0,0.0,0.0,0.0,0.0,0.0,0.0,22691.0,147764.0,42469.0,45619.0,0.0,0.0,0.0,0.0,0.0,28509.0,0.0,0.0,0.0,40244.0,0.0,0.0,33815.0,0.0,0.0,0.0,297648.0,0.0,25956.0,0.0,74.0,6956.0,174.0,490.0,14.0,556.0,365.0,442.0,480.0,418.0,22691.0,147764.0,46738.0,45619.0,0.0,812.0,138.0,307.0,5612.0,28509.0,160.0,0.0,5740.0,45768.0,100.0,745.0,33815.0,84.0,137.0,0.0,401311.0,1641.0,823616.0,131041.0,684715.0,7860.0,10762.958455264568,122.3,82.94,4460.0633333333335,34704.502380952385,13913.160476190476,,0.2657627489603852,,9.46430493309,219.941953,229.6720206820504,3.764564091340191,2.48748,30.24790542287,776.31167,812.8116195142103,-13817971.0,218326404.0,32.0,28.0,0.0,0.0,14.0,68.0,60.0,9.0,73.0,27.0,41.0,53.0,17.0,20.0,15.0,7.0,36.0,96.0,34.0,61.0,74.0,45.0,50.0,47.0,55.0,58.0,83.0,83.0,49.0,100.0,14.0,44.0,100.0,19.0,40.0,50.0,54.0,92.0,34.0,40.0,69.0,44.0,88.0,17.0,45.0,19.0,25.0,27.0,12.0,22.0,6.0,48.0,57.0,43.0,35.0,78.0,45.0,0.0,19.0,43.0,7.0,11.0,44.0,19.0,0.0,0.0,42.0,86.0,37.0,40.0,29.0,61.0,25.0,8.0,29.0,37.0,26.0,39.0,49.0,35.0,26.0,62.0,38.0,39.951219512195124,81.76123886368322,233.23526152959286,82.61723132135863,203.57809025560348,572.3286720457825,2099.117353766336,16358.21180162901,3257.2494440896558,80.93995314939751,732.2614519713877,1624.8868558841637,2307.990221337387,9114.602583546699,8299.957650042674,354495.0186258179,37972.6018972483,5571.726817882696,150.29795549255954,102470.5451891639,1596.992525140454,84.1469531493975,248.3427379931121,83.19726983462354,207.89326631966324,589.0286720457825,2235.0846419380096,16473.05942725546,3326.292261114612,80.21820711765147,760.7813850458681,1604.3441646990136,2410.677072110237,9109.550361324476,8778.252456529686,349889.35692117485,39647.25085373057,5655.866250588466,155.8950568241991,101856.1026481899,1630.4492159993601
2023-12-01,3851147.0,33376885.0,80277742.0,41356145.0,26708697.0,188844755.0,218680419.0,139757487.0,133667087.0,178871363.0,1045391727.0,71836950.0,13661499.0,106423693.0,41578509.0,44846648.0,41683957.0,286448.0,35098676.0,127.0,3929083.0,19480954.0,19849997.0,212006.0,16196712.0,2050.0,93471048.0,284712.0,32574.0,6276795.0,6675850.0,22059214.0,129186.0,-65910095.0,162055597.0,251751545.0,185841450.0,84552681.0,561.7,101817.0,2852.0,3423.4,5859.1,326.2,4318659.0,8602887.0,9103427.0,2517397.0,10.69,309.0,120.0,190.0,522589.0,222163.0,265420.0,7211.0,494794.0,629.0,2316.0,-533.3,0.0,0.0,0.0,9129.0,26.0,768.0,14.0,524.0,317.0,460.0,386.0,496.0,0.0,0.0,1376.0,0.0,0.0,602.0,205.0,363.0,7995.0,0.0,268.0,0.0,7768.0,5816.0,0.0,48.0,0.0,34.0,299.0,0.0,125767.0,1657.0,0.0,0.0,140.0,240.0,121.0,22.0,0.0,0.0,6.0,0.0,538.0,205.0,0.0,0.0,4189.0,0.0,0.0,323.0,0.0,0.0,8.0,0.0,13.0,0.0,93.0,1751.0,152.0,711.0,0.0,104.0,0.0,0.0,1442.0,2.0,29939.0,0.0,0.0,0.0,0.0,0.0,0.0,0.0,0.0,0.0,0.0,0.0,19274.0,157139.0,59042.0,74186.0,0.0,0.0,0.0,0.0,0.0,36835.0,0.0,0.0,0.0,44415.0,0.0,0.0,50307.0,0.0,0.0,0.0,363923.0,0.0,29939.0,0.0,140.0,9369.0,147.0,790.0,14.0,524.0,323.0,460.0,924.0,701.0,19274.0,157139.0,64607.0,74186.0,0.0,925.0,205.0,363.0,8003.0,36835.0,281.0,0.0,7861.0,51982.0,152.0,759.0,50307.0,138.0,299.0,0.0,491132.0,1659.0,1009438.0,164318.0,835060.0,10060.0,10350.521325170994,121.71,77.63105263157895,4685.0515,36947.927500000005,14690.492999999999,3116.4,0.47315146094215865,,17.40224177682,381.383478,399.2588712377622,28.466542188431724,3.7971000000000004,53.423994000579995,649.939569,735.6272051890118,-21063447.0,206904897.0,37.0,22.0,0.0,0.0,17.0,84.0,81.0,12.0,86.0,32.0,50.0,85.0,22.0,21.0,15.0,6.0,36.0,88.0,93.0,41.0,85.0,58.0,59.0,61.0,82.0,78.0,70.0,79.0,71.0,91.0,61.0,54.0,78.0,22.0,56.0,57.0,46.0,88.0,26.0,32.0,56.0,45.0,89.0,21.0,72.0,17.0,24.0,25.0,10.0,33.0,6.0,44.0,57.0,49.0,29.0,86.0,35.0,0.0,21.0,43.0,6.0,11.0,30.0,22.0,50.0,0.0,39.0,92.0,49.0,38.0,37.0,46.0,17.0,7.0,39.0,57.0,43.0,36.0,66.0,43.0,26.0,71.0,41.01923076923077,44.74390243902439,79.30409600654038,202.345011469931,79.26507952925544,179.2203283605153,555.1286720457827,1821.105103229379,15694.485746792581,2867.525253768245,80.36261981606417,737.5716026285171,1639.8474154393916,2680.338525537673,9110.561250213364,8917.617200056899,356412.4510619029,44784.97705560297,5234.561193958997,135.03362884156053,104806.40164194404,1722.8697639296422,82.55965156209592,232.52477345710838,80.99511767051544,194.54553365840115,577.9175609346714,2092.722961113975,16037.033298762057,3112.7285385344185,80.2749055303499,736.3362314218195,1629.6040678533159,2492.414062556032,9109.947250213365,8716.542794496601,354669.20233691006,41303.29548614667,5455.100589836281,147.65626908703024,103449.74696694169,1660.6600890585405
2024-01-01,,,,,,,,,,,,69840874.0,20553614.0,174195612.0,74258351.0,57263393.0,57032022.0,1384865.0,40750613.0,4280375.0,13560737.0,21108170.0,18194163.0,575676.0,26419735.0,21855.0,154707668.0,11733277.0,21288.0,3804303.0,15683641.0,32017877.0,259138.0,-46045681.0,253166113.0,334758658.0,288712977.0,144682048.0,530.1,,2902.0,3296.4,5840.5,326.0,4404685.0,8685671.0,9202324.0,2742602.0,10.44,,,,,,,,,,,,0.0,0.0,0.0,5995.0,2.0,425.0,0.0,509.0,348.0,283.0,278.0,421.0,0.0,0.0,1037.0,0.0,0.0,297.0,213.0,190.0,6544.0,0.0,194.0,0.0,6916.0,4874.0,0.0,45.0,0.0,19.0,265.0,0.0,110538.0,1679.0,0.0,0.0,108.0,89.0,61.0,12.0,0.0,133.0,0.0,5.0,292.0,201.0,0.0,0.0,1491.0,2.0,0.0,77.0,0.0,0.0,16.0,0.0,1.0,0.0,52.0,793.0,207.0,568.0,4.0,126.0,5.0,0.0,668.0,2.0,33726.0,0.0,0.0,0.0,0.0,0.0,0.0,0.0,0.0,0.0,0.0,0.0,50355.0,138144.0,48877.0,73324.0,0.0,0.0,0.0,0.0,0.0,34316.0,0.0,0.0,0.0,42095.0,0.0,0.0,48311.0,0.0,0.0,0.0,343955.0,0.0,33726.0,0.0,108.0,6084.0,63.0,437.0,0.0,642.0,348.0,288.0,570.0,622.0,50355.0,138144.0,51405.0,73326.0,0.0,374.0,213.0,190.0,6560.0,34316.0,195.0,0.0,6968.0,47762.0,207.0,613.0,48315.0,145.0,270.0,0.0,455161.0,1681.0,959088.0,141072.0,813103.0,4913.0,10444.42572593689,120.98,80.12409090909091,4804.4914285714285,37763.954761904766,15081.388095238097,,0.949909856216941,,1.2706259239666666,228.272225,230.4927607801836,13.91254712061387,1.2701238095238094,103.43681638640952,480.91399,599.5334773165472,11217712.0,277495265.0,50.0,22.0,0.0,0.0,16.0,80.0,68.0,15.0,69.0,27.0,47.0,88.0,17.0,22.0,17.0,8.0,44.0,55.0,37.0,28.0,60.0,35.0,79.0,36.0,71.0,59.0,61.0,56.0,79.0,89.0,38.0,51.0,60.0,28.0,48.0,44.0,53.0,71.0,31.0,34.0,62.0,46.0,90.0,23.0,73.0,17.0,23.0,25.0,12.0,35.0,7.0,49.0,66.0,64.0,40.0,77.0,53.0,0.0,16.0,46.0,11.0,16.0,53.0,31.0,0.0,12.0,47.0,87.0,55.0,38.0,39.0,85.0,23.0,6.0,34.0,46.0,22.0,25.0,61.0,60.0,31.0,87.0,41.42307692307692,42.51219512195122,80.4421912446356,232.51242777809603,76.23814507177651,173.168589012399,563.0953387124492,2092.6118500028642,15095.152724211748,2770.697424198384,79.7046674351118,664.1754182796589,1564.1288387586114,2448.311765356223,9105.955583546698,8447.007605617195,345219.2941731088,41167.52692504979,5130.389334281362,140.59033827672678,100984.94607183062,1638.977354960587,80.61044521288957,221.28727118712834,79.41434702409255,185.17256519965056,564.273116490227,1991.5854406841552,15724.040710770325,2962.761043194409,80.43644521288957,712.5439971326941,1608.2520815874336,2469.8015320116833,9111.078027991143,8565.73137412781,351771.20150916546,41226.42909448712,5310.665077784779,141.62115715594024,102668.61000144288,1651.6511385339168
2024-02-01,,,,,,,,,,,,69113461.0,26414858.0,130216149.0,54182319.0,25633408.0,53795418.0,973125.0,23501962.0,2088280.0,4031699.0,21403029.0,23244688.0,532222.0,17589553.0,5000350.0,100594515.0,7026836.0,20612.0,,29621634.0,13200163.0,112489.0,6919281.0,211399550.0,235580670.0,242499951.0,91665347.0,503.1,,2939.0,3224.8,5861.2,325.7,4376823.0,8700258.0,9274885.0,2871584.0,11.12,,,,,,,,,,,,0.0,0.0,0.0,7896.0,14.0,447.0,18.0,555.0,451.0,513.0,358.0,312.0,0.0,0.0,1360.0,0.0,0.0,505.0,189.0,610.0,7832.0,0.0,193.0,0.0,8472.0,5359.0,0.0,46.0,0.0,24.0,265.0,0.0,119518.0,1734.0,0.0,0.0,74.0,129.0,85.0,12.0,159.0,0.0,0.0,0.0,392.0,167.0,0.0,0.0,3694.0,0.0,0.0,106.0,0.0,0.0,32.0,0.0,7.0,0.0,109.0,936.0,155.0,822.0,0.0,211.0,2.0,0.0,956.0,6.0,29711.0,0.0,0.0,0.0,0.0,0.0,0.0,0.0,0.0,0.0,0.0,0.0,46973.0,158078.0,41728.0,50676.0,0.0,0.0,0.0,0.0,0.0,13804.0,0.0,0.0,0.0,46764.0,0.0,0.0,43326.0,0.0,0.0,0.0,306944.0,0.0,29711.0,0.0,74.0,8025.0,99.0,459.0,177.0,555.0,451.0,513.0,750.0,479.0,46973.0,158078.0,46782.0,50676.0,0.0,611.0,189.0,610.0,7864.0,13804.0,200.0,0.0,8581.0,53059.0,155.0,868.0,43326.0,235.0,267.0,0.0,427418.0,1740.0,902729.0,156671.0,738004.0,8054.0,11048.3549169302,121.34,83.47809523809524,5011.961499999999,38720.518,15808.935000000001,,0.6002451851851851,,73.31587547139999,135.587274,209.5033946565852,8.810106666666666,2.52593,138.72734737009998,367.002682,517.0660660367666,32552689.0,209947262.0,34.0,29.0,0.0,0.0,16.0,69.0,69.0,20.0,74.0,23.0,44.0,68.0,18.0,22.0,15.0,5.0,28.0,73.0,33.0,25.0,70.0,57.0,63.0,46.0,79.0,68.0,59.0,67.0,64.0,78.0,15.0,51.0,63.0,21.0,53.0,58.0,52.0,69.0,33.0,37.0,78.0,38.0,77.0,31.0,62.0,16.0,24.0,36.0,10.0,37.0,6.0,48.0,70.0,55.0,35.0,85.0,35.0,0.0,17.0,36.0,9.0,18.0,52.0,21.0,0.0,15.0,48.0,87.0,69.0,42.0,46.0,91.0,20.0,0.0,26.0,48.0,23.0,26.0,75.0,44.0,37.0,69.0,38.28846153846154,41.829268292682926,81.95171505415941,232.34446899676823,74.64408350449666,187.97904452312858,573.6620053791158,2091.100220970914,14779.528533890341,3007.6647123700573,82.28785791130228,664.08856559148,1546.430321581461,2349.0659935820217,9124.037916880034,8256.269866723564,340005.3831897329,39199.68244726253,5112.988868152607,144.22982801963823,99146.34335514976,1596.9940911507795,80.65965156209592,221.72059301110974,76.86512481092608,180.4426781924975,564.6175609346715,1995.4853370999872,15219.294712563364,2887.08285107996,80.8116674351118,688.5353313023545,1582.4584096593724,2471.7899074821175,9113.7045835467,8539.609446354774,347012.30725269264,41448.19916671408,5166.620115419495,139.92201189415732,101528.45511232705,1648.4757874939282
2024-03-01,,,,,,,,,,,,72413130.0,51387824.0,211942093.0,51643824.0,25064993.0,57913231.0,883661.0,44750170.0,752040.0,509845.0,20772531.0,19827232.0,595463.0,23261454.0,14000350.0,120948854.0,4363618.0,36917.0,10620362.0,80372877.0,32679280.0,104480.0,83390654.0,322126809.0,274755741.0,358146395.0,111623067.0,508.7,116840.0,2937.0,3239.3,5895.8,318.3,4474007.0,8824114.0,9391386.0,2913967.0,10.23,348.0,124.0,173.0,462757.0,164794.0,242623.0,7377.0,414794.0,720.0,1870.0,-185.9000000000001,0.0,0.0,0.0,13603.0,9.0,936.0,0.0,594.0,495.0,783.0,746.0,490.0,0.0,0.0,1695.0,0.0,0.0,806.0,285.0,1075.0,10825.0,0.0,264.0,0.0,11024.0,6778.0,0.0,63.0,0.0,59.0,285.0,0.0,153689.0,1828.0,0.0,1.0,60.0,284.0,180.0,9.0,0.0,0.0,0.0,21.0,647.0,145.0,0.0,0.0,10075.0,1.0,0.0,458.0,0.0,0.0,121.0,6.0,4.0,0.0,243.0,1130.0,200.0,1125.0,4.0,51.0,312.0,0.0,1470.0,13.0,21924.0,0.0,0.0,0.0,0.0,0.0,0.0,0.0,0.0,0.0,0.0,0.0,56863.0,204003.0,48867.0,70714.0,0.0,0.0,0.0,0.0,0.0,36661.0,0.0,0.0,81.0,46310.0,0.0,0.0,53515.0,0.0,0.0,0.0,384205.0,307.0,21924.0,1.0,60.0,13887.0,189.0,945.0,0.0,594.0,495.0,804.0,1393.0,635.0,56863.0,204003.0,60637.0,70715.0,0.0,1264.0,285.0,1075.0,10946.0,36667.0,268.0,0.0,11348.0,54218.0,200.0,1188.0,53519.0,110.0,597.0,0.0,539364.0,2148.0,1146342.0,206332.0,923450.0,16560.0,11359.770627379416,123.23,85.4085,5170.5725,39105.520000000004,16216.295500000002,,0.8785512706855791,,1.8787069772095237,59.17778,61.9350382478951,20.115266696217496,77.54784761904762,47.541540047971424,586.277491,731.4821453632366,108455647.0,249690748.0,35.0,29.0,0.0,0.0,17.0,70.0,76.0,20.0,65.0,23.0,43.0,56.0,18.0,22.0,16.0,8.0,29.0,66.0,21.0,26.0,76.0,46.0,63.0,36.0,61.0,68.0,57.0,67.0,42.0,85.0,13.0,51.0,51.0,22.0,41.0,60.0,52.0,66.0,32.0,37.0,68.0,48.0,81.0,38.0,56.0,17.0,25.0,30.0,14.0,35.0,7.0,51.0,72.0,62.0,32.0,92.0,41.0,0.0,0.0,56.0,11.0,14.0,91.0,25.0,72.0,0.0,49.0,89.0,79.0,42.0,49.0,48.0,32.0,0.0,26.0,39.0,30.0,32.0,68.0,45.0,28.0,67.0,40.17307692307692,41.792682926829265,82.58981029225465,248.56981792147545,81.24493938045221,181.10891858226066,578.1286720457825,2237.1283612932793,16086.497997329536,2897.7426973161705,83.01504838749275,677.2820462366344,1568.4571686489116,2474.7927542339053,9129.128250213365,8185.055127829934,345696.39136198827,41306.288650042676,5449.8744319961925,148.37837154411073,101079.21584751856,1635.2990398758875,81.57711187955624,238.45931833963897,77.53535672052276,181.37568048863486,571.0397831568936,2146.133865056751,15352.000630663506,2902.0108878181577,81.68823886368322,667.9671148348082,1561.3140353020012,2407.263629390717,9119.840583546698,8259.517465796847,343933.79817401664,40289.14134078499,5242.796291673827,144.73686685708822,100400.5743910363,1618.9173126151834
2024-04-01,,,,,,,,,,,,70674906.0,28653983.0,236017161.0,48520748.0,85390858.0,75718675.0,569057.0,37856998.0,651205.0,79377.0,19697364.0,27575363.0,598569.0,30751229.0,300.0,161224565.0,2865284.0,20034.0,4044536.0,70748060.0,19790967.0,272139.0,37549101.0,340958876.0,324077558.0,361626659.0,152514263.0,493.9,,2917.0,3199.7,5889.7,316.5,4443402.0,8774086.0,9393856.0,2970286.0,10.84,,,,,,,,,,,,0.0,0.0,0.0,10274.0,26.0,628.0,0.0,466.0,490.0,533.0,653.0,395.0,0.0,0.0,1411.0,0.0,0.0,445.0,324.0,663.0,7822.0,0.0,245.0,0.0,7819.0,5046.0,0.0,47.0,0.0,22.0,213.0,0.0,119716.0,1502.0,0.0,0.0,91.0,303.0,291.0,5.0,0.0,139.0,2.0,0.0,659.0,123.0,0.0,0.0,5893.0,0.0,0.0,250.0,0.0,0.0,40.0,4.0,4.0,0.0,176.0,994.0,291.0,1401.0,2.0,243.0,152.0,0.0,930.0,7.0,33964.0,0.0,0.0,0.0,0.0,0.0,0.0,0.0,0.0,0.0,0.0,0.0,29967.0,163419.0,52415.0,13325.0,0.0,0.0,0.0,0.0,0.0,31197.0,0.0,0.0,0.0,39329.0,0.0,0.0,44519.0,0.0,0.0,0.0,327849.0,0.0,33964.0,0.0,91.0,10577.0,317.0,633.0,0.0,605.0,492.0,533.0,1312.0,518.0,29967.0,163419.0,59719.0,13325.0,0.0,695.0,324.0,663.0,7862.0,31201.0,249.0,0.0,7995.0,45369.0,291.0,1448.0,44521.0,265.0,365.0,0.0,448495.0,1509.0,906724.0,158740.0,735984.0,12000.0,11234.760055959225,122.6,89.93809523809524,5112.492727272727,38401.21727272728,15950.863636363636,,3.7451543074447855,,3.0593039167636364,97.806083,104.61054122420842,19.677518648530057,2.5034272727272726,25.56659498678182,456.04865,503.79619090803914,122939959.0,238686700.0,29.0,32.0,0.0,0.0,17.0,80.0,81.0,18.0,72.0,24.0,44.0,47.0,17.0,20.0,17.0,6.0,31.0,69.0,32.0,26.0,78.0,34.0,55.0,41.0,64.0,80.0,63.0,67.0,68.0,87.0,14.0,51.0,52.0,20.0,41.0,45.0,55.0,73.0,29.0,40.0,93.0,43.0,86.0,32.0,48.0,18.0,28.0,25.0,15.0,41.0,7.0,56.0,79.0,64.0,37.0,86.0,40.0,0.0,18.0,40.0,14.0,17.0,47.0,26.0,0.0,16.0,50.0,83.0,68.0,43.0,41.0,61.0,22.0,0.0,39.0,49.0,22.0,29.0,52.0,42.0,27.0,63.0,39.01923076923077,41.292682926829265,89.58981029225465,243.86305657139863,79.9169733030063,178.33667046399648,627.1286720457825,2194.767509142587,15823.560713995248,2853.3867274239437,81.7144293398737,596.533401015631,1545.575533298093,2432.998951915355,9120.02391688003,8123.163547290974,342020.62985367625,40542.609780595856,5374.710905651891,147.92662765766403,99951.60677461079,1616.6810791928042,84.69774680019115,241.97228705727792,78.43100180940233,183.38147831568935,592.8842276013381,2177.7505835155016,15529.338358261664,2934.1036530510296,82.21974680019116,643.9183683393915,1554.4989514011647,2396.845837410428,9123.561139102254,8138.056779688108,342552.75221753435,39995.819292633685,5308.519205607383,147.1206284956402,99952.5473572396,1609.349379754933
2024-05-01,,,,,,,,,,,,68650638.0,21913491.0,141071438.0,46592188.0,62857015.0,77621798.0,1007014.0,19911183.0,264509.0,13761492.0,22652520.0,19515331.0,516689.0,25106895.0,5738603.0,116292674.0,1931361.0,3114714.0,3444373.0,21334391.0,16851928.0,76501.0,25793212.0,241613741.0,261681048.0,287474260.0,107698722.0,511.6,,2935.0,3177.3,5896.6,366.6,4465183.0,8798712.0,9401037.0,2948891.0,10.44,,,,,,,,,,,,0.0,0.0,0.0,11810.0,56.0,1010.0,65.0,554.0,443.0,527.0,438.0,478.0,0.0,0.0,2079.0,0.0,0.0,518.0,283.0,572.0,7818.0,0.0,256.0,0.0,6734.0,4653.0,0.0,73.0,0.0,39.0,260.0,0.0,118314.0,1539.0,0.0,0.0,236.0,228.0,717.0,8.0,547.0,0.0,0.0,27.0,874.0,200.0,0.0,0.0,9984.0,0.0,0.0,771.0,0.0,0.0,101.0,0.0,12.0,0.0,123.0,1633.0,646.0,3042.0,0.0,128.0,78.0,0.0,784.0,28.0,27472.0,0.0,0.0,0.0,0.0,0.0,0.0,0.0,0.0,0.0,0.0,0.0,22380.0,181915.0,50409.0,14960.0,0.0,0.0,0.0,0.0,0.0,38004.0,0.0,0.0,0.0,36973.0,0.0,0.0,33183.0,0.0,46.0,0.0,312646.0,0.0,27472.0,0.0,236.0,12038.0,773.0,1018.0,612.0,554.0,443.0,554.0,1312.0,678.0,22380.0,181915.0,62472.0,14960.0,0.0,1289.0,283.0,572.0,7919.0,38004.0,268.0,0.0,6857.0,43259.0,646.0,3115.0,33183.0,167.0,384.0,0.0,431744.0,1567.0,896674.0,158519.0,717988.0,20167.0,13121.908008992672,121.56,81.74619047619048,5235.225454545455,39129.39045454545,16536.317272727272,,1.379864637447867,,6.5730320690090895,163.87346,171.82635670645695,26.574129655374257,2.527109090909091,27.55332094125454,547.962026,604.616585687538,88650227.0,198824033.0,34.0,28.0,0.0,0.0,22.0,91.0,79.0,13.0,64.0,23.0,40.0,51.0,18.0,19.0,16.0,7.0,29.0,72.0,45.0,28.0,80.0,43.0,52.0,55.0,67.0,83.0,62.0,66.0,56.0,95.0,10.0,45.0,46.0,20.0,38.0,52.0,54.0,76.0,35.0,37.0,82.0,44.0,97.0,17.0,47.0,21.0,28.0,36.0,13.0,44.0,8.0,60.0,78.0,59.0,38.0,86.0,43.0,0.0,21.0,46.0,11.0,14.0,61.0,38.0,56.0,0.0,54.0,85.0,62.0,42.0,37.0,0.0,19.0,0.0,33.0,51.0,29.0,34.0,71.0,41.0,32.0,62.0,40.36538461538461,42.08536585365854,87.53742933987368,248.84263440894435,83.26906479316781,195.9669661964714,612.7620053791159,2239.583709680499,16487.274829047226,3135.4714591435422,83.31014362558798,726.0282701315107,1572.61510875155,2457.563149596805,9131.19391688003,9003.683272283863,345854.8172758606,40840.65891114905,5618.773000812596,153.90402368461432,101207.58834404338,1651.03705241401,86.07869918114355,243.84223823211326,81.15373080273416,185.04596640931516,602.5508942680048,2194.580144089019,16068.43869894136,2960.7354625490425,82.90230235574671,682.8328624453276,1567.5105760436472,2435.7913477486886,9128.339027991144,8551.605914874874,345445.6473379126,40587.28811392919,5456.576299961856,149.03015865632653,100928.22009867695,1633.9018403079872
2024-06-01,,,,,,,,,,,,75015570.0,6984546.0,127777154.0,33824823.0,55775403.0,69564617.0,76083.0,41989211.0,15000.0,82711.0,19788372.0,15115425.0,583775.0,23857573.0,9640942.0,110258234.0,5882640.0,196332.0,1683289.0,15835631.0,19112442.0,267053.0,-35625802.0,204402400.0,270588087.0,234962285.0,99208190.0,491.8,100941.0,2944.0,3093.7,5920.2,360.6,4417879.0,8756559.0,9285517.0,2916450.0,10.95,440.0,143.0,202.0,571168.0,213438.0,268434.0,7382.0,489254.0,750.0,2754.0,-168.5,0.0,0.0,0.0,12682.0,21.0,903.0,3.0,458.0,229.0,637.0,409.0,564.0,0.0,0.0,2546.0,0.0,0.0,453.0,175.0,884.0,8101.0,0.0,127.0,0.0,8390.0,4599.0,0.0,29.0,0.0,7.0,268.0,0.0,127974.0,1263.0,0.0,9.0,307.0,169.0,866.0,35.0,20.0,2.0,0.0,7.0,1033.0,168.0,0.0,0.0,10506.0,6.0,0.0,355.0,0.0,0.0,104.0,4.0,7.0,0.0,100.0,2038.0,437.0,3096.0,0.0,18.0,101.0,0.0,804.0,27.0,30899.0,0.0,0.0,0.0,0.0,0.0,0.0,0.0,0.0,0.0,0.0,0.0,33945.0,166090.0,50626.0,45762.0,0.0,0.0,0.0,0.0,0.0,22503.0,0.0,0.0,0.0,33700.0,0.0,0.0,41396.0,0.0,0.0,0.0,301384.0,0.0,30899.0,9.0,307.0,12851.0,887.0,938.0,23.0,460.0,229.0,644.0,1442.0,732.0,33945.0,166090.0,63678.0,45768.0,0.0,808.0,175.0,884.0,8205.0,22507.0,134.0,0.0,8490.0,40337.0,437.0,3125.0,41396.0,25.0,369.0,0.0,430162.0,1290.0,927275.0,170722.0,736324.0,20229.0,10923.203205823898,121.45,82.24600000000001,5415.140526315789,38903.73052631579,17495.89157894737,,0.14258080992338562,,1.5204680646947366,153.783764,155.4468128746181,19.637032469901495,2.5431263157894737,33.230253271284205,389.985844,445.3962560569752,20149601.0,214812684.0,30.0,39.0,0.0,0.0,16.0,92.0,67.0,16.0,68.0,23.0,47.0,58.0,16.0,25.0,17.0,4.0,29.0,70.0,35.0,30.0,59.0,54.0,60.0,53.0,70.0,72.0,62.0,64.0,55.0,97.0,11.0,50.0,52.0,19.0,89.0,63.0,53.0,83.0,33.0,42.0,75.0,42.0,97.0,12.0,49.0,17.0,25.0,29.0,15.0,39.0,7.0,49.0,78.0,74.0,32.0,86.0,39.0,0.0,14.0,34.0,10.0,14.0,73.0,29.0,60.0,30.0,58.0,98.0,59.0,43.0,36.0,0.0,31.0,0.0,32.0,45.0,31.0,36.0,75.0,43.0,39.0,65.0,40.94230769230769,43.207317073170735,89.49933410177846,244.06241051406806,82.41136215388033,168.19012973819773,626.4953387124493,2196.5616946266123,16317.449706468304,2691.0420758111636,83.55485791130226,712.6955474911249,1520.7444527941311,2267.579316263472,9132.906916880032,8788.710736170378,338623.72443149204,37800.91757781571,5457.887203904633,146.04080912698115,98586.56491558954,1588.5006455828309,88.54219124463559,245.09410159331705,82.25189292484863,177.9461827847722,619.7953387124492,2205.846914339854,16285.874799120027,2847.138924556355,83.20885791130227,685.9550234967062,1574.0859959994798,2383.1752676523606,9130.484916880032,8706.34274080396,347760.67950090085,39650.45280003793,5489.663994182171,148.45859213689334,101311.98998965569,1626.5616929898356
2024-07-01,,,,,,,,,,,,71582730.0,9623902.0,183129726.0,69319890.0,64689411.0,62344507.0,133450.0,33893190.0,998772.0,267257.0,20785969.0,24341464.0,445963.0,32435909.0,300.0,168021505.0,1340818.0,-137692.0,,15108221.0,37315394.0,82248.0,-59241948.0,255231585.0,335917578.0,276675630.0,154091380.0,497.8,,2940.0,3201.4,5980.6,360.3,4599333.0,8938132.0,9524507.0,3021765.0,11.91,,,,,,,,,,,,0.0,0.0,0.0,11615.0,71.0,1018.0,69.0,,235.0,312.0,406.0,624.0,0.0,0.0,1825.0,0.0,0.0,535.0,84.0,848.0,7516.0,0.0,84.0,0.0,9054.0,4857.0,0.0,39.0,0.0,36.0,174.0,0.0,131463.0,1315.0,0.0,0.0,306.0,181.0,702.0,15.0,946.0,,0.0,5.0,700.0,255.0,0.0,0.0,12917.0,11.0,0.0,475.0,0.0,0.0,25.0,3.0,6.0,0.0,48.0,1496.0,446.0,3655.0,0.0,13.0,30.0,0.0,637.0,0.0,28423.0,0.0,0.0,0.0,0.0,0.0,0.0,,0.0,0.0,0.0,0.0,35752.0,185916.0,49450.0,70667.0,0.0,0.0,0.0,0.0,0.0,31322.0,0.0,0.0,0.0,46137.0,0.0,0.0,48989.0,0.0,0.0,0.0,364662.0,0.0,28423.0,0.0,306.0,11796.0,773.0,1033.0,1015.0,,235.0,317.0,1106.0,879.0,35752.0,185916.0,64192.0,70678.0,0.0,1010.0,84.0,848.0,7541.0,31325.0,90.0,0.0,9102.0,52490.0,446.0,3694.0,48989.0,49.0,204.0,0.0,496762.0,1315.0,1056772.0,172581.0,861318.0,22873.0,10178.121056675913,121.27,85.15304347826087,5538.004545454546,40086.031818181815,17963.29090909091,,0.3913373195274901,,33.72294706477273,154.552828,188.66711238430022,34.89814204462593,3.860918181818182,32.64625696420455,457.746887,529.1522041906487,5447463.0,271228167.0,31.0,24.0,0.0,0.0,18.0,91.0,82.0,26.0,67.0,25.0,52.0,52.0,17.0,19.0,16.0,7.0,31.0,66.0,40.0,35.0,82.0,49.0,54.0,45.0,44.0,60.0,65.0,64.0,73.0,92.0,14.0,43.0,64.0,19.0,66.0,46.0,53.0,74.0,27.0,38.0,100.0,44.0,95.0,16.0,43.0,19.0,29.0,38.0,11.0,33.0,7.0,55.0,75.0,73.0,35.0,91.0,45.0,0.0,14.0,45.0,10.0,16.0,73.0,18.0,100.0,24.0,49.0,91.0,57.0,43.0,31.0,0.0,29.0,0.0,30.0,48.0,32.0,41.0,52.0,39.0,29.0,58.0,42.88461538461539,42.792682926829265,92.16600076844513,264.51558900863694,81.60873513095677,202.87147684835503,645.1620053791158,2380.6403010777326,16158.529555929439,3245.9436295736805,85.217143625588,661.4774536440418,1556.0063731753587,2335.707046371006,9144.542916880031,8042.8137944966,343136.1558258748,39270.8733889363,5607.568872989992,160.2904504390985,99898.59648154693,1596.8624314560702,90.32314362558797,246.9760137796856,81.59419111100843,187.97341314989697,632.2620053791159,2222.7841240171706,16155.64983997967,3007.5746103983515,83.36874680019116,697.8647636798955,1569.3933061728976,2384.858764258544,9131.604139102254,8686.893025985984,346071.70265643747,39709.04808985353,5504.567644943577,151.71669041654474,100899.81197784482,1624.8444002385845
2024-08-01,,,,,,,,,,,,74660797.0,6195951.0,117635744.0,46204360.0,23473216.0,69647893.0,24100.0,35070166.0,77087.0,4705696.0,18955123.0,16806440.0,492671.0,36023317.0,300.0,111749001.0,11112416.0,191500.0,,5886743.0,36110379.0,190649.0,-61498551.0,193503688.0,279538178.0,218039627.0,100027953.0,503.1,,2956.0,3270.2,6046.1,360.6,4530769.0,8870787.0,9442684.0,2898761.0,12.23,,,,,,,,,,,,0.0,0.0,0.0,5106.0,16.0,570.0,78.0,,107.0,405.0,162.0,481.0,0.0,0.0,1247.0,0.0,0.0,610.0,50.0,170.0,3557.0,0.0,75.0,0.0,4676.0,4164.0,0.0,55.0,0.0,22.0,171.0,0.0,101262.0,676.0,0.0,0.0,112.0,102.0,147.0,5.0,544.0,,0.0,3.0,273.0,103.0,0.0,0.0,8655.0,2.0,0.0,512.0,0.0,0.0,18.0,0.0,0.0,0.0,50.0,776.0,141.0,1993.0,1.0,39.0,10.0,0.0,345.0,0.0,31039.0,0.0,0.0,0.0,0.0,0.0,0.0,,0.0,0.0,0.0,0.0,14245.0,193723.0,49550.0,58907.0,0.0,0.0,0.0,0.0,0.0,14170.0,0.0,0.0,0.0,34756.0,0.0,0.0,38934.0,0.0,0.0,0.0,310835.0,0.0,31039.0,0.0,112.0,5208.0,163.0,575.0,622.0,,107.0,408.0,435.0,584.0,14245.0,193723.0,59452.0,58909.0,0.0,1122.0,50.0,170.0,3575.0,14170.0,75.0,0.0,4726.0,39696.0,141.0,2048.0,38935.0,61.0,181.0,0.0,412442.0,676.0,892803.0,124024.0,754948.0,13831.0,12248.003997266293,121.41,80.3552380952381,5478.214545454545,40310.814545454545,17268.268636363635,,0.12037129256682534,,4.780148228018181,68.020056,72.920575520585,3.956350787257415,3.883568181818182,52.62973911192727,360.147978,420.6176360810029,-38025335.0,256064962.0,27.0,22.0,0.0,0.0,19.0,89.0,78.0,18.0,72.0,23.0,46.0,45.0,18.0,22.0,19.0,6.0,27.0,75.0,42.0,37.0,53.0,47.0,54.0,46.0,61.0,61.0,60.0,61.0,100.0,87.0,10.0,39.0,54.0,18.0,60.0,49.0,50.0,74.0,26.0,37.0,94.0,44.0,91.0,18.0,43.0,17.0,24.0,30.0,14.0,42.0,8.0,60.0,78.0,60.0,35.0,86.0,36.0,17.0,23.0,46.0,9.0,15.0,72.0,35.0,72.0,20.0,55.0,93.0,57.0,35.0,31.0,0.0,41.0,9.0,32.0,40.0,26.0,59.0,63.0,29.0,27.0,55.0,42.30769230769231,42.353658536585364,92.36123886368323,257.6069930707362,77.03784446895284,208.43019301096828,646.5286720457826,2318.462937636626,15253.49320485266,3334.8830881754925,77.97823886368323,580.3853804062949,1587.0314123004775,2303.3557329301384,9093.870583546699,7502.941200056898,347094.61882859806,38373.34024448238,5388.34197567764,158.85906735358515,100516.19271417102,1571.030348273716,91.25806426050862,254.65197998834344,80.8210190897178,194.87250880400595,638.8064498235603,2291.8678198950906,16002.561779764124,3117.960140864095,82.27800076844512,647.9190037236971,1578.1612822282532,2322.4780108647274,9123.968916880032,8079.084465796848,347332.87175364787,38742.61537966914,5512.799047586717,155.40089303564395,100819.63512899846,1594.1800167414026
2024-09-01,,,,,,,,,,,,70413029.0,9551582.0,102715248.0,43044295.0,24276346.0,55203329.0,5200.0,35356198.0,247171.0,38816.0,19585870.0,18302768.0,482092.0,22683330.0,300.0,95408539.0,7030361.0,-144590.0,,7306709.0,30875113.0,88096.0,-64702668.0,167475359.0,252228611.0,187525943.0,85266170.0,484.1,115272.0,2986.0,3347.8,6102.8,353.3,4451963.0,8778168.0,9319317.0,2734386.0,12.3,,,,673589.0,299567.0,301163.0,7457.0,608187.0,759.0,2270.0,-531.0999999999999,0.0,0.0,0.0,1174.0,5.0,166.0,21.0,,70.0,250.0,83.0,233.0,0.0,0.0,832.0,0.0,0.0,177.0,57.0,48.0,989.0,0.0,50.0,0.0,1340.0,2015.0,0.0,35.0,0.0,17.0,29.0,0.0,47932.0,11.0,0.0,0.0,16.0,19.0,58.0,4.0,182.0,,0.0,0.0,90.0,70.0,0.0,0.0,4863.0,4.0,0.0,194.0,0.0,0.0,27.0,0.0,2.0,0.0,66.0,423.0,68.0,513.0,0.0,4.0,2.0,0.0,364.0,3.0,13686.0,0.0,0.0,0.0,0.0,0.0,0.0,,0.0,0.0,0.0,0.0,2043.0,196949.0,37793.0,53724.0,0.0,0.0,0.0,0.0,0.0,9100.0,0.0,0.0,0.0,26400.0,0.0,0.0,35326.0,0.0,0.0,0.0,237543.0,0.0,13686.0,0.0,16.0,1193.0,63.0,170.0,203.0,,70.0,250.0,173.0,303.0,2043.0,196949.0,43488.0,53728.0,0.0,371.0,57.0,48.0,1016.0,9100.0,52.0,0.0,1406.0,28838.0,68.0,548.0,35326.0,21.0,31.0,0.0,285839.0,14.0,694488.0,55897.0,631619.0,6972.0,11286.831651687622,121.43,74.01666666666667,5621.2605,41490.883,17599.23,,0.28987671637383733,,11.9351277271,36.066283,48.291287443473834,17.18066957035287,2.64377,41.418302839625,371.616302,432.8590444099779,-40426322.0,227952265.0,24.0,28.0,0.0,0.0,16.0,63.0,68.0,14.0,69.0,26.0,56.0,46.0,17.0,21.0,18.0,6.0,35.0,62.0,48.0,28.0,63.0,59.0,46.0,44.0,60.0,84.0,63.0,69.0,73.0,96.0,10.0,43.0,49.0,16.0,38.0,38.0,51.0,72.0,32.0,38.0,80.0,47.0,100.0,14.0,37.0,16.0,32.0,35.0,14.0,35.0,8.0,56.0,77.0,66.0,33.0,79.0,44.0,0.0,20.0,48.0,12.0,16.0,0.0,36.0,0.0,17.0,58.0,89.0,43.0,34.0,21.0,81.0,0.0,0.0,30.0,37.0,17.0,43.0,55.0,33.0,36.0,49.0,36.71153846153846,39.47560975609756,87.47076267320703,250.09278978519606,76.2461061828587,209.3236378698142,612.2953387124492,2250.8351080667644,15096.72902420602,3349.1782059170273,75.25638172082608,670.3232882318657,1605.9049301483121,2342.390659307821,9074.8175835467,8407.360402837046,351686.37765361933,38712.964969475266,5327.259419225566,155.783324127769,101970.38015236959,1606.5769512329152,91.139016641461,258.037018877197,78.5688584854619,205.9161894603404,637.973116490227,2322.3331698947727,15556.633980121458,3294.6590313654465,79.74074680019118,638.6567751892476,1575.9163564245155,2316.7408823140995,9106.208139102255,7964.065064870131,346096.89284159103,38619.16197874242,5452.899824467976,158.4152708661151,100446.58200607645,1586.8611810663683
2024-10-01,,,,,,,,,,,,72954466.0,7973590.0,161040855.0,73862234.0,89511968.0,66989650.0,19903.0,37294065.0,173954.0,238838.0,19063152.0,18811277.0,594432.0,28905227.0,300.0,142005686.0,1015492.0,-142873.0,9863161.0,9172008.0,21999661.0,34144.0,-88568622.0,236023998.0,344528344.0,255959722.0,132555478.0,485.4,,2980.0,3346.6,6113.0,388.2,4468593.0,8782997.0,9324020.0,2691579.0,11.32,,,,,,,,,,,,0.0,0.0,0.0,3273.0,7.0,236.0,23.0,,182.0,265.0,143.0,242.0,0.0,0.0,677.0,0.0,0.0,290.0,68.0,172.0,2119.0,0.0,71.0,0.0,2219.0,3103.0,0.0,15.0,0.0,34.0,28.0,0.0,69109.0,771.0,0.0,0.0,20.0,81.0,2.0,0.0,21.0,,0.0,0.0,35.0,43.0,0.0,0.0,2725.0,13.0,0.0,103.0,0.0,0.0,43.0,0.0,0.0,0.0,25.0,363.0,40.0,175.0,0.0,0.0,2.0,0.0,341.0,0.0,21207.0,0.0,0.0,0.0,0.0,0.0,0.0,,0.0,0.0,0.0,0.0,0.0,183842.0,26333.0,51768.0,0.0,0.0,0.0,0.0,0.0,15554.0,0.0,0.0,0.0,23909.0,0.0,0.0,38192.0,0.0,0.0,0.0,278447.0,0.0,21207.0,0.0,20.0,3354.0,9.0,236.0,44.0,,182.0,265.0,178.0,285.0,0.0,183842.0,29735.0,51781.0,0.0,393.0,68.0,172.0,2162.0,15554.0,71.0,0.0,2244.0,27375.0,40.0,190.0,38192.0,34.0,30.0,0.0,347897.0,771.0,734081.0,83263.0,646784.0,4034.0,10089.901442170143,121.99,75.63260869565217,5792.319565217392,42494.19739130435,18316.11565217391,,0.3004397761139783,,3.51240749955,109.547878,113.36072527566398,10.729499164061933,2.6086545454545456,43.63996028985,305.369382,362.34749599936646,943346.0,255016376.0,24.0,41.0,0.0,0.0,18.0,96.0,57.0,19.0,71.0,26.0,43.0,39.0,14.0,24.0,18.0,7.0,26.0,82.0,44.0,26.0,55.0,38.0,46.0,50.0,70.0,39.0,57.0,71.0,55.0,82.0,9.0,46.0,57.0,16.0,44.0,42.0,45.0,74.0,26.0,37.0,77.0,45.0,78.0,8.0,35.0,19.0,28.0,33.0,11.0,37.0,6.0,57.0,83.0,65.0,31.0,75.0,43.0,0.0,25.0,43.0,9.0,15.0,71.0,30.0,0.0,21.0,56.0,90.0,44.0,35.0,15.0,0.0,22.0,0.0,25.0,40.0,26.0,27.0,76.0,30.0,34.0,47.0,37.0,38.36585365853659,90.88107273465536,279.0100507171093,85.86252850284446,184.19431582689586,636.1675091425875,2511.090456453984,17000.7806435632,2947.1090532303338,88.61047695892131,858.6917680406932,1568.523376238243,2278.338700974487,9168.296250213365,9722.764591716454,344094.8739147258,37688.13363614193,5773.786915597527,159.98699194537625,100168.51709819939,1620.8562587122033,90.73769142384853,263.62098100383287,80.1074132897759,200.62045136671458,635.1638399669398,2372.5888290344956,15861.267831375631,3209.927221867433,80.78947695892133,702.8223244325757,1583.9662205206732,2286.9640103942934,9113.549250213366,8509.895663943416,347184.2164267636,37984.43530744218,5519.7369305611255,158.77163427104296,100698.02416209065,1593.7406037669655
2024-11-01,,,,,,,,,,,,73506486.0,21072882.0,124113322.0,60923310.0,63297257.0,85258747.0,20875.0,41972340.0,192164.0,290289.0,21759307.0,18772021.0,569896.0,23262076.0,300.0,105226938.0,28223834.0,-141364.0,6010617.0,12875767.0,25395632.0,114939.0,-82485927.0,230465826.0,335545120.0,253059193.0,95441872.0,481.8,,2970.0,3434.2,6158.5,363.6,4529826.0,8892723.0,9404295.0,2722061.0,11.15,,,,,,,,,,,,0.0,0.0,0.0,7172.0,15.0,612.0,25.0,,302.0,450.0,214.0,271.0,0.0,0.0,1204.0,0.0,0.0,487.0,117.0,656.0,5460.0,0.0,167.0,0.0,4881.0,4750.0,0.0,65.0,0.0,23.0,187.0,0.0,97236.0,1491.0,0.0,0.0,75.0,356.0,117.0,12.0,130.0,,0.0,6.0,206.0,136.0,0.0,0.0,4126.0,1.0,0.0,275.0,0.0,0.0,50.0,0.0,11.0,0.0,107.0,521.0,143.0,883.0,3.0,35.0,109.0,0.0,1036.0,0.0,27948.0,0.0,0.0,0.0,0.0,0.0,0.0,,0.0,0.0,0.0,0.0,17293.0,216285.0,45510.0,54890.0,0.0,0.0,0.0,0.0,0.0,21524.0,0.0,0.0,0.0,41758.0,0.0,0.0,36130.0,0.0,0.0,0.0,334465.0,146.0,27948.0,0.0,75.0,7528.0,132.0,624.0,155.0,,302.0,456.0,420.0,407.0,17293.0,216285.0,50840.0,54891.0,0.0,762.0,117.0,656.0,5510.0,21524.0,178.0,0.0,4988.0,47029.0,143.0,948.0,36133.0,58.0,296.0,0.0,432737.0,1637.0,948849.0,126215.0,814292.0,8342.0,10434.12558954954,121.13,74.3452380952381,5929.916,43716.927,18961.4,,0.3588527875187862,,9.6322939135,219.29063,229.28177670101877,18.346087454376296,2.5476842105263158,31.191304750131575,634.351069,686.4361454150343,-19188670.0,272247863.0,26.0,19.0,0.0,0.0,12.0,75.0,49.0,15.0,75.0,26.0,47.0,44.0,16.0,24.0,17.0,6.0,31.0,78.0,39.0,38.0,39.0,39.0,52.0,35.0,62.0,60.0,68.0,81.0,47.0,82.0,12.0,44.0,71.0,17.0,36.0,44.0,42.0,63.0,23.0,34.0,72.0,45.0,93.0,40.0,42.0,18.0,26.0,37.0,10.0,26.0,8.0,59.0,74.0,53.0,23.0,80.0,48.0,0.0,15.0,33.0,7.0,12.0,52.0,21.0,0.0,0.0,60.0,79.0,44.0,32.0,26.0,62.0,17.0,9.0,30.0,100.0,48.0,32.0,63.0,36.0,31.0,54.0,36.13461538461539,39.08536585365854,95.58583463941727,251.6445380528801,84.19259032538073,200.91488286313808,669.1008424759209,2264.8008424759205,16670.132884425388,3214.638125810209,90.82423886368323,825.7417499403382,1578.2962945313893,2605.054482930138,9183.792583546698,9521.192461163268,345744.9776397187,43200.52024448237,5704.668173796859,158.08446147020402,101912.62073222776,1704.0249783942472,91.37922334909322,261.3493415375053,81.7226964647204,199.52461155937078,639.6545634436526,2352.144073837548,16181.09390001464,3192.3937849499325,84.08308013352449,752.924484926403,1582.5258981871232,2389.742072737482,9136.604472435587,8960.81510838786,347183.9667017707,39565.56561669986,5591.321580561444,158.49396822767244,101211.73797482351,1631.7943904568897
2024-12-01,,,,,,,,,,,,71433905.0,14207695.0,125700471.0,53200387.0,70208175.0,72880248.0,17010.0,36830318.0,971337.0,16259391.0,23186442.0,18866246.0,596966.0,20176515.0,300.0,111097982.0,-207837.0,-16995.0,1840980.0,12761509.0,19848720.0,242461.0,-38253777.0,212805424.0,291327766.0,253073989.0,99595136.0,469.5,,3008.0,3489.2,6250.6,363.8,4626451.0,8989337.0,9485830.0,2633027.0,11.79,,,,519763.0,226107.0,259326.0,7474.0,492907.0,629.0,2296.0,,0.0,0.0,0.0,10428.0,13.0,740.0,26.0,,281.0,481.0,198.0,329.0,0.0,0.0,1378.0,0.0,0.0,651.0,199.0,1084.0,8021.0,0.0,260.0,0.0,7372.0,5888.0,0.0,25.0,0.0,25.0,217.0,0.0,123054.0,1698.0,0.0,0.0,99.0,293.0,115.0,11.0,60.0,,0.0,12.0,160.0,190.0,0.0,0.0,5625.0,0.0,0.0,222.0,0.0,24.0,161.0,0.0,21.0,0.0,62.0,886.0,117.0,47.0,2.0,46.0,63.0,0.0,1131.0,46.0,30207.0,0.0,0.0,0.0,0.0,0.0,0.0,,0.0,0.0,0.0,0.0,41731.0,209560.0,52622.0,76220.0,0.0,0.0,0.0,0.0,0.0,35553.0,0.0,0.0,0.0,63559.0,0.0,0.0,68222.0,0.0,0.0,0.0,389057.0,0.0,30207.0,0.0,99.0,10721.0,128.0,751.0,86.0,,281.0,493.0,358.0,519.0,41731.0,209560.0,59625.0,76220.0,0.0,873.0,199.0,1108.0,8182.0,35553.0,281.0,0.0,7434.0,70333.0,117.0,72.0,68224.0,71.0,280.0,0.0,513242.0,1744.0,1151147.0,162779.0,978969.0,9399.0,11888.86056292057,114.24552743995916,73.8595,6010.908571428571,43655.57095238095,19734.56380952381,,1.4604871200954586,,16.1043699085,366.392066,383.95692302859544,3.5585428511265524,2.5294380952380955,33.07303719550001,525.573197,564.7342151418648,31954398.0,221119591.0,33.0,0.0,0.0,0.0,14.0,92.0,84.0,20.0,98.0,32.0,59.0,55.0,22.0,24.0,14.0,7.0,31.0,88.0,100.0,32.0,79.0,62.0,62.0,46.0,70.0,59.0,65.0,73.0,53.0,81.0,56.0,56.0,77.0,21.0,57.0,56.0,46.0,68.0,25.0,35.0,72.0,41.0,84.0,44.0,54.0,16.0,24.0,37.0,11.0,31.0,7.0,53.0,72.0,56.0,33.0,82.0,20.0,0.0,15.0,33.0,10.0,13.0,62.0,21.0,0.0,0.0,48.0,90.0,48.0,33.0,44.0,0.0,25.0,0.0,31.0,72.0,38.0,100.0,100.0,40.0,27.0,68.0,40.21153846153846,43.98780487804878,103.10885791130227,218.25738016764728,81.66298960855104,181.0765977825468,721.7620053791159,1964.3164215088257,16169.271942493106,2897.225564520749,90.12752457796893,882.2655458184709,1635.4309846910498,2662.95018985217,9178.9155835467,9934.928591716453,356677.7341619314,43556.983361134815,5438.143983475449,146.02645636751186,104837.14042458234,1734.7171918215013,96.53477890464877,250.39679759091507,83.66176984006341,188.9642512883487,675.7434523325414,2253.5711783182355,16565.030428332557,3023.428020613579,89.21968330812767,843.7154536440418,1590.2357381657619,2528.7406454189318,9172.56069465781,9682.9557944966,348267.2841999078,41694.56474725305,5629.443269899228,154.88939940599397,102204.34135907881,1687.7714412923651
2025-01-01,,,,,,,,,,,,,,,,,,,,,,,,,,,,,,,,,,,,,,,,,,,,,,,,2630230.0,,,,,,,,,,,,,0.0,0.0,0.0,5847.0,27.0,321.0,8.0,,291.0,315.0,98.0,228.0,0.0,0.0,1164.0,0.0,0.0,262.0,129.0,804.0,6729.0,0.0,131.0,0.0,6046.0,5732.0,0.0,17.0,0.0,51.0,191.0,0.0,103941.0,1723.0,0.0,0.0,126.0,106.0,67.0,5.0,52.0,,0.0,59.0,163.0,379.0,0.0,0.0,2951.0,2.0,0.0,107.0,0.0,14.0,97.0,1.0,19.0,0.0,49.0,111.0,143.0,800.0,7.0,122.0,49.0,0.0,604.0,0.0,27914.0,0.0,0.0,0.0,0.0,0.0,0.0,,0.0,0.0,0.0,0.0,42615.0,201568.0,59984.0,75047.0,0.0,0.0,0.0,0.0,0.0,36536.0,0.0,0.0,0.0,29851.0,0.0,0.0,60531.0,0.0,0.0,0.0,353707.0,0.0,27914.0,0.0,126.0,5953.0,94.0,326.0,60.0,,291.0,374.0,261.0,607.0,42615.0,201568.0,64099.0,75049.0,0.0,369.0,129.0,818.0,6826.0,36537.0,150.0,0.0,6095.0,35694.0,143.0,817.0,60538.0,173.0,240.0,0.0,458252.0,1723.0,1034270.0,134492.0,893745.0,6033.0,11092.1995459795,114.19592639584349,79.27045454545454,5979.5154999999995,43524.349,19565.044,,0.2361442768781708,,2.0997580715714284,65.009249,67.34515134844959,3.691729793592327,2.4708571428571426,20.25464500132381,506.231056,532.6482879377733,,,38.0,18.0,0.0,0.0,13.0,76.0,80.0,19.0,75.0,27.0,50.0,74.0,15.0,22.0,20.0,7.0,26.0,66.0,45.0,23.0,86.0,42.0,78.0,37.0,49.0,55.0,53.0,58.0,53.0,79.0,47.0,54.0,64.0,25.0,62.0,62.0,51.0,60.0,25.0,41.0,80.0,41.0,98.0,34.0,69.0,17.0,33.0,42.0,12.0,36.0,7.0,57.0,71.0,63.0,28.0,86.0,41.0,0.0,16.0,37.0,11.0,16.0,64.0,30.0,0.0,16.0,57.0,87.0,57.0,38.0,35.0,0.0,23.0,10.0,31.0,62.0,17.0,71.0,72.0,51.0,36.0,84.0,42.19230769230769,42.81707317073171,102.00885791130227,205.80984354877378,82.76510732604066,193.4134875002387,714.0620053791158,1852.288591938964,16387.491250556053,3094.615800003819,89.54252457796893,776.3279540622054,1612.9496434344012,2442.4724718078205,9174.8205835467,9171.446330610082,354695.85743421526,40314.27396947526,5512.114411969488,145.99932407158886,103339.09957946182,1660.1933973848304,100.40911999527711,225.11112415408292,82.713657033691,191.69170450294098,702.8638399669397,2026.0001173867463,16377.30409267082,3067.0672720470557,90.06458807003243,828.0550278575039,1610.33392679398,2575.1488815300427,9178.475027991142,9573.671306534428,352626.637677695,42437.096525030815,5543.30883051789,149.981401421498,103453.97013431284,1702.053280478573
2025-02-01,,,,,,,,,,,,,,,,,,,,,,,,,,,,,,,,,,,,,,,,,,,,,,,,,,,,,,,,,,,,,0.0,0.0,0.0,8675.0,18.0,425.0,57.0,,381.0,531.0,218.0,303.0,0.0,0.0,1655.0,0.0,0.0,370.0,163.0,1174.0,7916.0,0.0,150.0,0.0,7545.0,5758.0,0.0,32.0,0.0,31.0,92.0,0.0,113977.0,1687.0,0.0,0.0,82.0,195.0,129.0,13.0,275.0,,0.0,55.0,167.0,197.0,0.0,0.0,5671.0,5.0,0.0,323.0,0.0,2.0,103.0,2.0,11.0,0.0,81.0,205.0,254.0,1395.0,1.0,127.0,48.0,0.0,977.0,0.0,18333.0,0.0,0.0,0.0,0.0,0.0,0.0,,0.0,0.0,0.0,0.0,49068.0,170707.0,60011.0,64114.0,0.0,0.0,0.0,0.0,0.0,51342.0,0.0,0.0,0.0,31398.0,0.0,0.0,51008.0,0.0,0.0,0.0,351171.0,0.0,18333.0,0.0,82.0,8870.0,147.0,438.0,332.0,,381.0,586.0,385.0,500.0,49068.0,170707.0,67337.0,64119.0,0.0,693.0,163.0,1176.0,8019.0,51344.0,161.0,0.0,7626.0,37361.0,254.0,1427.0,51009.0,158.0,140.0,0.0,466125.0,1687.0,1016103.0,151653.0,854131.0,10319.0,12400.111035048962,,75.438,6038.69,44209.31,19547.281052631577,,,23.8294,2.6309162997000004,119.115776,145.5760922997,,2.508357894736842,22.9401336879,381.225082,406.67357358263683,,,38.0,26.0,0.0,0.0,14.0,69.0,66.0,23.0,77.0,24.0,48.0,67.0,18.0,25.0,19.0,7.0,33.0,55.0,43.0,20.0,44.0,44.0,68.0,37.0,70.0,58.0,55.0,70.0,56.0,78.0,20.0,51.0,69.0,23.0,65.0,56.0,55.0,60.0,28.0,36.0,75.0,49.0,97.0,30.0,62.0,18.0,32.0,39.0,12.0,37.0,8.0,46.0,83.0,72.0,29.0,100.0,25.0,0.0,15.0,39.0,12.0,16.0,83.0,32.0,0.0,17.0,54.0,90.0,84.0,42.0,46.0,60.0,37.0,9.0,27.0,49.0,26.0,56.0,85.0,49.0,32.0,74.0,41.11538461538461,43.451219512195124,101.18102834144061,255.44902592613806,98.19961754109536,175.58994112923244,708.2671983900841,2299.041233335243,19443.524273136878,2809.439058067719,93.26655000040918,1000.3416084828064,1691.8886470377017,2271.082655242012,9485.82285855381,12612.239705645643,409361.7514435229,40136.443777872606,6315.067940732481,157.6049032344766,117899.06444639874,1833.1222119455192,101.92815281658649,228.2959591998449,87.25438432361777,183.77957438419992,713.4970697161053,2054.6636327986043,17276.36809607632,2940.4731901471987,90.79459654417919,876.9789126643707,1638.6240034784084,2485.1372789314896,9278.56311966018,10488.876431546281,371271.7226372799,41630.09776578737,5746.250497184557,150.31451768106228,108167.31498856844,1741.982638090392
2025-03-01,,,,,,,,,,,,,,,,,,,,,,,,,,,,,,,,,,,,,,,,,,,,,,,,,,,,,,,,,,,,,0.0,0.0,0.0,14835.0,16.0,886.0,52.0,,506.0,698.0,346.0,423.0,0.0,0.0,1845.0,0.0,0.0,459.0,221.0,1459.0,11134.0,0.0,172.0,0.0,9743.0,7548.0,0.0,61.0,0.0,9.0,245.0,0.0,148197.0,1668.0,0.0,0.0,169.0,290.0,294.0,0.0,172.0,,0.0,53.0,334.0,185.0,0.0,0.0,9440.0,3.0,0.0,352.0,6.0,1.0,151.0,3.0,69.0,0.0,74.0,361.0,322.0,1198.0,5.0,303.0,45.0,0.0,990.0,6.0,37054.0,0.0,0.0,0.0,0.0,0.0,0.0,,0.0,0.0,0.0,0.0,54037.0,187784.0,67783.0,69900.0,0.0,0.0,0.0,0.0,0.0,29241.0,0.0,0.0,0.0,37014.0,0.0,0.0,63599.0,0.0,0.0,0.0,457334.0,0.0,37054.0,0.0,169.0,15125.0,310.0,886.0,224.0,,506.0,751.0,680.0,608.0,54037.0,187784.0,79068.0,69903.0,0.0,811.0,227.0,1460.0,11285.0,29244.0,241.0,0.0,9817.0,44923.0,322.0,1259.0,63604.0,312.0,290.0,0.0,606521.0,1674.0,1227232.0,201081.0,1011311.0,14840.0,12326.156880676746,,72.73285714285714,5683.983333333333,42092.12904761905,17828.02619047619,,,,8.978116830914285,261.266838,270.2449548309143,,5.165066666666666,76.79947235959999,472.782858,554.7473970262666,,,34.0,23.0,0.0,0.0,14.0,94.0,77.0,20.0,75.0,22.0,45.0,66.0,17.0,20.0,19.0,6.0,37.0,54.0,33.0,20.0,77.0,59.0,67.0,46.0,67.0,60.0,54.0,68.0,56.0,80.0,15.0,50.0,74.0,22.0,50.0,55.0,43.0,65.0,27.0,44.0,73.0,50.0,84.0,30.0,64.0,17.0,28.0,40.0,14.0,32.0,7.0,55.0,77.0,65.0,31.0,89.0,31.0,0.0,17.0,41.0,11.0,17.0,67.0,28.0,0.0,0.0,54.0,90.0,93.0,47.0,52.0,68.0,23.0,0.0,27.0,50.0,18.0,37.0,80.0,47.0,34.0,70.0,40.69230769230769,42.84146341463415,104.9056685103894,259.7151846476979,93.80488885097046,170.27157395851236,734.3396795727258,2337.4366618292815,18573.367992492153,2724.345183336198,93.13400076844513,1301.3218488053835,2570.066647007895,1337.9447600472101,9199.960916880033,15226.08383619883,620947.2742805752,29670.204975206252,6092.37237930759,157.17432899189254,168760.8810022151,1999.138094923906,103.09851825437742,242.0417763244143,91.38320313810503,178.73831644285508,721.689627780642,2178.375986919729,18093.874221344795,2859.8130630856813,91.91297749656012,1032.194803783465,1959.6047659291246,2046.2958406026862,9286.391786326847,12392.36895748485,461989.6308546246,37078.063593626786,5963.4382247827125,153.81545353993795,130186.61379801577,1838.5543051813988
2025-04-01,,,,,,,,,,,,,,,,,,,,,,,,,,,,,,,,,,,,,,,,,,,,,,,,,,,,,,,,,,,,,0.0,0.0,0.0,13763.0,16.0,763.0,89.0,,288.0,528.0,342.0,506.0,0.0,0.0,1473.0,0.0,0.0,652.0,270.0,992.0,9413.0,0.0,215.0,0.0,7171.0,6291.0,0.0,57.0,0.0,24.0,164.0,0.0,127825.0,1697.0,0.0,0.0,116.0,277.0,383.0,9.0,354.0,,0.0,122.0,200.0,141.0,0.0,0.0,7172.0,15.0,0.0,367.0,0.0,1.0,174.0,0.0,3.0,0.0,51.0,334.0,229.0,1514.0,2.0,217.0,252.0,0.0,1048.0,42.0,40759.0,0.0,0.0,0.0,0.0,0.0,0.0,,0.0,0.0,0.0,0.0,15969.0,197487.0,75015.0,42473.0,0.0,0.0,0.0,0.0,0.0,22789.0,0.0,0.0,0.0,27921.0,0.0,0.0,52467.0,0.0,92.0,0.0,400216.0,555.0,40759.0,0.0,116.0,14040.0,399.0,772.0,443.0,,288.0,650.0,542.0,647.0,15969.0,197487.0,83660.0,42488.0,0.0,1019.0,270.0,993.0,9587.0,22789.0,218.0,0.0,7222.0,34546.0,229.0,1571.0,52469.0,241.0,508.0,0.0,529089.0,2294.0,1098110.0,173042.0,912041.0,13027.0,12396.333007410169,,68.1345,5369.495714285715,39876.32761904762,16678.459523809524,,,,2.35311142205,221.265847,223.61895842205,,2.6288545454545456,23.44006160853182,466.645263,492.7141791539864,,,26.0,26.0,0.0,0.0,13.0,100.0,68.0,11.0,69.0,25.0,48.0,54.0,17.0,24.0,19.0,9.0,35.0,70.0,33.0,21.0,68.0,49.0,54.0,58.0,72.0,59.0,55.0,48.0,41.0,72.0,10.0,48.0,50.0,18.0,69.0,63.0,45.0,62.0,22.0,42.0,81.0,47.0,84.0,25.0,51.0,18.0,28.0,41.0,11.0,32.0,8.0,54.0,79.0,70.0,28.0,86.0,28.0,0.0,13.0,48.0,11.0,17.0,82.0,26.0,0.0,14.0,52.0,80.0,86.0,42.0,43.0,0.0,35.0,0.0,33.0,45.0,23.0,44.0,81.0,41.0,35.0,59.0,38.46153846153846,40.90243902439025,100.98421774235345,261.9373723418642,94.64611110035993,165.29028511444943,706.8895241964742,2357.436351076778,18739.929997871266,2644.644561831191,91.00502619088537,1196.2362175030999,2039.2160190074326,1762.1076710686696,9469.992191887144,13900.401025078234,498742.80411348183,34177.33877514936,6112.225108743927,155.71449657475677,139072.63402639914,1888.0829386809864,102.50141597583894,257.541472222399,95.82220515559676,169.9054547044987,717.5099118308725,2317.8732500015913,18972.79662080816,2718.4872752719793,92.71984311356404,1167.5380951614125,2085.7430982623437,1827.3869695229696,9387.017877995884,13895.392676936408,505802.3304060207,35158.488862184815,6181.666764478151,156.44263701458334,141060.80745578444,1909.224462954599
2025-05-01,,,,,,,,,,,,,,,,,,,,,,,,,,,,,,,,,,,,,,,,,,,,,,,,,,,,,,,,,,,,,0.0,0.0,0.0,12398.0,25.0,965.0,223.0,,431.0,609.0,221.0,400.0,0.0,0.0,1728.0,0.0,0.0,633.0,272.0,922.0,7807.0,0.0,179.0,0.0,5956.0,5889.0,0.0,54.0,0.0,27.0,261.0,0.0,111808.0,1740.0,0.0,0.0,288.0,279.0,725.0,6.0,1461.0,,0.0,23.0,286.0,205.0,0.0,0.0,13202.0,4.0,0.0,723.0,0.0,0.0,97.0,0.0,3.0,0.0,33.0,652.0,565.0,3303.0,3.0,116.0,46.0,0.0,851.0,38.0,24522.0,0.0,0.0,0.0,0.0,0.0,0.0,,0.0,0.0,0.0,0.0,39966.0,156876.0,45447.0,47847.0,0.0,0.0,0.0,0.0,0.0,15900.0,0.0,0.0,0.0,19712.0,0.0,0.0,36207.0,0.0,131.0,0.0,362176.0,0.0,24522.0,0.0,288.0,12677.0,750.0,971.0,1684.0,,431.0,632.0,507.0,605.0,39966.0,156876.0,60377.0,47851.0,0.0,1356.0,272.0,922.0,7904.0,15900.0,182.0,0.0,5989.0,26253.0,565.0,3357.0,36210.0,143.0,438.0,0.0,474835.0,1778.0,944340.0,153087.0,768343.0,22910.0,12986.141778975723,,64.453,5810.9195238095235,41864.24571428572,18642.368095238093,,,,45.12546857873333,241.853792,286.9792605787333,,2.6716190476190476,31.76787815713333,489.206545,523.6460422047523,,,31.0,28.0,0.0,0.0,17.0,94.0,64.0,13.0,73.0,26.0,47.0,51.0,18.0,21.0,20.0,8.0,35.0,58.0,40.0,21.0,80.0,41.0,60.0,34.0,66.0,28.0,54.0,51.0,62.0,78.0,11.0,53.0,54.0,20.0,92.0,59.0,43.0,66.0,25.0,38.0,68.0,41.0,91.0,23.0,48.0,18.0,31.0,35.0,16.0,42.0,8.0,63.0,84.0,66.0,30.0,86.0,39.0,0.0,19.0,39.0,8.0,19.0,89.0,0.0,61.0,17.0,62.0,82.0,62.0,45.0,36.0,0.0,43.0,0.0,31.0,46.0,35.0,36.0,75.0,38.0,40.0,63.0,40.53846153846154,41.646341463414636,103.35328755800846,264.25775997626255,93.2881634518192,175.30702946924194,723.4730129060591,2378.319839786363,18471.0563634602,2804.912471507871,93.47214362558798,1470.3262364397817,2489.1634320002895,1485.9605507730091,9202.327916880033,16462.18922785838,603123.8550944191,31658.545497418996,6094.440421915124,159.05156011383303,165111.72943414413,2042.12239502296,103.40486746072662,260.7561177221782,93.97509228948209,169.32492504498506,723.8340722250864,2346.805059499604,18607.068273317458,2709.198800719761,92.69508860767124,1321.722971147071,2371.2109142275726,1554.2352715839295,9291.866564104626,15156.419184340655,575083.673646154,32181.072836293653,6096.726551440477,156.865250629343,157928.25805772323,1981.8090339192265
2025-06-01,,,,,,,,,,,,,,,,,,,,,,,,,,,,,,,,,,,,,,,,,,,,,,,,,,,,,,,,,,,,,0.0,0.0,0.0,12524.0,25.0,1222.0,53.0,,191.0,678.0,233.0,483.0,0.0,0.0,1326.0,0.0,0.0,406.0,199.0,941.0,8332.0,0.0,104.0,0.0,7261.0,5765.0,0.0,51.0,0.0,31.0,215.0,0.0,123784.0,1203.0,0.0,0.0,350.0,193.0,1210.0,2.0,1176.0,,0.0,1.0,206.0,247.0,0.0,0.0,12659.0,0.0,0.0,519.0,0.0,0.0,114.0,0.0,11.0,0.0,47.0,994.0,549.0,4033.0,1.0,37.0,29.0,0.0,791.0,19.0,31505.0,0.0,0.0,0.0,0.0,0.0,0.0,,0.0,0.0,0.0,0.0,35590.0,188896.0,60833.0,55977.0,0.0,0.0,0.0,0.0,0.0,18512.0,0.0,0.0,0.0,18865.0,0.0,0.0,41656.0,0.0,0.0,0.0,386127.0,0.0,31505.0,0.0,350.0,12717.0,1235.0,1224.0,1229.0,,191.0,679.0,439.0,730.0,35590.0,188896.0,74818.0,55977.0,0.0,925.0,199.0,941.0,8446.0,18512.0,115.0,0.0,7308.0,25624.0,549.0,4084.0,41657.0,68.0,244.0,0.0,510702.0,1222.0,1029047.0,165415.0,840440.0,23192.0,13368.060210764408,,71.4447619047619,6029.9515,42752.938,19673.3005,,,,3.7757952211649997,245.123216,248.899011221165,,4.073189999999999,89.12043281445,393.914705,487.10832781445004,,,29.0,23.0,0.0,0.0,14.0,82.0,68.0,24.0,72.0,29.0,50.0,59.0,17.0,26.0,17.0,9.0,38.0,54.0,36.0,19.0,72.0,47.0,58.0,38.0,55.0,25.0,49.0,45.0,81.0,69.0,10.0,46.0,57.0,19.0,83.0,42.0,47.0,57.0,29.0,34.0,66.0,36.0,80.0,11.0,54.0,16.0,27.0,37.0,11.0,36.0,8.0,55.0,68.0,55.0,25.0,80.0,22.0,0.0,16.0,52.0,9.0,19.0,63.0,19.0,79.0,0.0,52.0,77.0,67.0,39.0,33.0,0.0,26.0,7.0,27.0,50.0,20.0,24.0,60.0,40.0,100.0,65.0,39.51923076923077,39.75609756097561,100.88185898657987,258.3985007170033,94.82716980567729,189.7088270834527,706.1730129060593,2325.5865064530294,18775.779621524103,3035.341233335243,95.94238172082608,1332.1257894863563,2542.9897030956586,1243.2067650538868,9219.6195835467,14648.517011177491,618245.4242917527,25969.90231126284,6210.720093554609,160.95408914817827,167020.86579943492,1922.5680113670621,101.64296269882188,261.9196922144158,94.33960903579761,176.44058565204276,711.5007388917531,2357.277229929742,18679.242589087924,2823.049370432684,93.34477114735378,1314.3674825170351,2369.6286983302493,1477.137572177555,9296.414341882402,14868.604377853642,575530.219157284,30345.982107574942,6142.767482085525,158.5857124002695,157510.30499614874,1945.8671262719777
2025-07-01,,,,,,,,,,,,,,,,,,,,,,,,,,,,,,,,,,,,,,,,,,,,,,,,,,,,,,,,,,,,,0.0,0.0,0.0,11129.0,37.0,1239.0,54.0,,241.0,591.0,190.0,623.0,0.0,0.0,1713.0,0.0,0.0,576.0,124.0,884.0,7533.0,0.0,117.0,0.0,7539.0,6433.0,0.0,51.0,0.0,12.0,122.0,0.0,130072.0,1480.0,0.0,0.0,325.0,278.0,1008.0,3.0,1033.0,,3.0,5.0,203.0,163.0,0.0,0.0,12248.0,3.0,0.0,541.0,0.0,0.0,29.0,0.0,0.0,0.0,31.0,529.0,371.0,3543.0,1.0,54.0,18.0,0.0,722.0,0.0,36818.0,0.0,0.0,0.0,0.0,0.0,0.0,,0.0,0.0,0.0,0.0,27057.0,168827.0,52422.0,57436.0,0.0,0.0,0.0,0.0,0.0,29966.0,0.0,0.0,0.0,16529.0,0.0,0.0,31523.0,0.0,0.0,0.0,365339.0,0.0,36818.0,0.0,325.0,11407.0,1045.0,1242.0,1087.0,,244.0,596.0,393.0,786.0,27057.0,168827.0,66383.0,57439.0,0.0,1117.0,124.0,884.0,7562.0,29966.0,117.0,0.0,7570.0,23491.0,371.0,3594.0,31524.0,66.0,140.0,0.0,496133.0,1480.0,1022016.0,171034.0,829856.0,21126.0,12238.920077741146,,71.04130434782608,6296.498181818181,44499.74090909091,20784.895454545454,,,,4.762515443781819,103.847888,108.61040344378182,,4.046631818181818,61.74361512242727,386.757675,452.5479219406091,,,30.0,24.0,0.0,0.0,15.0,85.0,76.0,22.0,73.0,23.0,46.0,66.0,15.0,19.0,17.0,7.0,30.0,63.0,31.0,26.0,67.0,52.0,66.0,47.0,56.0,31.0,61.0,45.0,62.0,74.0,15.0,45.0,68.0,21.0,78.0,46.0,52.0,79.0,27.0,37.0,75.0,46.0,84.0,23.0,64.0,15.0,28.0,36.0,11.0,31.0,6.0,57.0,78.0,66.0,32.0,85.0,28.0,0.0,11.0,45.0,9.0,14.0,51.0,24.0,84.0,17.0,57.0,90.0,67.0,44.0,37.0,87.0,23.0,0.0,26.0,50.0,29.0,35.0,68.0,39.0,50.0,69.0,40.69230769230769,42.53658536585366,109.94057434757178,299.19425454013685,99.88727552414956,234.12142419360995,769.5840204330026,2692.748290861231,19777.68055378161,3745.9427870977593,132.89857219701653,1386.175677538918,2633.7906915256526,1630.8424090054841,9478.312916880033,14945.009938950529,633089.744933341,31412.248355688313,6746.488913043401,185.78588215136705,172231.32903621497,2043.8224596835346,105.00619267833909,272.37362853459103,95.96225202301197,197.0267615032587,735.0433487483737,2451.362656811319,19000.52590055637,3152.4281840521394,107.12639759384196,1359.7094937476113,2574.034609008727,1403.684648409633,9297.90769465781,15023.407725995468,621131.4032185231,29107.41663905484,6334.840022542051,167.5922086848002,168640.03381955784,1988.4452204605586
2025-08-01,,,,,,,,,,,,,,,,,,,,,,,,,,,,,,,,,,,,,,,,,,,,,,,,,,,,,,,,,,,,,0.0,0.0,0.0,4699.0,12.0,725.0,63.0,,123.0,551.0,139.0,396.0,0.0,0.0,915.0,0.0,0.0,390.0,43.0,147.0,3156.0,0.0,50.0,0.0,3893.0,5495.0,0.0,30.0,0.0,26.0,97.0,0.0,94509.0,480.0,0.0,0.0,71.0,0.0,136.0,18.0,510.0,,0.0,117.0,80.0,112.0,0.0,0.0,9662.0,8.0,0.0,447.0,0.0,0.0,12.0,0.0,0.0,0.0,17.0,320.0,173.0,1932.0,0.0,7.0,15.0,0.0,435.0,8.0,41902.0,0.0,0.0,0.0,0.0,0.0,0.0,,0.0,0.0,0.0,0.0,27084.0,219394.0,53048.0,62356.0,0.0,0.0,0.0,0.0,0.0,9977.0,0.0,0.0,0.0,8010.0,0.0,0.0,39332.0,0.0,0.0,0.0,272325.0,0.0,41902.0,0.0,71.0,4699.0,148.0,743.0,573.0,,123.0,668.0,219.0,508.0,27084.0,219394.0,63625.0,62364.0,0.0,837.0,43.0,147.0,3168.0,9977.0,50.0,0.0,3910.0,13825.0,173.0,1962.0,39332.0,33.0,112.0,0.0,367269.0,488.0,1034348.0,116269.0,903971.0,14108.0,11453.99391490221,,67.87,6408.949523809524,44764.850952380955,21383.586666666666,,,,3.6479895428571427,127.164965,130.81295454285714,,2.691152380952381,1668.7949698797145,471.78974,2143.275862260667,,,23.0,20.0,0.0,0.0,18.0,76.0,68.0,21.0,75.0,27.0,49.0,50.0,17.0,23.0,17.0,7.0,33.0,71.0,41.0,28.0,70.0,51.0,86.0,33.0,55.0,31.0,63.0,63.0,82.0,79.0,12.0,47.0,68.0,26.0,86.0,44.0,57.0,81.0,31.0,45.0,76.0,42.0,89.0,18.0,76.0,17.0,27.0,50.0,15.0,35.0,7.0,69.0,81.0,70.0,28.0,92.0,31.0,0.0,11.0,31.0,7.0,12.0,85.0,0.0,0.0,0.0,55.0,99.0,61.0,40.0,26.0,0.0,34.0,9.0,30.0,47.0,25.0,40.0,66.0,53.0,44.0,54.0,40.53846153846154,41.78048780487805,117.79059654417918,298.087458662004,92.06993859572367,219.67526629709116,824.5341758092543,2682.7871279580363,18229.847841953284,3514.8042607534585,96.30623886368322,1233.4803673239019,2599.075281383911,1618.9651308133048,9222.1665835467,14615.510502865496,625171.3353694263,32456.926325163582,6312.993351618508,181.9058150247495,170366.48469525052,2031.8467156361492,109.30116868960235,285.1643865393597,95.38393527126304,213.49465894945166,765.1081808272164,2566.4794788542376,18886.019183710083,3415.9145431912266,108.18381029225465,1337.0956665871174,2583.704153800732,1497.3581053316645,9305.3095835467,14819.883281551021,622539.4235814735,30036.323755707283,6408.38034664569,175.8360373624192,169175.2350505696,1999.3480940313063
2025-09-01,,,,,,,,,,,,,,,,,,,,,,,,,,,,,,,,,,,,,,,,,,,,,,,,,,,,,,,,,,,,,0.0,0.0,0.0,850.0,0.0,205.0,47.0,,32.0,215.0,49.0,173.0,0.0,0.0,608.0,0.0,0.0,208.0,30.0,75.0,306.0,0.0,72.0,0.0,1306.0,2522.0,0.0,49.0,0.0,22.0,26.0,0.0,45571.0,4.0,0.0,0.0,0.0,10.0,0.0,5.0,74.0,,0.0,112.0,15.0,40.0,0.0,0.0,2811.0,3.0,0.0,161.0,0.0,0.0,1.0,0.0,2.0,0.0,24.0,163.0,14.0,338.0,15.0,17.0,79.0,0.0,181.0,0.0,29199.0,0.0,0.0,0.0,0.0,0.0,0.0,,0.0,0.0,0.0,0.0,0.0,171098.0,25715.0,44789.0,0.0,0.0,0.0,0.0,0.0,9956.0,0.0,0.0,0.0,2543.0,0.0,0.0,27472.0,0.0,0.0,0.0,220602.0,0.0,29199.0,0.0,0.0,860.0,0.0,210.0,121.0,,32.0,327.0,64.0,213.0,0.0,171098.0,29134.0,44792.0,0.0,369.0,30.0,75.0,307.0,9956.0,74.0,0.0,1330.0,5228.0,14.0,387.0,27487.0,39.0,105.0,0.0,266354.0,4.0,710535.0,52641.0,653808.0,4086.0,11358.881961226463,,67.98545454545454,6584.018095238095,45908.10238095238,22188.588095238094,,,,0.8811031987999999,217.494803,218.37590619879998,,2.7012761904761904,52.55098514587142,569.381105,624.6333663363476,,,20.0,25.0,0.0,0.0,17.0,91.0,55.0,20.0,79.0,25.0,53.0,44.0,17.0,23.0,19.0,7.0,30.0,73.0,42.0,22.0,63.0,60.0,74.0,47.0,42.0,30.0,62.0,67.0,73.0,78.0,9.0,46.0,67.0,22.0,100.0,40.0,58.0,82.0,28.0,40.0,80.0,46.0,92.0,18.0,65.0,19.0,28.0,42.0,15.0,38.0,6.0,60.0,80.0,65.0,36.0,73.0,39.0,0.0,22.0,29.0,13.0,13.0,56.0,25.0,0.0,0.0,60.0,100.0,42.0,43.0,14.0,60.0,22.0,0.0,27.0,45.0,30.0,45.0,55.0,43.0,39.0,48.0,38.94230769230769,41.25609756097561,118.65250130608392,265.18993930715845,93.44055756770383,185.83770803099677,830.5675091425875,2386.7094537644266,18501.230398405358,2973.4033284959482,102.16600076844513,1338.713366487575,2657.227727777961,1519.8247669356226,9263.184916880035,15372.65143063853,638015.2122083482,31155.61460017069,6172.97767245208,165.78017655298575,173451.66578900936,2050.227369058226,114.67392247864338,287.43540296706067,95.83627678134397,212.54223810491186,802.7174573505037,2586.918626703546,18975.582802706107,3400.6758096785898,110.37920711765148,1303.2614087217366,2630.28594356124,1589.28748743292,9320.677361324477,14831.968401929296,631351.0464805373,31570.512557560716,6441.473674109687,177.62196008298997,171768.55120033794,2035.330127543618
2025-10-01,,,,,,,,,,,,,,,,,,,,,,,,,,,,,,,,,,,,,,,,,,,,,,,,,,,,,,,,,,,,,0.0,0.0,0.0,3380.0,0.0,348.0,11.0,,161.0,332.0,77.0,340.0,0.0,0.0,626.0,0.0,0.0,291.0,53.0,177.0,1723.0,0.0,109.0,0.0,2117.0,4010.0,0.0,17.0,0.0,10.0,17.0,0.0,67988.0,463.0,0.0,0.0,15.0,43.0,28.0,6.0,39.0,,2.0,109.0,30.0,34.0,0.0,0.0,2205.0,3.0,0.0,109.0,0.0,0.0,15.0,0.0,0.0,0.0,14.0,181.0,25.0,165.0,0.0,2.0,22.0,0.0,342.0,0.0,36328.0,0.0,0.0,0.0,0.0,0.0,0.0,,0.0,0.0,0.0,0.0,3631.0,210878.0,32424.0,62717.0,0.0,0.0,0.0,0.0,0.0,11776.0,0.0,0.0,0.0,10008.0,0.0,0.0,43654.0,0.0,0.0,0.0,250914.0,0.0,36328.0,0.0,15.0,3423.0,28.0,354.0,50.0,,163.0,441.0,107.0,374.0,3631.0,210878.0,35255.0,62720.0,0.0,400.0,53.0,177.0,1738.0,11776.0,109.0,0.0,2131.0,14199.0,25.0,182.0,43654.0,12.0,39.0,0.0,319244.0,463.0,869002.0,82545.0,783037.0,3420.0,11969.108872413635,,64.54347826086956,6735.691739130435,46709.672173913044,23003.125652173912,,,,1.5646161838545456,214.30898,215.87359618385454,,2.6713909090909094,37.983427682327275,420.100193,460.75501159141817,,,21.0,11.0,1.0,,13.0,94.0,67.0,7.0,70.0,27.0,52.0,50.0,16.0,24.0,17.0,3.0,40.0,62.0,33.0,23.0,82.0,44.0,60.0,41.0,70.0,14.0,62.0,58.0,62.0,83.0,12.0,44.0,67.0,19.0,67.0,37.0,49.0,74.0,28.0,39.0,94.0,46.0,93.0,22.0,55.0,17.0,30.0,45.0,12.0,45.0,7.0,64.0,84.0,64.0,34.0,78.0,18.0,1.0,9.0,13.0,4.0,10.0,30.0,12.0,20.0,4.0,47.0,92.0,48.0,41.0,13.0,23.0,27.0,3.0,24.0,40.0,29.0,18.0,67.0,36.0,36.0,48.0,37.21568627450981,38.839506172839506,,,,,,,,,,,,,,,,,,,,,,,,,,,,,,,,,,,,,,,,
2025-11-01,,,,,,,,,,,,,,,,,,,,,,,,,,,,,,,,,,,,,,,,,,,,,,,,,,,,,,,,,,,,,,,,,,,,,,,,,,,,,,,,,,,,,,,,,,,,,,,,,,,,,,,,,,,,,,,,,,,,,,,,,,,,,,,,,,,,,,,,,,,,,,,,,,,,,,,,,,,,,,,,,,,,,,,,,,,,,,,,,,,,,,,,,,,,,,,,,,,,,,,,,12403.084010958672,,63.797000000000004,6740.885789473684,47016.374210526315,23023.62263157895,,,,4.5427387331222215,,4.5427387331222215,,3.94165,73.24057509798888,,77.18222509798888,,,,,,,,,,,,,,,,,,,,,,,,,,,,,,,,,,,,,,,,,,,,,,,,,,,,,,,,,,,,,,,,,,,,,,,,,,,,,,,,,,,,,,,,,,,,,,,,,,,,,,,,,,,,,,,,,,,,,,,,,,,,,,
2025-12-01,,,,,,,,,,,,,,,,,,,,,,,,,,,,,,,,,,,,,,,,,,,,,,,,,,,,,,,,,,,,,,,,,,,,,,,,,,,,,,,,,,,,,,,,,,,,,,,,,,,,,,,,,,,,,,,,,,,,,,,,,,,,,,,,,,,,,,,,,,,,,,,,,,,,,,,,,,,,,,,,,,,,,,,,,,,,,,,,,,,,,,,,,,,,,,,,,,,,,,,,,10302.98499272585,,62.54428571428572,6853.0254545454545,48118.86681818182,23377.327272727274,,,,,,,,,,,,,,,,,,,,,,,,,,,,,,,,,,,,,,,,,,,,,,,,,,,,,,,,,,,,,,,,,,,,,,,,,,,,,,,,,,,,,,,,,,,,,,,,,,,,,,,,,,,,,,,,,,,,,,,,,,,,,,,,,,,,,,,,,
2026-01-01,,,,,,,,,,,,,,,,,,,,,,,,,,,,,,,,,,,,,,,,,,,,,,,,,,,,,,,,,,,,,,,,,,,,,,,,,,,,,,,,,,,,,,,,,,,,,,,,,,,,,,,,,,,,,,,,,,,,,,,,,,,,,,,,,,,,,,,,,,,,,,,,,,,,,,,,,,,,,,,,,,,,,,,,,,,,,,,,,,,,,,,,,,,,,,,,,,,,,,,,,,,63.144285714285715,6933.281818181818,49211.045454545456,23534.10818181818,,,,,,,,,,,,,,,,,,,,,,,,,,,,,,,,,,,,,,,,,,,,,,,,,,,,,,,,,,,,,,,,,,,,,,,,,,,,,,,,,,,,,,,,,,,,,,,,,,,,,,,,,,,,,,,,,,,,,,,,,,,,,,,,,,,,,,,,,
